ZipCode,Beds,1982,1983,1984,1985,1986,1987,1988,1989,1990,1991,1992,1993,1994,1995,1996,1997,1998,1999,2000,2001,2002,2003,2004,2005,2006,2007,2008,2009,2010,2011,2012,2013,2014,2015,2016,2017,2018,2019,2020,2021,2022
90055,5~,,,,,,,,,,,,,,,,,,,,,,,,,,,,,38000.0,,,,,,,,,,,,
90333,3~4,,,,,,,,,,,,,,,,,,,,,,,,,,,,,,,,,,,,,,,1675000.0,,
90838,3~4,,,,,,,,,,,,,,,,,,,,,,,,,,,,,,,,,,,,,,,809900.0,,
90855,3~4,,,,,,,,,,,,,,,,,,,,,,,,294950.0,,,,,,,,,,,,,,,,,
95055,3~4,,,,,,,,,,,,,,,,,,,,,,,,274950.0,,,,,,,,,,,,,,,,,
95059,3~4,,,,,,,,,,,,,,,,,,,,,,,,,,,,,,,,,,,,,,763000.0,,,
95125,5~,,,,,,,,,,,,,,,,,,,,,,,,715000.0,,,,,,,,750000.0,,,,,,,,,
98000,3~4,,,,,,,211000.0,,,124999.0,409000.0,364950.0,369950.0,533000.0,401250.0,394950.0,585000.0,447475.0,520000.0,,,,665000.0,477250.0,,377475.0,,675000.0,599950.0,663700.0,384000.0,555000.0,753000.5,606000.0,831000.0,,1245273.0,,,2200000.0,
98000,5~,,,,,,189000.0,,,,,,,,,585000.0,,,,,,,,,1410000.0,,,,1100000.0,,,,,,715000.0,,,,,1750000.0,,
98001,0~2,55000.0,29750.0,60475.0,69500.0,57500.0,56900.0,56000.0,60000.0,60000.0,140226.0,80500.0,105000.0,105000.0,103725.0,112725.0,108600.0,110000.0,118800.0,139950.0,142950.0,138000.0,161000.0,166000.0,187225.0,242850.0,256000.0,200000.0,172500.0,185000.0,166500.0,142000.0,149950.0,175750.0,163500.0,225000.0,244800.0,277500.0,288000.0,301000.0,422750.0,475000.0
98001,3~4,69950.0,72990.0,71000.0,75470.0,77000.0,79000.0,95000.0,105000.0,117697.5,119077.0,118000.0,125000.0,125890.0,129950.0,134500.0,140000.0,147000.0,159500.0,176500.0,197000.0,195500.0,207250.0,239450.0,272975.0,314000.0,327500.0,283834.0,240000.0,235000.0,200000.0,204000.0,226500.0,237000.0,279000.0,297500.0,337000.0,380000.0,385000.0,430000.0,530000.0,600000.0
98001,5~,,52970.0,80995.0,88500.0,91325.0,111020.0,115462.5,93500.0,161450.0,118000.0,126500.0,119000.0,132950.0,123250.0,144950.0,147375.0,174900.0,189000.0,187950.0,219450.0,279950.0,288950.0,253475.0,329000.0,395950.0,425250.0,320000.0,355000.0,346450.0,228000.0,265000.0,273475.0,267500.0,310000.0,350000.0,415000.0,451500.0,471000.0,500000.0,655000.0,710000.0
98002,0~2,56475.0,49000.0,46475.0,45000.0,54600.0,53950.0,57450.0,57000.0,75000.0,79900.0,82750.0,82250.0,85000.0,83000.0,94000.0,92375.0,97950.0,115750.0,124500.0,131000.0,139500.0,145000.0,160200.0,183500.0,216000.0,237000.0,210000.0,159000.0,152000.0,96358.0,106000.0,142950.0,152000.0,166000.0,209500.0,200000.0,259000.0,280000.0,317500.0,356500.0,435500.0
98002,3~4,59300.0,63510.0,66000.0,65000.0,63000.0,70000.0,70250.0,80350.0,94500.0,110750.0,108500.0,105250.0,110500.0,114900.0,120000.0,126000.0,136000.0,148000.0,153450.0,165000.0,174950.0,176500.0,190000.0,232000.0,259950.0,267000.0,275000.0,227500.0,193550.0,163800.0,162000.0,184204.0,200000.0,224950.0,270000.0,300000.0,325000.0,339900.0,385000.0,455000.0,480000.0
98002,5~,76000.0,,53000.0,75250.0,71500.0,92500.0,79250.0,98000.0,122360.0,114975.0,121975.0,135950.0,140000.0,109500.0,134500.0,160250.0,153000.0,152000.0,172200.0,175500.0,219950.0,221000.0,212500.0,269950.0,299950.0,275000.0,277000.0,180000.0,250000.0,173000.0,164700.0,199950.0,230000.0,246000.0,303450.0,340000.0,319475.0,386000.0,469500.0,530000.0,557000.0
98003,0~2,61425.0,53000.0,72600.0,62950.0,75850.0,60400.0,73500.0,73500.0,92300.0,95500.0,113250.0,105000.0,107000.0,109950.0,113000.0,116875.0,129250.0,135000.0,135000.0,154000.0,163500.0,168475.0,185450.0,199500.0,245000.0,276250.0,225000.0,168150.0,158450.0,161500.0,141864.0,172000.0,189000.0,221950.0,195000.0,258500.0,292000.0,287875.0,347500.0,382500.0,451000.0
98003,3~4,68000.0,68850.0,74750.0,80032.5,77500.0,84500.0,91575.0,100575.0,116000.0,125000.0,132500.0,132500.0,139950.0,141950.0,145000.0,146000.0,156175.0,168500.0,180000.0,185500.0,199725.0,214500.0,230000.0,263475.0,300000.0,310000.0,288500.0,242500.0,225000.0,194950.0,188000.0,220281.0,240000.0,267000.0,293075.0,340000.0,364725.0,395250.0,436000.0,529500.0,560000.0
98003,5~,109750.0,,127500.0,134000.0,161250.0,98975.0,87750.0,117500.0,125394.0,132500.0,136750.0,125975.0,147000.0,138250.0,147250.0,155000.0,149975.0,194750.0,189888.0,199250.0,210000.0,229200.0,259950.0,291500.0,350000.0,334225.0,334000.0,279000.0,318500.0,199007.0,230000.0,250000.0,278000.0,305000.0,329975.0,401000.0,455000.0,465000.0,599995.0,610000.0,755000.0
98004,0~2,,74500.0,125000.0,112250.0,86500.0,89985.0,72750.0,227000.0,153750.0,278000.0,250000.0,162000.0,193475.0,189250.0,265000.0,334800.0,221400.0,295000.0,484500.0,289500.0,300000.0,487000.0,374875.0,500000.0,840000.0,690000.0,1241500.0,1480000.0,622000.0,588000.0,662000.0,600000.0,1065000.0,1625000.0,1533000.0,1156000.0,1187000.0,1325000.0,1733250.0,1800000.0,7000000.0
98004,3~4,93500.0,113250.0,109781.0,159000.0,126500.0,148187.5,200000.0,186250.0,335000.0,227500.0,242500.0,258000.0,255000.0,280000.0,300500.0,375475.0,387000.0,436250.0,467500.0,549990.0,477500.0,562500.0,649975.0,840000.0,1100000.0,1219000.0,1120000.0,886636.0,857750.0,747500.0,950000.0,993000.0,1145000.0,1420000.0,1600500.0,1675000.0,2144500.0,1948000.0,2000000.0,2500000.0,2867500.0
98004,5~,147500.0,195750.0,181000.0,130000.0,212500.0,140500.0,145000.0,310000.0,614500.0,188000.0,334300.0,350000.0,374500.0,450000.0,452500.0,426250.0,548075.0,709975.0,599000.0,912000.0,699800.0,790000.0,895000.0,1100000.0,1260000.0,1600000.0,1525000.0,1260000.0,1083717.0,1050000.0,1128000.0,1500000.0,1633500.0,2000000.0,2390000.0,2672951.0,2999919.0,2931000.0,3010000.0,3900000.0,4800000.0
98005,0~2,,,84400.0,120000.0,73475.0,120000.0,126000.0,120000.0,,190000.0,184000.0,150000.0,188250.0,198250.0,214000.0,210000.0,245000.0,235000.0,275000.0,261500.0,226585.0,288975.0,306500.0,355000.0,469500.0,660000.0,491500.0,362500.0,329050.0,,597500.0,407000.0,,580000.0,639940.0,720000.0,1165000.0,1493000.0,905000.0,1145000.0,
98005,3~4,98500.0,129631.0,113500.0,120000.0,129000.0,128425.0,135000.0,155250.0,221000.0,209750.0,189000.0,216500.0,204000.0,243500.0,228000.0,267000.0,315000.0,345000.0,384546.0,375000.0,385950.0,420000.0,460000.0,560000.0,655750.0,730000.0,630000.0,565000.0,575000.0,538637.5,585000.0,706000.0,722000.0,800500.0,918000.0,1080000.0,1205000.0,1290000.0,1400000.0,1700000.0,2150000.0
98005,5~,88000.0,135000.0,146837.5,140000.0,171200.0,120500.0,150750.0,225000.0,232500.0,370000.0,219000.0,223000.0,215000.0,345950.0,248500.0,287550.0,395000.0,420000.0,470000.0,407500.0,495000.0,503475.0,550000.0,660000.0,745000.0,1000000.0,875000.0,637500.0,525000.0,650000.0,776000.0,711000.0,937500.0,900000.0,987500.0,1155000.0,1442500.0,1450000.0,1492500.0,2450000.0,2550000.0
98006,0~2,,63000.0,87500.0,65000.0,130750.0,117500.0,87950.0,117000.0,182000.0,149500.0,157750.0,172400.0,167000.0,220000.0,200000.0,186000.0,254400.0,199500.0,371790.0,277500.0,255000.0,260000.0,470000.0,410250.0,580000.0,488500.0,540000.0,379500.0,425000.0,730500.0,449000.0,400000.0,605625.0,471250.0,572500.0,731250.0,950000.0,822450.0,1456642.0,1800000.0,1000000.0
98006,3~4,125000.0,123000.0,122147.0,127800.0,125000.0,139500.0,147000.0,177500.0,244750.0,217450.0,215000.0,220000.0,244500.0,246000.0,256000.0,275000.0,317750.0,350000.0,379995.0,410000.0,393800.0,399950.0,450000.0,531770.0,620000.0,658500.0,627250.0,548000.0,590000.0,545000.0,580000.0,625250.0,678000.0,739500.0,821000.0,1020292.5,1050000.0,1007500.0,1080000.0,1400000.0,1600000.0
98006,5~,141500.0,132950.0,155000.0,116000.0,122500.0,145000.0,147900.0,195500.0,275000.0,281000.0,235000.0,263750.0,280000.0,237000.0,255000.0,359000.0,392500.0,472000.0,536475.0,499950.0,510000.0,539975.0,565000.0,678655.5,759225.0,707500.0,690000.0,653000.0,662000.0,657000.0,680000.0,760000.0,867209.0,865000.0,936500.0,1190000.0,1309750.0,1370000.0,1410000.0,1690000.0,1935000.0
98007,0~2,,,,78000.0,,,,,,,133000.0,120000.0,127250.0,,150000.0,,180000.0,212000.0,188000.0,,226375.0,243000.0,327500.0,352450.0,,397500.0,,,,,418250.0,394750.0,450000.0,590000.0,,,,622225.0,,865000.0,
98007,3~4,112475.0,87500.0,96450.0,83500.0,83950.0,109900.0,118500.0,130975.0,162500.0,161500.0,156875.0,158000.0,165846.0,168000.0,176000.0,186000.0,230475.0,253000.0,272750.0,283000.0,305250.0,290550.0,335250.0,407475.0,484950.0,502500.0,477500.0,420000.0,395000.0,373000.0,376750.0,445000.0,519000.0,575000.0,632500.0,751000.0,810000.0,825000.0,860000.0,1123000.0,1400000.0
98007,5~,85500.0,81500.0,112000.0,99000.0,87500.0,105000.0,108000.0,140975.0,205000.0,173000.0,176375.0,164500.0,182500.0,184000.0,181000.0,212000.0,235000.0,266975.0,292000.0,289750.0,305300.0,327475.0,359500.0,445250.0,520000.0,567000.0,650000.0,740000.0,436000.0,400000.0,407190.0,505769.0,567500.0,799000.0,781875.0,900000.0,877000.0,971000.0,1026000.0,1285250.0,1650000.0
98008,0~2,107500.0,,,109100.0,180000.0,120950.0,300750.0,260000.0,445000.0,156950.0,152500.0,143975.0,165000.0,185500.0,198000.0,310000.0,249200.0,244750.0,240000.0,569750.0,315000.0,252300.0,379950.0,498000.0,502004.0,677250.0,1200000.0,580000.0,520000.0,323000.0,347500.0,547250.0,460000.0,770000.0,500000.0,,1650000.0,1100000.0,819000.0,1750000.0,3400000.0
98008,3~4,85950.0,87940.0,88500.0,92625.0,88000.0,93000.0,115725.0,123250.0,182500.0,155000.0,160000.0,161500.0,172500.0,175700.0,182600.0,210850.0,229950.0,247000.0,275000.0,270000.0,289450.0,295000.0,343625.0,410000.0,480000.0,527500.0,498950.0,430000.0,430850.0,402500.0,418000.0,475000.0,521029.0,565000.0,670000.0,775000.0,858500.0,845000.0,919000.0,1200000.0,1437500.0
98008,5~,80225.0,92475.0,97500.0,110000.0,90000.0,107750.0,97575.0,125000.0,193500.0,178000.0,178000.0,179000.0,176475.0,206250.0,220000.0,219475.0,263000.0,280500.0,300750.0,312500.0,320000.0,334500.0,373000.0,466500.0,565750.0,588000.0,575000.0,455000.0,464000.0,400000.0,488380.0,550000.0,589500.0,670000.0,730000.0,870000.0,975000.0,1000000.0,1225000.0,1414000.0,1700000.0
98009,3~4,,,,,,,,,,,,,,,,,,,,,,,,,,,,,,,,,,,,600057.0,649995.0,,,,
98009,5~,,,,,,,,,,,,,,,,,,,,,,,,,,,,,,,,,,,,,,,2450000.0,,
98010,0~2,,67622.5,55000.0,85000.0,76000.0,80000.0,50500.0,55150.0,51250.0,61518.0,94500.0,81400.0,132400.0,74100.0,95500.0,168500.0,171975.0,134804.0,118500.0,114500.0,195000.0,167000.0,191000.0,191475.0,239900.0,225000.0,127500.0,240000.0,195000.0,291260.0,122000.0,153450.0,260750.0,234900.0,180125.0,350000.0,295000.0,242925.0,355000.0,415000.0,1531750.0
98010,3~4,80000.0,83500.0,60000.0,85500.0,70875.0,85000.0,134250.0,135500.0,127900.0,117750.0,113500.0,126950.0,139600.0,145500.0,163815.0,172900.0,198924.0,179600.0,194850.0,202950.0,210000.0,234000.0,224975.0,276750.0,300000.0,324950.0,329950.0,266875.0,232500.0,233750.0,215000.0,262500.0,275000.0,336000.0,333500.0,375000.0,442500.0,450000.0,496932.0,605242.5,606900.0
98010,5~,,,,,,,313000.0,360000.0,,,,170000.0,238100.0,186740.0,175000.0,89950.0,320000.0,242475.0,244650.0,442300.0,277999.5,429000.0,229400.0,344975.0,635206.5,315000.0,235000.0,830000.0,537475.0,333500.0,427500.0,293500.0,,359999.0,558975.0,657775.0,574975.0,532500.0,611950.0,1748000.0,
98011,0~2,79000.0,68500.0,58500.0,64300.0,,97800.0,112500.0,75000.0,131800.0,184284.5,109475.0,125000.0,139250.0,139475.0,124950.0,136475.0,164750.0,212500.0,215000.0,238850.0,235000.0,216725.0,206000.0,298000.0,373500.0,312500.0,24000.0,180000.0,261500.0,218000.0,220000.0,255000.0,325000.0,297500.0,428250.0,492500.0,517500.0,655000.0,550000.0,770000.0,450000.0
98011,3~4,79500.0,83000.0,84000.0,87000.0,90975.0,92250.0,128844.0,142375.0,179150.5,197500.0,169725.0,166000.0,176133.0,177400.0,189950.0,198250.0,225000.0,239500.0,259990.0,275100.0,280000.0,301500.0,345000.0,375000.0,449950.0,443500.0,435000.0,360000.0,356000.0,349000.0,357950.0,405000.0,443000.0,480000.0,555500.0,650000.0,672500.0,675000.0,760000.0,950000.0,1184500.0
98011,5~,,95975.0,92500.0,101475.0,108975.0,112000.0,129000.0,115450.0,185289.5,196750.0,180000.0,166950.0,212976.0,187874.0,194000.0,236725.0,223000.0,241750.0,326500.0,344975.0,315000.0,361832.0,349950.0,410000.0,487425.0,504000.0,459250.0,440000.0,377500.0,435000.0,374850.0,457000.0,540000.0,650000.0,620700.0,740000.0,760000.0,795000.0,817500.0,1162500.0,1415000.0
98014,0~2,49150.0,39900.0,55525.0,50000.0,45000.0,28497.5,57725.0,99500.0,98500.0,82750.0,113500.0,110000.0,120000.0,143500.0,125000.0,131475.0,163000.0,169950.0,220750.0,179250.0,204975.0,191000.0,250000.0,312450.0,285000.0,309000.0,280000.0,225000.0,204000.0,180000.0,220000.0,225000.0,301000.0,265000.0,300000.0,326250.0,450000.0,414000.0,524250.0,549500.0,437500.0
98014,3~4,59950.0,72075.0,62000.0,69500.0,103000.0,78000.0,109950.0,108000.0,138725.0,136000.0,155000.0,165000.0,207500.0,200000.0,204000.0,194000.0,235000.0,276918.0,275000.0,271000.0,298975.0,292500.0,343950.0,368750.0,432500.0,425000.0,414250.0,393000.0,392225.0,337500.0,325000.0,390250.0,425000.0,453000.0,568500.0,616500.0,625000.0,694999.5,725000.0,853500.0,832000.0
98014,5~,100000.0,,,,,57500.0,87314.0,149750.0,350000.0,201900.0,215000.0,12432.0,,217000.0,269000.0,470000.0,947475.0,446700.0,497500.0,377500.0,,,625000.0,489990.0,650000.0,,519950.0,645000.0,1900000.0,280000.0,532000.0,549000.0,1098500.0,630855.0,631265.0,709900.0,752450.0,604500.0,865000.0,1175000.0,
98017,3~4,,,,,,,,,,,,,,,,,,,,,,,,,,,,,,,,,,,,,,,1250000.0,,
98019,0~2,50000.0,98000.0,49685.0,56950.0,54750.0,60975.0,76000.0,89900.0,,112500.0,75050.0,113000.0,132250.0,143000.0,153500.0,132475.0,161250.0,172500.0,226500.0,248475.0,259000.0,237600.0,233000.0,270000.0,385000.0,352208.0,347000.0,301500.0,281000.0,230000.0,188500.0,281597.0,283700.0,317500.0,387500.0,430000.0,490500.0,480000.0,540000.0,706250.0,800000.0
98019,3~4,64250.0,81000.0,76500.0,67800.0,63952.0,84950.0,92600.0,102175.0,163066.5,159750.0,165000.0,162500.0,176500.0,184607.0,187375.5,229500.0,230000.0,258000.0,269188.0,253800.0,293000.0,326300.0,330000.0,375000.0,419950.0,479950.0,425500.0,369000.0,382630.0,310000.0,319950.0,388500.0,380300.0,435000.0,472250.0,550000.0,608750.0,622500.0,675000.0,824997.5,917500.0
98019,5~,,,,,,,89950.0,,,,253950.0,178700.0,251425.0,,269495.0,214350.0,303970.0,231320.0,297137.5,345225.0,280000.0,387500.0,381225.0,456332.5,534394.0,465000.0,530000.0,380350.0,452454.0,400000.0,349972.5,420000.0,515500.0,549000.0,625000.0,630000.0,699999.0,724500.0,810000.0,1125000.0,1270000.0
98021,3~4,,,,,,,,,,,,,,,,,,,,,,,,,,,,,,,290225.0,,,,,,,,,,
98022,0~2,47000.0,32475.0,44000.0,50000.0,37000.0,58500.0,41300.0,73675.0,77500.0,134775.0,84000.0,88500.0,93500.0,95000.0,102475.0,105375.0,112450.0,123000.0,129900.0,134250.0,149000.0,150000.0,164475.0,203800.0,233500.0,238121.0,209950.0,218250.0,165000.0,168194.0,131750.0,178975.0,187000.0,225000.0,239950.0,250750.0,284000.0,320000.0,342000.0,430000.0,437500.0
98022,3~4,80000.0,69250.0,69000.0,74750.0,86000.0,87500.0,84000.0,110250.0,117000.0,117976.5,124880.0,138250.0,148500.0,143000.0,145250.0,150000.0,156750.0,174925.0,182000.0,197500.0,200000.0,223725.0,237525.0,282000.0,296225.0,333174.0,299000.0,255000.0,255000.0,240000.0,250000.0,240450.0,270735.5,297750.0,339400.0,361950.0,380000.0,431475.0,456500.0,549000.0,615000.0
98022,5~,120000.0,150000.0,93500.0,114750.0,84750.0,122500.0,116450.0,122500.0,104750.0,217500.0,170917.0,189000.0,180000.0,170000.0,170800.0,183500.0,162000.0,246150.0,287330.0,293000.0,288975.0,285500.0,379000.0,363750.0,435000.0,622475.0,415000.0,412275.0,303000.0,252500.0,298500.0,437500.0,296000.0,380000.0,448500.0,539900.0,420000.0,800000.0,555000.0,722500.0,725000.0
98023,0~2,59500.0,98475.0,66975.0,56500.0,65000.0,48000.0,77791.5,77000.0,141300.0,85950.0,98750.0,108225.0,106700.0,108194.0,110000.0,107000.0,113250.0,136000.0,149000.0,158900.0,160500.0,161735.0,196995.0,207975.0,259425.0,265000.0,306500.0,215100.0,182475.0,144950.0,142500.0,178000.0,205450.0,216500.0,246500.0,260000.0,296000.0,309250.0,350000.0,460000.0,
98023,3~4,82875.0,81225.0,79990.0,80000.0,83975.0,93000.0,98950.0,106400.0,134900.0,146500.0,131000.0,134950.0,136700.0,136500.0,144950.0,149500.0,157200.0,167500.0,177875.0,185475.0,195000.0,211000.0,235500.0,268690.0,302630.0,325000.0,299450.0,250000.0,240000.0,195500.0,194500.0,225000.0,246000.0,275000.0,311050.0,350000.0,375000.0,400000.0,445000.0,545000.0,609000.0
98023,5~,109000.0,90000.0,108500.0,94750.0,120000.0,113750.0,114900.0,120000.0,158000.0,176055.0,162350.5,179990.0,167000.0,166000.0,165750.0,169000.0,218950.0,204500.0,233100.0,239250.0,238000.0,274900.0,325000.0,348750.0,409900.0,372000.0,389750.0,300000.0,309900.0,230000.0,274000.0,294500.0,294000.0,343350.0,370000.0,421500.0,468000.0,460000.0,530000.0,680000.0,817500.0
98024,0~2,60000.0,49000.0,74750.0,40250.0,80000.0,49000.0,70000.0,96650.0,147250.0,91900.0,116925.0,129450.0,130000.0,141000.0,149000.0,153000.0,148504.0,164250.0,215000.0,257000.0,207500.0,191725.0,231475.0,282500.0,399000.0,313000.0,278500.0,344250.0,225000.0,327500.0,247500.0,310000.0,335000.0,345000.0,487500.0,453822.0,505000.0,385000.0,542500.0,760367.5,550000.0
98024,3~4,77500.0,72000.0,85250.0,100000.0,76000.0,94500.0,92250.0,135000.0,155750.0,163250.0,165000.0,203000.0,194975.0,216750.0,210000.0,239900.0,247450.0,276000.0,335000.0,296000.0,358750.0,334500.0,434075.0,499250.0,480000.0,552250.0,500000.0,469900.0,495000.0,403875.0,410000.0,455000.0,447500.0,501000.0,599950.0,650000.0,695000.0,800000.0,900000.0,970000.0,1265000.0
98024,5~,,375000.0,170000.0,145000.0,,130000.0,465000.0,182000.0,230000.0,,160000.0,209000.0,181000.0,422500.0,165000.0,600000.0,285000.0,380000.0,468220.0,434000.0,1350000.0,471000.0,594500.0,605000.0,723500.0,1612500.0,749975.0,,522500.0,762500.0,395000.0,570000.0,1142500.0,762150.0,1175000.0,1425000.0,865000.0,1962500.0,980000.0,1112500.0,
98025,3~4,,,,,,,,,,,,,,,,,,,,,,,,,865614.0,,,,,,,,,,,,,,,,
98026,5~,,,,,,,,,,,,,,,,,,,,,,,,,,,,,,,,,,,437000.0,,,,,,
98027,0~2,53750.0,116500.0,67732.5,49975.0,72868.0,68000.0,112000.0,133010.5,137000.0,178000.0,137750.0,137500.0,129000.0,139950.0,154750.0,153000.0,183750.0,204000.0,228500.0,250000.0,250000.0,224000.0,329032.0,320450.0,380450.0,425000.0,402500.0,425000.0,335000.0,260000.0,275000.0,249000.0,367500.0,368000.0,453250.0,528000.0,503504.0,570000.0,605000.0,812500.0,800000.0
98027,3~4,118975.0,115750.0,115000.0,109975.0,122675.0,131300.0,134000.0,161000.0,216000.0,200000.0,197500.0,199950.0,225000.0,229500.0,247000.0,251000.0,280900.0,311500.0,319000.0,328000.0,341450.0,375000.0,430385.0,470550.0,590000.0,630000.0,585000.0,483500.0,517000.0,435000.0,470000.0,507450.0,571000.0,605000.0,660000.0,751000.0,839250.0,802500.0,885000.0,1100000.0,1450000.0
98027,5~,90210.0,129000.0,148000.0,129450.0,128000.0,139500.0,125600.0,165000.0,227887.5,224750.0,213750.0,223150.0,247750.0,279975.0,257000.0,299950.0,298700.0,366700.0,420000.0,339950.0,396750.0,464000.0,524900.0,500000.0,665000.0,668725.0,660000.0,650000.0,559995.0,585000.0,524500.0,597044.0,632000.0,770000.0,784875.0,925000.0,1040000.0,995000.0,1120000.0,1425000.0,1510000.0
98028,0~2,65000.0,62975.0,52950.0,178500.0,67000.0,68500.0,95975.0,94000.0,119000.0,75000.0,113950.0,126000.0,138000.0,124500.0,132000.0,147500.0,187500.0,200000.0,225000.0,182500.0,205000.0,224250.0,249500.0,314950.0,347750.0,344500.0,281000.0,264625.0,237000.0,199950.0,262500.0,257000.0,272925.0,371001.0,368000.0,562000.0,593000.0,440300.0,549000.0,683500.0,790000.0
98028,3~4,88750.0,80000.0,82575.0,87000.0,84975.0,95000.0,103975.0,131250.0,166500.0,158500.0,154200.0,158950.0,180000.0,173250.0,177950.0,185000.0,211000.0,222000.0,244990.0,261831.0,269900.0,298900.0,334250.0,386975.0,425000.0,439900.0,421725.0,359000.0,358000.0,340000.0,339000.0,378300.0,415000.0,468000.0,525000.0,634400.0,675000.0,639000.0,770000.0,899998.0,977500.0
98028,5~,164975.0,146325.0,94750.0,92995.0,93000.0,104500.0,134000.0,156000.0,146000.0,144997.0,205000.0,180000.0,176250.0,180500.0,192000.0,238500.0,244475.0,257747.5,285995.0,332800.0,340975.0,345000.0,409975.0,449950.0,492500.0,575000.0,605000.0,490000.0,384075.0,450500.0,443475.0,444750.0,482500.0,595000.0,627500.0,689950.0,737500.0,800000.0,936000.0,1270000.0,1275000.0
98029,0~2,,,,,92225.0,,,112600.0,369000.0,177000.0,176725.0,173900.0,191500.0,183500.0,276700.0,209950.0,215000.0,213000.0,222000.0,275000.0,310000.0,318900.0,341990.0,380995.0,475000.0,499000.0,400000.0,398000.0,410000.0,322500.0,375000.0,436000.0,489000.0,496500.0,616000.0,430000.0,720000.0,589500.0,836500.0,970000.0,
98029,3~4,133000.0,105000.0,181500.0,112950.0,119500.0,142425.0,136950.0,154245.0,232000.0,210000.0,207450.0,210970.0,217100.0,219220.0,228500.0,248000.0,271000.0,285000.0,305000.0,320000.0,336950.0,350000.0,405900.0,449000.0,570000.0,599355.0,550000.0,488503.5,459125.0,441500.0,462000.0,525000.0,580000.0,650000.0,729900.0,850000.0,880000.0,835000.0,927500.0,1260000.0,1695000.0
98029,5~,,,,,149900.0,185000.0,134394.0,179450.0,274250.0,200000.0,290000.0,275990.0,269950.0,317500.0,289000.0,305000.0,371000.0,400000.0,357450.0,410000.0,522500.0,500190.0,563068.5,779222.0,660000.0,837500.0,725000.0,611500.0,636000.0,705000.0,625000.0,644500.0,975000.0,831250.0,1095332.0,1211377.5,1177500.0,990000.0,1241250.0,1854000.0,1910000.0
98030,0~2,65000.0,50000.0,62300.0,74950.0,87750.0,64500.0,63875.0,71500.0,81950.0,98500.0,98950.0,104000.0,105000.0,104000.0,114000.0,118000.0,122450.0,143500.0,158500.0,157000.0,153450.0,173000.0,173500.0,250000.0,270000.0,265000.0,273000.0,215950.0,139000.0,120000.0,115000.0,193000.0,241500.0,211000.0,230875.0,303000.0,337500.0,353500.0,387500.0,395000.0,510000.0
98030,3~4,72000.0,74750.0,75000.0,84372.5,81900.0,85400.0,94700.0,105676.0,127541.0,130000.0,136500.0,136700.0,143950.0,139900.0,152685.0,162500.0,173000.0,189950.0,205000.0,211950.0,218375.0,226500.0,245000.0,284950.0,323500.0,340000.0,308000.0,256000.0,238000.0,207000.0,209000.0,245000.0,260000.0,288000.0,325000.0,370000.0,395000.0,415000.0,455500.0,570000.0,665000.0
98030,5~,86500.0,84885.5,70000.0,91750.0,101000.0,109975.0,90000.0,167850.0,195875.0,140475.0,166875.0,149000.0,179750.0,137250.0,159950.0,178000.0,175837.5,241497.0,249475.0,260000.0,262500.0,256250.0,264975.0,340000.0,400500.0,392475.0,308500.0,334917.5,255000.0,237647.0,223950.0,311497.5,330250.0,333750.0,357500.0,420000.0,442000.0,488000.0,548000.0,632500.0,874500.0
98031,0~2,62950.0,65500.0,,59500.0,66000.0,44000.0,71725.0,75975.0,213500.0,98725.0,119900.0,107000.0,127700.0,116700.0,115000.0,126500.0,129000.0,151000.0,139950.0,185000.0,166000.0,170000.0,212000.0,224000.0,257750.0,264950.0,239056.5,325442.0,150975.0,168419.0,150100.0,130561.0,212101.0,285000.0,240000.0,282500.0,356747.0,300000.0,388000.0,456500.0,465000.0
98031,3~4,75000.0,79625.0,77000.0,78750.0,79000.0,81269.0,93250.0,105000.0,142000.0,138500.0,144950.0,141400.0,145000.0,145000.0,149500.0,152500.0,167500.0,180000.0,193000.0,207000.0,208000.0,225000.0,249750.0,280000.0,340167.5,350000.0,305000.0,260000.0,240000.0,206370.0,209000.0,240000.0,264000.0,291000.0,327286.0,369975.0,411500.0,425000.0,465000.0,565000.0,650000.0
98031,5~,128500.0,,73750.0,94000.0,97000.0,92500.0,105000.0,112000.0,169169.0,125000.0,157500.0,157500.0,153725.0,171270.0,137700.0,164000.0,242495.0,209000.0,208000.0,227700.0,259500.0,259624.5,300000.0,379475.0,412745.0,444000.0,371000.0,295000.0,315000.0,257900.0,245000.0,260135.0,300100.0,350000.0,414950.0,440750.0,460000.0,500000.0,561250.0,638000.0,691500.0
98032,0~2,75000.0,,46000.0,51075.0,49975.0,44000.0,54500.0,35625.0,92825.0,72065.0,79900.0,82500.0,72590.0,87475.0,79500.0,86950.0,123000.0,127000.0,117000.0,143000.0,138500.0,144224.0,155000.0,205000.0,216250.0,258250.0,250000.0,210000.0,172420.0,110000.0,118450.0,165250.0,153286.0,195000.0,227500.0,227500.0,268825.0,295000.0,325500.0,416500.0,451700.0
98032,3~4,70500.0,78350.0,79950.0,72750.0,69500.0,80725.0,85750.0,95500.0,112900.0,125875.0,119970.0,129950.0,127950.0,130625.0,128000.0,129970.0,144250.0,160000.0,172500.0,187000.0,186825.0,190000.0,220000.0,254000.0,283500.0,315400.0,275000.0,229250.0,218250.0,171000.0,167852.0,213000.0,238000.0,265000.0,300000.0,345000.0,380000.0,380000.0,430000.0,517500.0,600000.0
98032,5~,81800.0,92500.0,84000.0,99500.0,118750.0,86000.0,94000.0,82500.0,112500.0,105000.0,132475.0,133500.0,129950.0,158925.0,138990.0,150750.0,155999.5,159950.0,195000.0,194000.0,205000.0,246000.0,249000.0,275000.0,330250.0,320000.0,325000.0,299975.0,294000.0,205000.0,161000.0,263242.0,257500.0,336950.0,326000.0,370500.0,401000.0,450000.0,504950.0,575000.0,792500.0
98033,0~2,154000.0,69225.0,67500.0,74500.0,57600.0,87475.0,87499.0,119950.0,136000.0,121875.0,140747.5,144900.0,150500.0,162500.0,174750.0,179000.0,210500.0,230000.0,245000.0,278500.0,272000.0,278500.0,336000.0,439950.0,530000.0,622500.0,431500.0,450000.0,372650.0,350000.0,418765.0,456000.0,577500.0,564000.0,590000.0,767950.0,882500.0,900000.0,935000.0,1205000.0,1461250.0
98033,3~4,81975.0,85000.0,88975.0,87375.0,97000.0,89000.0,114000.0,127475.0,181387.5,174450.0,174974.5,172700.0,185000.0,200000.0,210000.0,228000.0,257950.0,285000.0,309500.0,325000.0,368926.5,399950.0,435000.0,539950.0,600000.0,664500.0,610000.0,550000.0,505000.0,525000.0,540500.0,609668.0,621500.0,699000.0,786000.0,930000.0,1100000.0,1130000.0,1225000.0,1530925.0,1730000.0
98033,5~,93000.0,122000.0,91000.0,100750.0,97000.0,91675.0,103000.0,133950.0,261000.0,242250.0,189500.0,181875.0,175000.0,226450.0,235000.0,249600.0,315000.0,312000.0,376500.0,403500.0,362500.0,447500.0,538562.0,630000.0,760500.0,805999.5,740000.0,650000.0,702500.0,660000.0,680000.0,702500.0,875000.0,1048000.0,1447500.0,1210000.0,1608500.0,1600000.0,2150000.0,2070500.0,2807500.0
98034,0~2,,75000.0,68000.0,79250.0,79950.0,104458.0,89225.0,118475.0,154975.0,132400.0,131400.0,128000.0,135000.0,150000.0,150750.0,154500.0,178500.0,210000.0,224895.0,245000.0,232400.0,290000.0,295000.0,425000.0,405500.0,477500.0,449625.0,312000.0,345500.0,313750.0,282500.0,333000.0,350000.0,373600.0,473000.0,495000.0,678250.0,1085000.0,750000.0,1125000.0,1050000.0
98034,3~4,78875.0,81950.0,82000.0,77750.0,85900.0,83915.0,90000.0,116000.0,155975.0,150000.0,146000.0,150000.0,159000.0,159000.0,167000.0,181450.0,205000.0,227000.0,239950.0,249950.0,262500.0,280000.0,310000.0,360000.0,418000.0,450000.0,417000.0,360000.0,365000.0,338000.0,340922.5,405000.0,435000.0,463000.0,540000.0,640000.0,720000.0,700000.0,770000.0,965000.0,1335000.0
98034,5~,79000.0,84000.0,83000.0,88000.0,88575.0,100000.0,99950.0,122000.0,175250.0,175500.0,161250.0,161400.0,177000.0,186250.0,180400.0,192000.0,235000.0,255000.0,265500.0,283750.0,292000.0,320000.0,367500.0,417000.0,499974.5,499999.0,497000.0,433000.0,414500.0,409000.0,426000.0,500000.0,475000.0,550000.0,683000.0,749750.0,815000.0,797000.0,884000.0,1099500.0,1325000.0
98035,0~2,,,,,,,,,,,,,,85000.0,,,,,,,,145000.0,,,209000.0,,,147000.0,,,,,,,,,,,,,
98038,0~2,73250.0,90000.0,51000.0,70250.0,90000.0,70112.5,82075.0,79100.0,107575.0,149500.0,117500.0,105725.0,109375.0,122475.0,125725.0,128500.0,130000.0,184750.0,169950.0,175000.0,175000.0,197500.0,220950.0,270000.0,274000.0,284000.0,288825.0,264320.0,249000.0,220000.0,150000.0,142750.0,312475.0,299950.0,263299.0,353590.0,412500.0,393000.0,401500.0,485000.0,640000.0
98038,3~4,91250.0,74600.0,84000.0,94500.0,96300.0,95000.0,103391.0,122000.0,157950.0,138745.0,143890.5,146950.0,155982.5,161725.0,163990.0,168937.5,189250.0,195975.0,219500.0,225146.0,237314.0,248000.0,269500.0,328000.0,389000.0,379900.0,356000.0,303000.0,283119.5,270000.0,265000.0,299833.0,329925.0,359700.0,385975.0,434750.0,480000.0,480000.0,525000.0,687000.0,785625.0
98038,5~,92500.0,73950.0,109500.0,105475.0,138950.0,130000.0,103950.0,158475.0,182494.0,223500.0,195000.0,204500.0,210000.0,205000.0,216625.0,228750.0,212292.5,228350.0,268600.0,278787.5,324843.5,384990.0,401336.0,408000.0,428147.5,518250.0,420000.0,413500.0,358000.0,375000.0,332381.0,404000.0,450000.0,451625.0,510000.0,537385.0,602300.0,599995.0,705000.0,820000.0,860000.0
98039,0~2,,125000.0,102475.0,,,155000.0,,,,865000.0,348000.0,387500.0,370000.0,565000.0,831875.0,450000.0,,520000.0,760000.0,816500.0,506250.0,675000.0,725000.0,,1150000.0,,1600000.0,650000.0,665000.0,1263500.0,1165000.0,1390000.0,1309000.0,1060000.0,1890000.0,2600000.0,3200000.0,3100000.0,2325000.0,3346500.0,2185000.0
98039,3~4,210000.0,193250.0,129500.0,142750.0,175500.0,192500.0,219500.0,362000.0,379950.0,570475.0,470000.0,310700.0,474975.0,338000.0,510000.0,491250.0,592727.0,705000.0,735000.0,885000.0,844000.0,872500.0,1025000.0,1535000.0,1345500.0,1825000.0,1406500.0,1250000.0,1200000.0,1131500.0,1412500.0,1612500.0,2100000.0,1840000.0,1732000.0,2400000.0,2400000.0,2300000.0,3125000.0,3800000.0,4500000.0
98039,5~,470000.0,600000.0,217500.0,358500.0,235000.0,325000.0,370000.0,254300.0,925000.0,259500.0,435000.0,549500.0,385000.0,480000.0,612500.0,735750.0,920000.0,1340000.0,1067000.0,1897500.0,765000.0,1156500.0,1425000.0,2200000.0,2245000.0,3072500.0,1400000.0,2057500.0,1110000.0,1300000.0,1485000.0,1626500.0,3418800.0,2612500.0,2637500.0,3500000.0,3100000.0,4300000.0,4200000.0,5550000.0,7250000.0
98040,0~2,69500.0,62250.0,86000.0,103500.0,75200.0,105500.0,103500.0,152400.0,,305000.0,173500.0,219000.0,234300.0,286500.0,258000.0,473000.0,262500.0,359900.0,410000.0,392750.0,444000.0,309000.0,530500.0,1137500.0,795000.0,912500.0,715000.0,505000.0,610000.0,275000.0,725000.0,630000.0,820750.0,800000.0,975000.0,1271250.0,982500.0,1025000.0,1155000.0,1235000.0,950000.0
98040,3~4,148750.0,143000.0,161500.0,143000.0,166250.0,176000.0,185000.0,250500.0,375000.0,331500.0,295000.0,299000.0,320000.0,345000.0,352500.0,412000.0,449000.0,560000.0,595000.0,600000.0,567000.0,620000.0,675000.0,845000.0,883000.0,950000.0,944250.0,815000.0,794611.5,783000.0,809987.5,866500.0,948750.0,1088000.0,1193000.0,1380000.0,1463500.0,1410000.0,1550000.0,1875000.0,2420000.0
98040,5~,143000.0,151350.0,165000.0,162500.0,171375.0,193000.0,241375.0,333000.0,430000.0,346194.0,328285.0,314000.0,373000.0,427000.0,485000.0,490549.5,496000.0,621000.0,726000.0,708000.0,807000.0,858875.0,924500.0,925000.0,1075000.0,1225000.0,1150000.0,872000.0,1054000.0,865000.0,948250.0,1170000.0,1335000.0,1237500.0,1427500.0,1914500.0,2175000.0,1975000.0,1850000.0,2427000.0,2600000.0
98042,0~2,44750.0,110000.0,109000.0,40815.0,90000.0,69500.0,50500.0,90000.0,73625.0,74750.0,88975.0,115325.0,111750.0,120000.0,112000.0,112500.0,129950.0,113475.0,135000.0,149000.0,171475.0,163750.0,189950.0,209950.0,226025.0,270000.0,395000.0,241080.0,175000.0,183204.5,129450.0,185000.0,165438.0,209000.0,236500.0,270000.0,312400.0,304000.0,332500.0,480000.0,530000.0
98042,3~4,69950.0,89975.0,87475.0,83450.0,86167.5,87500.0,90000.0,106550.0,143450.0,132000.0,128500.0,131472.0,142992.5,147500.0,158000.0,168950.0,167950.0,179500.0,196950.0,206875.0,229500.0,242950.0,257680.0,290235.0,325000.0,343500.0,319580.0,264500.0,259450.0,232000.0,229500.0,256000.0,259950.0,299000.0,337250.0,375000.0,408000.0,433000.0,485000.0,590000.0,695000.0
98042,5~,107500.0,107500.0,75500.0,154500.0,127500.0,130375.0,134950.0,138900.0,150000.0,189950.0,199000.0,197475.0,218990.0,184990.0,190000.0,230250.0,239000.0,244425.0,266500.0,280500.0,275177.5,298477.0,322000.0,370960.0,421500.0,446000.0,420457.5,335000.0,298000.0,279900.0,293250.0,318186.0,330500.0,350000.0,405000.0,452000.0,492500.0,495000.0,600000.0,700000.0,801000.0
98043,3~4,,,,,,,,,,,,,,,,,,,,,,,,,,437515.0,,,,,,562000.0,,389950.0,,,,,,,
98044,3~4,,,,,,,,,,,,,,,,,,,,,,,,,,,,,,,,,,,,,,,,5800000.0,
98045,0~2,52000.0,64291.0,48000.0,32250.0,64250.0,41000.0,64000.0,76250.0,105000.0,143000.0,113975.0,126000.0,121000.0,125000.0,139000.0,146500.0,150000.0,169750.0,181000.0,232000.0,200000.0,226000.0,235222.5,276500.0,297000.0,324500.0,345000.0,239721.0,227500.0,212500.0,160000.0,262975.0,275000.0,353000.0,315500.0,523665.0,510000.0,530000.0,500000.0,585675.0,811000.0
98045,3~4,58500.0,65000.0,65000.0,68000.0,65350.0,71000.0,79975.0,100000.0,138000.0,135000.0,143000.0,149950.0,164500.0,162944.0,205000.0,236200.0,250650.0,230000.0,278000.0,246250.0,272950.0,259725.0,300000.0,335000.0,397500.0,456500.0,400000.0,365500.0,379387.5,299500.0,288375.0,330000.0,350000.0,378000.0,436950.0,515000.0,575000.0,644542.0,730000.0,876500.0,1015000.0
98045,5~,,,138500.0,,120000.0,131000.0,,241250.0,208475.0,132000.0,219000.0,246000.0,219975.0,249550.0,295000.0,260297.0,285150.0,314297.0,220650.0,409000.0,412475.0,389750.0,525500.0,535525.0,437495.0,589500.0,350000.0,395000.5,710000.0,539880.0,518440.0,325956.0,415000.0,585000.0,707007.0,775440.0,848355.0,857747.0,948379.5,1050459.0,1177079.0
98047,0~2,43500.0,,55225.0,24850.0,,66400.0,48000.0,54725.0,77000.0,70000.0,80425.0,85925.0,108500.0,84000.0,87000.0,102500.0,109000.0,117500.0,120000.0,141325.0,137450.0,153525.0,149950.0,190250.0,219200.0,271500.0,252000.0,190000.0,127543.5,165000.0,135000.0,141893.5,150000.0,152335.0,183500.0,208000.0,260000.0,261200.0,297750.0,417000.0,
98047,3~4,75900.0,59000.0,65975.0,54475.0,66975.0,64000.0,79325.0,85000.0,106950.0,105000.0,115725.0,118000.0,123950.0,124500.0,128725.0,128000.0,134949.5,145225.0,155050.0,166500.0,185750.0,188750.0,203000.0,224920.0,274000.0,275000.0,261000.0,193875.0,196500.0,157500.0,155000.0,184250.0,215000.0,212500.0,245000.0,295000.0,315500.0,349500.0,401500.0,465000.0,525000.0
98047,5~,,,,,,,,54000.0,78000.0,50000.0,70000.0,105000.0,139950.0,121500.0,,,,189200.0,171250.0,174950.0,169000.0,,198663.0,274999.0,287500.0,197000.0,,176137.0,160000.0,245000.0,,190000.0,230000.0,,,410000.0,343700.0,,336900.0,500000.0,
98050,0~2,,,,,,,,,82500.0,,71500.0,40000.0,,,119000.0,145000.0,393900.0,130000.0,120000.0,182500.0,510000.0,180000.0,293975.0,,385500.0,315000.0,855000.0,,285000.0,,255000.0,140000.0,347450.0,351000.0,,625000.0,386000.0,560975.0,183731.0,1193325.0,555000.0
98050,3~4,,74000.0,,,121250.0,62500.0,189900.0,161000.0,129703.0,182000.0,103325.0,209950.0,454750.0,260000.0,195750.0,197000.0,206500.0,465900.0,237000.0,240000.0,295000.0,307500.0,210750.0,540000.0,485500.0,631900.0,668750.0,410000.0,577500.0,365000.0,425000.0,480825.0,490749.0,340000.0,662500.0,534250.0,992500.0,920000.0,739100.0,750000.0,
98050,5~,,,,,,,,108000.0,,,500000.0,,250000.0,,,440000.0,595000.0,,310000.0,755000.0,,955.0,735000.0,,,1150000.0,,,,625000.0,,,,,,885000.0,,,,,
98051,0~2,95500.0,,,41000.0,35000.0,75000.0,,30000.0,27000.0,72000.0,129777.0,36000.0,94500.0,53500.0,86200.0,134425.0,164000.0,100000.0,113500.0,121150.0,187900.0,202500.0,152358.5,200000.0,375000.0,272000.0,230000.0,305000.0,222500.0,150000.0,125000.0,174000.0,262500.0,307000.0,387950.0,387500.0,382000.0,372500.0,341115.0,545000.0,363000.0
98051,3~4,74500.0,,69000.0,101750.0,87750.0,92000.0,117300.0,138950.0,140250.0,136500.0,160450.0,156400.0,179700.0,165500.0,194975.0,176000.0,220000.0,218975.0,286750.0,269000.0,319250.0,349000.0,537950.0,420000.0,494175.0,400000.0,353750.0,325000.0,378504.5,304250.0,335000.0,325475.0,424900.0,455000.0,468500.0,485000.0,608000.0,596000.0,676300.0,848750.0,637500.0
98051,5~,,,80000.0,115000.0,,87000.0,,,,,12000.0,,,56815.0,170777.0,,147500.0,,329950.0,,376500.0,670118.0,469300.0,464625.0,620000.0,615250.0,,376442.0,,,880500.0,550000.0,425000.0,430000.0,456000.0,702550.0,557500.0,1550000.0,947500.0,894000.0,1502000.0
98052,0~2,62750.0,,89000.0,84250.0,90950.0,89500.0,49225.0,116450.0,204500.0,162750.0,139000.0,154000.0,169000.0,164000.0,165000.0,178975.0,205000.0,207000.0,238000.0,254750.0,266500.0,241000.0,285000.0,353400.0,435500.0,425000.0,375000.0,370500.0,391500.0,319875.0,297000.0,386250.0,405750.0,555000.0,560000.0,696550.0,700000.0,647000.0,812500.0,900000.0,900000.0
98052,3~4,92500.0,93375.0,108725.0,107000.0,108242.5,111911.0,125850.0,148500.0,222250.0,185000.0,182950.0,182250.0,190000.0,196000.0,214000.0,235000.0,260000.0,280000.0,299000.0,324903.0,349000.0,354502.0,403000.0,475000.0,560000.0,593000.0,557650.0,493750.0,477000.0,445000.0,480000.0,540000.0,580000.0,630000.0,710250.0,825000.0,886000.0,870000.0,965000.0,1300000.0,1588750.0
98052,5~,78000.0,119500.0,105000.0,109500.0,121725.0,100500.0,124950.0,161622.5,214000.0,191000.0,190000.0,198500.0,194000.0,198500.0,213750.0,265051.0,265000.0,279000.0,361750.0,382450.0,353900.0,406900.5,458250.0,553429.5,621000.0,649500.0,613500.0,635000.0,521000.0,543000.0,550000.0,621000.0,627000.0,735000.0,730500.0,970000.0,1098500.0,1195500.0,1200000.0,1485000.0,2510000.0
98053,0~2,59975.0,56000.0,100000.0,45000.0,69500.0,55000.0,62500.0,98000.0,114000.0,249950.0,244500.0,194475.0,127750.0,178500.0,159925.0,156000.0,184000.0,210500.0,277950.0,230000.0,396376.0,417907.5,449409.0,511153.0,556530.5,670000.0,634288.0,497499.0,530000.0,506132.5,570000.0,552257.5,590000.0,600000.0,715000.0,749750.0,802500.0,840000.0,780000.0,1042000.0,1266000.0
98053,3~4,101625.0,105175.0,122000.0,114500.0,130500.0,145000.0,171300.0,184950.0,297000.0,250000.0,224250.0,280000.0,302849.0,302975.0,308975.0,337000.0,375000.0,407000.0,424495.0,374000.0,355000.0,385000.0,415622.5,528475.0,664500.0,639475.0,616000.0,511567.5,532500.0,547792.0,555100.0,627000.0,641500.0,695000.0,749000.0,850000.0,950000.0,945000.0,1024000.0,1377500.0,1617500.0
98053,5~,,129000.0,158475.0,95000.0,120000.0,195000.0,154250.0,192750.0,434950.0,425000.0,254500.0,245000.0,307500.0,340000.0,413837.0,364500.0,376145.5,830000.0,425000.0,428140.0,460000.0,474280.0,508822.5,611500.0,875750.0,779900.0,823200.0,580000.0,594500.0,704000.0,560000.0,764150.0,855995.0,850000.0,905000.0,940000.0,1260500.0,1205000.0,1260000.0,1700000.0,2335000.0
98054,3~4,,,,,,,,,,,,,,,,,,,,,,,,345990.0,,,,,,,,,,,,,,,,,
98055,0~2,62747.5,82000.0,59975.0,32500.0,75000.0,54000.0,72000.0,69000.0,90000.0,81000.0,98500.0,95500.0,114900.0,92500.0,110500.0,115000.0,132000.0,130500.0,152000.0,152000.0,154950.0,164975.0,187000.0,212500.0,314925.0,307500.0,289000.0,200000.0,185000.0,136643.0,160000.0,190500.0,225000.0,216000.0,258490.0,330000.0,320000.0,387475.0,422500.0,474000.0,639500.0
98055,3~4,71900.0,84070.0,82245.0,82500.0,89280.0,90000.0,92975.0,118855.0,150000.0,134975.0,135000.0,140000.0,149475.0,165250.0,157750.0,156950.0,175000.0,194950.0,210000.0,213000.0,234975.0,238509.0,260000.0,319000.0,365000.0,370000.0,334000.0,291000.0,263950.0,240000.0,235000.0,267966.0,280000.0,325000.0,357750.0,421500.0,455602.5,459750.0,520000.0,615000.0,750000.0
98055,5~,89500.0,99750.0,92000.0,,97000.0,91000.0,101250.0,90500.0,,118000.0,137000.0,146250.0,159475.0,154500.0,159000.0,164000.0,197750.0,217750.0,222500.0,225000.0,229950.0,278500.0,261350.0,354975.0,407500.0,419975.0,325000.0,287500.0,306000.0,224750.0,252000.0,286225.0,351250.0,331500.0,380000.0,452500.0,465000.0,550000.0,635000.0,720000.0,
98056,0~2,52200.0,59000.0,52000.0,51881.0,49500.0,54000.0,53500.0,64950.0,87000.0,86500.0,85500.0,92750.0,92500.0,94900.0,100750.0,107500.0,118000.0,128800.0,145000.0,149950.0,159000.0,166300.0,179500.0,218095.5,251000.0,266500.0,259000.0,165000.0,195500.0,172354.5,148500.0,169000.0,204000.0,230000.0,265750.0,320000.0,351000.0,348000.0,383000.0,465000.0,595000.0
98056,3~4,77500.0,76990.0,63500.0,79000.0,78000.0,83000.0,89250.0,123000.0,158700.0,135000.0,143000.0,144900.0,152000.0,150000.0,164950.0,167725.0,188950.0,209950.0,249950.0,259900.0,260429.0,269950.0,289000.0,344499.5,390000.0,408000.0,380000.0,322500.0,314000.0,268750.0,286950.0,351939.5,350000.0,390000.0,420000.0,485000.0,530000.0,538250.0,600000.0,745000.0,805500.0
98056,5~,90100.0,100000.0,94963.5,66900.0,86000.0,95000.0,130000.0,134725.0,147250.0,175950.0,142000.0,157000.0,175100.0,171250.0,226000.0,230950.0,219000.0,331000.0,249750.0,312202.5,269500.0,324000.0,358000.0,426450.0,438000.0,554000.0,435000.0,363500.0,408000.0,404250.0,386000.0,405975.0,431250.0,502500.0,570000.0,860000.0,702000.0,749950.0,750000.0,932400.0,1150000.0
98057,0~2,,42000.0,33500.0,46225.0,52000.0,61500.0,50000.0,54000.0,83625.0,78000.0,86500.0,79700.0,78000.0,97500.0,90000.0,98750.0,113000.0,124500.0,139950.0,141170.0,165450.0,169990.0,192000.0,217900.0,231800.0,260475.0,214000.0,207500.0,203000.0,130000.0,166000.0,175000.0,213000.0,227450.0,265000.0,300000.0,355000.0,375000.0,406000.0,472475.0,422500.0
98057,3~4,57975.0,70475.0,69500.0,72003.0,67250.0,67500.0,71000.0,92000.0,113000.0,96500.0,112000.0,115000.0,109999.5,118000.0,120000.0,131475.0,143375.0,154975.0,168000.0,174000.0,193500.0,209950.0,310000.0,318250.0,310000.0,390000.0,343000.0,330000.0,285000.0,245000.0,248000.0,241081.5,254287.5,290000.0,350000.0,403250.0,427000.0,502000.0,515000.0,565000.0,730000.0
98057,5~,,48643.5,87500.0,147500.0,110000.0,,113500.0,95000.0,170225.0,97500.0,72550.0,126275.0,125000.0,149250.0,169950.0,146000.0,140000.0,133500.0,134500.0,253500.0,191940.0,246500.0,286000.0,435000.0,386950.0,470000.0,580000.0,319000.0,302000.0,255000.0,296500.0,288727.5,262500.0,377500.0,557000.0,490000.0,549860.0,610000.0,705000.0,714975.0,902500.0
98058,0~2,,45500.0,49500.0,63750.0,70000.0,58500.0,55000.0,69225.0,111950.0,84000.0,94000.0,97750.0,109000.0,92995.0,110500.0,115000.0,123000.0,129000.0,149975.0,163750.0,181400.0,175000.0,181450.0,223000.0,271945.0,302975.0,243500.0,219950.0,185700.0,139900.0,160000.0,181000.0,205000.0,230000.0,248500.0,295475.0,349000.0,355000.0,400000.0,510000.0,579500.0
98058,3~4,77950.0,82975.0,81000.0,88000.0,90500.0,102500.0,103725.0,117750.0,150000.0,156000.0,140000.0,145000.0,144500.0,145450.0,152950.0,165000.0,186750.0,195975.0,212500.0,215000.0,235982.5,255000.0,282520.0,311174.0,352500.0,369950.0,343000.0,309000.0,289967.0,250147.0,255000.0,283000.0,305000.0,335000.0,382000.0,430000.0,457750.0,490000.0,527500.0,650000.0,764750.0
98058,5~,105000.0,101215.0,93750.0,69450.0,104200.0,107750.0,107657.5,138745.0,152000.0,205000.0,158000.0,152495.0,180600.0,148000.0,172475.0,190725.0,230000.0,237500.0,279000.0,252500.0,322500.0,310000.0,335000.0,354950.0,425000.0,467475.0,414000.0,374975.0,331500.0,265000.0,300000.0,356000.0,360000.0,369950.0,440000.0,520000.0,554000.0,640000.0,665000.0,770000.0,870000.0
98059,0~2,43000.0,66000.0,51950.0,52475.0,71250.0,61900.0,76500.0,114500.0,63750.0,87950.0,109000.0,123250.0,127000.0,132056.0,122475.0,139750.0,172500.0,155000.0,178750.0,195500.0,190475.0,223000.0,225850.0,260000.0,272500.0,322000.0,279000.0,244000.0,290000.0,185250.0,229500.0,209500.0,280000.0,291875.0,300000.0,315000.0,498000.0,429500.0,483993.0,575000.0,551000.0
98059,3~4,79400.0,80000.0,75375.0,80000.0,82000.0,83417.0,93500.0,126000.0,172162.5,171250.0,165000.0,146450.0,151000.0,155000.0,179750.0,187500.0,210000.0,225000.0,245000.0,267816.0,295000.0,295000.0,334950.0,379950.0,428950.0,440000.0,415000.0,366475.0,361500.0,329975.0,330000.0,371000.0,380250.0,420000.0,480000.0,550000.0,574500.0,599950.0,640000.0,761000.0,860750.0
98059,5~,50000.0,77375.0,99900.0,120000.0,86350.0,114000.0,92750.0,127990.0,185300.0,217250.0,156250.0,143500.0,182500.0,167500.0,236495.0,239995.0,254475.0,287500.0,285000.0,328714.0,419975.0,373391.5,379900.0,535470.0,615000.0,776900.0,725000.0,480000.0,488500.0,435000.0,432895.0,539757.0,529950.0,614950.0,736465.0,884950.0,809371.5,745000.0,879995.0,1160000.0,1660000.0
98063,3~4,,,,,,,,,,,,,,,,,,,,,,,,,,,,,380000.0,,,,,,447000.0,,,,,701000.0,
98065,0~2,40000.0,97500.0,34000.0,56225.0,61500.0,31000.0,110000.0,48000.0,117750.0,89950.0,85250.0,117000.0,106500.0,99000.0,119990.0,107000.0,129000.0,143500.0,155000.0,162750.0,170000.0,176000.0,215000.0,245000.0,285500.0,311000.0,315000.0,230500.0,243750.0,174250.0,170000.0,205000.0,248321.5,301000.0,293000.0,367500.0,399975.0,390000.0,492500.0,550000.0,729000.0
98065,3~4,57500.0,72500.0,52250.0,73500.0,74000.0,65000.0,61000.0,95000.0,120000.0,135000.0,114500.0,136500.0,144500.0,143000.0,134900.0,194500.0,259950.0,306071.0,294458.0,334753.0,322573.5,335212.5,370477.5,465000.0,465000.0,475163.0,513745.0,438900.0,430000.0,389500.0,378000.0,409000.0,449950.0,500500.0,569999.5,651500.0,667500.0,684500.0,750000.0,967500.0,1067500.0
98065,5~,,,,61000.0,92500.0,,,,125000.0,170000.0,80298.0,135000.0,174000.0,130500.0,292000.0,230000.0,239975.0,349475.0,364250.0,585000.0,799250.0,468447.0,478950.0,521450.0,643000.0,707000.0,625000.0,613650.0,535440.0,500000.0,639000.0,567000.0,661979.0,652500.0,835000.0,887500.0,839000.0,865000.0,1070000.0,1420000.0,
98068,0~2,,,,,,79950.0,,,97125.0,,110000.0,129500.0,,189000.0,150000.0,,220000.0,277000.0,253000.0,280000.0,,270000.0,336000.0,,,315000.0,,,560000.0,325000.0,284250.0,345000.0,,,,425000.0,455000.0,,575000.0,,
98068,3~4,,114000.0,,,105000.0,,125000.0,205000.0,,145000.0,207500.0,205000.0,149950.0,190250.0,153500.0,205000.0,381250.0,297500.0,300000.0,249000.0,277500.0,362475.0,313260.0,380000.0,442500.0,661000.0,435000.0,194250.0,550000.0,347500.0,371250.0,355000.0,385500.0,340000.0,507500.0,454000.0,657500.0,685930.0,553250.0,656000.0,
98068,5~,,,,,,228750.0,125500.0,,,190000.0,201500.0,,,,222721.0,220875.0,270000.0,210000.0,815000.0,,420000.0,337500.0,495000.0,,590000.0,595000.0,,,,,,645625.0,384909.0,,630000.0,895000.0,,699900.0,,1100000.0,
98070,0~2,55000.0,67000.0,67000.0,53750.0,67750.0,62000.0,73250.0,84750.0,90000.0,169000.0,131353.5,135000.0,134000.0,145000.0,163750.0,172500.0,190000.0,205000.0,212500.0,210000.0,250000.0,252500.0,280000.0,327500.0,354250.0,390000.0,385100.0,380000.0,350000.0,295000.0,305600.0,304250.0,300000.0,385000.0,425000.0,475000.0,475000.0,495000.0,594000.0,650000.0,770000.0
98070,3~4,95750.0,98500.0,72500.0,91000.0,86000.0,87400.0,103500.0,106250.0,162500.0,189500.0,197750.0,192650.0,220000.0,224250.0,207000.0,207000.0,231750.0,265000.0,289750.0,275750.0,290000.0,330000.0,355000.0,425000.0,490000.0,565000.0,540000.0,418500.0,400000.0,345000.0,351000.0,447500.0,410500.0,480001.0,550000.0,605295.0,662250.0,630250.0,714000.0,915000.0,855000.0
98070,5~,,75000.0,77500.0,,122000.0,89700.0,154500.0,223750.0,166500.0,205000.0,181500.0,215000.0,213500.0,114222.5,149900.0,224000.0,278000.0,257000.0,289500.0,302360.0,575000.0,415000.0,547000.0,507000.0,362500.0,923500.0,595000.0,175000.0,280000.0,343500.0,440150.0,350000.0,443722.5,662500.0,590000.0,758000.0,748000.0,755000.0,910000.0,770625.5,1380000.0
98072,0~2,,85745.0,150000.0,105000.0,182500.0,65000.0,127500.0,118950.0,142500.0,,124225.0,139000.0,135000.0,169000.0,155700.0,175000.0,202500.0,256250.0,385500.0,252500.0,263875.0,121250.0,279975.0,400000.0,310000.0,384975.0,450000.0,178617.0,284750.0,313500.0,183124.5,155015.0,400000.0,420000.0,592500.0,600000.0,537600.0,682500.0,680000.0,840000.0,1100000.0
98072,3~4,93000.0,105000.0,110000.0,117000.0,112000.0,125750.0,125250.0,173295.0,211500.0,204900.0,204500.0,211000.0,209750.0,215000.0,245000.0,256625.0,274000.0,302500.0,316750.0,310000.0,328750.0,334000.0,399409.0,440000.0,541150.0,550000.0,511500.0,455000.0,467200.0,455000.0,425000.0,500000.0,530000.0,521888.0,650000.0,685000.0,792500.0,730900.0,850000.0,1082500.0,1650000.0
98072,5~,80000.0,136250.0,121000.0,119500.0,196700.0,149500.0,123750.0,206745.0,304000.0,255000.0,236000.0,232950.0,218000.0,240500.0,268000.0,307500.0,325000.0,395000.0,403500.0,406950.0,370000.0,502500.0,423975.0,569950.0,599900.0,652500.0,640000.0,432500.0,482000.0,510000.0,635000.0,610000.0,697420.0,605450.0,780000.0,848000.0,913175.0,951500.0,915000.0,1400000.0,1520000.0
98074,0~2,74062.5,74202.5,82500.0,80350.0,77000.0,78000.0,84500.0,106500.0,157950.0,150500.0,155500.0,152000.0,157625.0,156212.0,175105.0,177975.0,208475.0,206950.0,251875.0,228950.0,237750.0,251475.0,305000.0,349905.0,400000.0,452500.0,394500.0,340000.0,335000.0,385000.0,386725.0,375000.0,434000.0,397000.0,466750.0,550000.0,600000.0,632000.0,738000.0,930000.0,875000.0
98074,3~4,96364.0,119665.0,121525.0,131475.0,137250.0,144500.0,139700.0,169950.0,236950.0,202500.0,206950.0,217151.5,229500.0,240000.0,242750.0,271000.0,315990.0,331500.0,355450.0,367250.0,382250.0,415000.0,440500.0,499500.0,599775.0,622000.0,602500.0,519000.0,533500.0,502500.0,510000.0,566000.0,612200.0,656000.0,739250.0,830000.0,914000.0,900000.0,1000000.0,1360750.0,1760000.0
98074,5~,,110000.0,86425.0,144000.0,175000.0,153490.0,155475.0,177000.0,180750.0,308250.0,269000.0,227900.0,269000.0,283000.0,246900.0,324400.0,447279.0,400750.0,410000.0,448570.0,525000.0,594350.0,654000.0,739950.0,720000.0,860000.0,687000.0,780000.0,644975.0,661000.0,646500.0,770000.0,815000.0,808000.0,982500.0,1140000.0,1130000.0,1075000.0,1455000.0,1760000.0,2372500.0
98075,0~2,,,235000.0,82500.0,118000.0,58875.0,81200.0,166250.0,410000.0,,135500.0,207500.0,202500.0,215000.0,292500.0,311250.0,291475.0,670025.0,250000.0,278000.0,640500.0,325000.0,372475.0,360000.0,303000.0,505500.0,675000.0,,820000.0,531000.0,429000.0,797500.0,470000.0,287700.0,777500.0,602500.0,960000.0,740000.0,1370500.0,2101000.0,
98075,3~4,117475.0,119975.0,111700.0,114000.0,119900.0,128975.0,150000.0,249950.0,289634.5,270000.0,264990.0,289000.0,299975.0,335000.0,350000.0,379950.0,399970.0,415000.0,440000.0,418913.5,468950.0,468220.0,512465.5,575000.0,724500.0,737500.0,695000.0,590000.0,590000.0,575000.0,589150.0,660000.0,699950.0,751000.0,850000.0,959400.0,1015000.0,1020000.0,1130000.0,1525000.0,2100000.0
98075,5~,168250.0,127500.0,132475.0,98500.0,130975.0,141000.0,258500.0,156475.0,336000.0,227500.0,349935.0,316950.0,308950.0,360750.0,355000.0,405000.0,440036.5,456950.0,518475.0,428495.0,562500.0,592000.0,660000.0,729950.0,842950.0,869950.0,842000.0,675000.0,680000.0,650000.0,650000.0,786000.0,821000.0,929950.0,1019000.0,1075000.0,1266475.0,1225000.0,1395000.0,1775000.0,2560000.0
98077,0~2,105000.0,35000.0,99000.0,225000.0,73750.0,69500.0,,69950.0,,225000.0,162200.0,274487.5,137500.0,215000.0,169500.0,145000.0,237250.0,45000.0,325000.0,275250.0,425000.0,246000.0,472150.0,295250.0,225346.0,470000.0,280000.0,1075000.0,258000.0,195000.0,400000.0,250088.0,302500.0,540000.0,665000.0,1366500.0,555000.0,610000.0,321000.0,1004000.0,
98077,3~4,85000.0,94000.0,113500.0,120000.0,116203.5,126950.0,166975.0,179000.0,295450.0,270000.0,283000.0,299000.0,297750.0,299950.0,318000.0,345000.0,380000.0,405000.0,439725.0,425000.0,460000.0,465000.0,525000.0,609000.0,664000.0,710000.0,640000.0,542250.0,600000.0,570477.0,574000.0,600000.0,632712.5,660888.0,745500.0,825000.0,845000.0,975000.0,1060000.0,1300000.0,1922500.0
98077,5~,100000.0,118000.0,127875.0,225000.0,129500.0,158500.0,128800.0,203147.0,225000.0,197250.0,375500.0,299000.0,255000.0,395500.0,386500.0,291450.0,547475.0,429000.0,559750.0,489000.0,509500.0,627500.0,550000.0,592500.0,635000.0,1175000.0,630000.0,622500.0,736500.0,579900.0,830000.0,685000.0,600000.0,749375.0,912750.0,1025000.0,1032500.0,925000.0,1133000.0,1400000.0,1550000.0
98079,3~4,,,,,,,,,,,,,,,,,,,,,,,,,,,,,,305276.0,,,,,,,,632000.0,,,
98083,3~4,,,,,,,,,,,,,,,,,,,,340000.0,,,,,,,,505000.0,,,,,,,,,,,,,
98085,3~4,,,,,,,,,,,,,,,,,,,,,,,,,,,,,,,,,,,,,,1092637.0,,,
98092,0~2,70750.0,110000.0,98750.0,68000.0,,47455.5,98500.0,78775.0,135000.0,130000.0,101750.0,75000.0,107950.0,113500.0,103650.0,122975.0,107500.0,154500.0,138000.0,176000.0,205000.0,145737.5,182500.0,298000.0,217250.0,250000.0,270000.0,290000.0,127000.0,119421.0,123500.0,100130.0,172301.0,216000.0,276550.0,330000.0,399000.0,349000.0,365000.0,435000.0,670000.0
98092,3~4,84500.0,77625.0,78475.0,98800.0,90000.0,91600.0,103250.0,123900.0,142150.0,155000.0,143975.0,144500.0,160286.5,160000.0,173325.0,177000.0,188800.0,200000.0,205000.0,225000.0,226862.0,235000.0,256950.0,308500.0,349475.0,360000.0,318065.0,279950.0,272550.0,235650.0,239900.0,264433.5,285000.0,325000.0,346000.0,379325.0,420000.0,429000.0,490000.0,595000.0,694950.0
98092,5~,,81500.0,100475.0,77500.0,98500.0,104000.0,132850.0,131500.0,161250.0,170250.0,135750.0,156000.0,178865.0,193859.5,198475.0,199950.0,234950.0,230000.0,244000.0,259000.0,272304.0,263500.0,281000.0,369950.0,395000.0,462500.0,364000.0,297500.0,352425.0,267000.0,305000.0,278000.0,312798.5,372750.0,380000.0,445000.0,481000.0,500000.0,550000.0,645000.0,847000.0
98097,3~4,,,,,,,,,,,,,,,,,,,,,,,,,,,,,,,303450.0,,,,,,,,,,
98102,0~2,108000.0,,95000.0,82250.0,83000.0,179500.0,122825.0,810000.0,225000.0,210000.0,187000.0,199500.0,205000.0,133250.0,191950.0,216000.0,285000.0,345000.0,299950.0,350000.0,460000.0,355000.0,495000.0,588250.0,707100.0,695000.0,442500.0,500000.0,660000.0,530000.0,660000.0,805000.0,560000.0,840500.0,687500.0,1495000.0,1324500.0,1130000.0,1499500.0,1055000.0,1325000.0
98102,3~4,121000.0,157500.0,125000.0,142000.0,165000.0,136500.0,188500.0,289750.0,332250.0,262000.0,252500.0,272500.0,265000.0,285500.0,364500.0,370000.0,375000.0,464000.0,584000.0,543000.0,460000.0,599000.0,618750.0,765000.0,727500.0,792500.0,798500.0,707000.0,759536.0,715000.0,729000.0,826000.0,887500.0,982218.0,1027500.0,1362000.0,1472000.0,1250000.0,1442500.0,1500000.0,1618000.0
98102,5~,155000.0,249000.0,118750.0,132500.0,230000.0,219000.0,143113.5,232250.0,485000.0,555000.0,311000.0,362500.0,345000.0,435000.0,404000.0,383500.0,500000.0,627500.0,640000.0,875000.0,629500.0,898250.0,625000.0,1050000.0,1015000.0,1175000.0,1739950.0,1035750.0,1045000.0,785000.0,1235000.0,1023350.0,1787500.0,825000.0,1450000.0,1551250.0,2159125.0,1625000.0,1770000.0,1639000.0,
98103,0~2,61725.0,65250.0,62450.0,66500.0,67950.0,75000.0,81300.0,93750.0,135500.0,122000.0,131000.0,132000.0,145000.0,143000.0,153000.0,167500.0,187000.0,219500.0,240500.0,250000.0,269975.0,277500.0,322000.0,391500.0,413500.0,448000.0,458000.0,375000.0,349418.0,335000.0,372250.0,401730.0,450000.0,550000.0,564100.0,649000.0,682500.0,679500.0,702461.0,765015.0,910000.0
98103,3~4,80000.0,81500.0,75000.0,80000.0,83400.0,92500.0,98950.0,125250.0,180000.0,159000.0,156250.0,158000.0,165000.0,175500.0,182000.0,200000.0,230000.0,280000.0,302500.0,320000.0,339450.0,357000.0,410000.0,454000.0,530000.0,576066.0,545000.0,465950.0,483250.0,499950.0,486000.0,582250.0,632000.0,666500.0,747500.0,850000.0,925000.0,890500.0,915000.0,1051000.0,1440000.0
98103,5~,75475.0,62000.0,82031.0,80500.0,90000.0,109000.0,93857.0,149000.0,180500.0,173250.0,170000.0,198500.0,188000.0,174750.0,185000.0,242000.0,273500.0,298000.0,360000.0,357250.0,358950.0,384250.0,436000.0,530000.0,599500.0,663600.0,660000.0,590000.0,540975.0,581500.0,655000.0,692000.0,697000.0,740000.0,830000.0,1220000.0,1085000.0,1105000.0,1187000.0,1270000.0,1399820.0
98104,3~4,,,,,,,,,,,,,,,,,,,,,,,,,,,,,,,,,,,630300.0,,,,,,
98105,0~2,56000.0,64200.0,66000.0,69000.0,80000.0,73000.0,83000.0,85000.0,137250.0,129975.0,137000.0,141500.0,153450.0,159950.0,162500.0,172900.0,198500.0,230000.0,244000.0,278150.0,280500.0,309475.0,330750.0,401000.0,425000.0,445000.0,388000.0,444975.0,370000.0,360000.0,400000.0,480000.0,509250.0,520000.0,634720.0,700000.0,760000.0,692500.0,855000.0,850000.0,878000.0
98105,3~4,94725.0,110250.0,113250.0,89450.0,115250.0,106700.0,148000.0,160000.0,230000.0,278750.0,187000.0,189250.0,185000.0,218000.0,219500.0,244462.5,285750.0,311000.0,359750.0,368500.0,375000.0,415000.0,450000.0,515000.0,581000.0,675000.0,601500.0,568950.0,620000.0,585142.0,595000.0,639000.0,690100.0,765000.0,825000.0,922550.0,1050000.0,996500.0,1140000.0,1100000.0,1342500.0
98105,5~,182500.0,168000.0,277000.0,141500.0,200000.0,170000.0,159000.0,171000.0,240000.0,332500.0,216500.0,256000.0,282500.0,207250.0,239500.0,270000.0,350000.0,369000.0,452000.0,370500.0,448000.0,383500.0,500000.0,567000.0,580000.0,820000.0,902500.0,785000.0,695000.0,572165.0,709000.0,690000.0,875000.0,1070500.0,1300000.0,1140187.5,1262500.0,1375000.0,1762500.0,1650000.0,1330000.0
98106,0~2,36750.0,51000.0,44500.0,42000.0,45000.0,45316.0,45000.0,59000.0,80000.0,75000.0,82008.0,79950.0,84012.5,86000.0,91650.0,101725.0,113250.0,124975.0,137650.0,150250.0,164750.0,174500.0,190250.0,228000.0,271500.0,300000.0,265000.0,233000.0,221950.0,174000.0,160725.0,199000.0,245000.0,294975.0,330000.0,415000.0,449000.0,415000.0,450000.0,523917.5,540000.0
98106,3~4,56300.0,67000.0,64188.0,59500.0,62500.0,63500.0,66000.0,74000.0,101725.0,112500.0,108650.0,109750.0,111500.0,113000.0,114600.0,130000.0,134000.0,154500.0,174000.0,181000.0,199000.0,219975.0,231000.0,272500.0,325000.0,340000.0,323375.0,285750.0,266998.0,206500.0,228250.0,250000.0,299950.0,365000.0,400000.0,497500.0,560000.0,550000.0,595000.0,665000.0,710000.0
98106,5~,,72500.0,69000.0,,58500.0,77000.0,66500.0,73500.0,138000.0,114500.0,121500.0,126250.0,129990.0,116475.0,137000.0,143875.0,140000.0,175000.0,214950.0,205750.0,230000.0,269000.0,290000.0,348475.0,365000.0,379500.0,329000.0,300000.0,327500.0,212500.0,240000.0,297300.0,330000.0,406500.0,465000.0,501000.0,600500.0,675000.0,675000.0,767500.0,650000.0
98107,0~2,63000.0,65000.0,61000.0,69450.0,67475.0,71225.0,71000.0,100000.0,120000.0,131500.0,128550.0,122950.0,129000.0,142000.0,144000.0,166250.0,180000.0,210000.0,224000.0,244897.5,264000.0,299725.0,317250.0,366000.0,427000.0,437500.0,416750.0,397910.0,378750.0,345000.0,360000.0,422500.0,450000.0,550000.0,600000.0,646000.0,702500.0,725000.0,732000.0,818000.0,940000.0
98107,3~4,78000.0,77225.0,77000.0,79000.0,79500.0,86075.0,93250.0,115500.0,137975.0,142000.0,148000.0,152000.0,159000.0,157000.0,167000.0,180000.0,235000.0,250000.0,299950.0,293320.0,324000.0,351000.0,385490.0,445000.0,489975.0,566000.0,560000.0,435000.0,468400.0,447000.0,475000.0,497000.0,555000.0,670000.0,707000.0,851750.0,830000.0,850000.0,935000.0,1030450.0,1060000.0
98107,5~,77500.0,106000.0,90000.0,118500.0,110000.0,98000.0,130500.0,165250.0,172450.5,210000.0,165000.0,139300.0,131143.0,236500.0,194000.0,200200.0,259950.0,268725.0,319500.0,331250.0,411125.0,411500.0,406000.0,555000.0,576000.0,592000.0,578800.0,663500.0,575500.0,490000.0,512500.0,596000.0,797500.0,753400.0,812000.0,932500.0,1050000.0,1067500.0,1315000.0,1320000.0,1750000.0
98108,0~2,47000.0,69000.0,42950.0,50000.0,45500.0,50475.0,59425.0,62000.0,70000.0,88000.0,100000.0,75500.0,79975.0,96000.0,93500.0,100000.0,127100.0,131000.0,151500.0,167000.0,170000.0,187000.0,209750.0,240000.0,290999.5,318000.0,261450.0,265000.0,212500.0,190000.0,172000.0,210000.0,255000.0,250000.0,365000.0,420000.0,425000.0,455000.0,460000.0,522000.0,505000.0
98108,3~4,56500.0,79500.0,75000.0,65000.0,63000.0,66000.0,73375.0,73500.0,95500.0,125000.0,119375.0,120000.0,115000.0,116290.0,124975.0,138000.0,141000.0,161950.0,198000.0,209950.0,220100.0,230000.0,250000.0,289475.0,330500.0,357500.0,330000.0,297500.0,300000.0,229950.0,236800.0,298000.0,325000.0,350000.0,440000.0,499000.0,547500.0,590000.0,655000.0,706000.0,748250.0
98108,5~,55000.0,79500.0,76750.0,129000.0,89500.0,66000.0,96000.0,120000.0,110000.0,155250.0,137000.0,145250.0,129250.0,154500.0,163500.0,172500.0,190276.0,166237.5,213500.0,247000.0,268017.0,265000.0,316000.0,340000.0,360000.0,415997.5,425000.0,351000.0,289000.0,337000.0,273000.0,293500.0,382000.0,430000.0,499000.0,552500.0,595500.0,660000.0,715000.0,785000.0,358261.5
98109,0~2,48000.0,75000.0,87000.0,107550.0,87000.0,84500.0,93000.0,106500.0,179150.0,164000.0,170500.0,191250.0,153000.0,172500.0,216250.0,199500.0,232500.0,296500.0,295000.0,375000.0,300000.0,337900.0,404000.0,465000.0,506500.0,526250.0,552500.0,535000.0,447200.0,431750.0,570000.0,538750.0,555500.0,600000.0,600000.0,763000.0,903000.0,785255.0,940000.0,949000.0,1135000.0
98109,3~4,91750.0,91315.0,120000.0,110000.0,136500.0,125000.0,132250.0,162475.0,218750.0,231000.0,230725.0,225000.0,246500.0,234975.0,270000.0,299500.0,337500.0,390000.0,455000.0,460000.0,478000.0,511750.0,577000.0,665000.0,796000.0,860000.0,815000.0,645000.0,727000.0,670500.0,648750.0,787000.0,854750.0,905000.0,1185000.0,1091000.0,1316000.0,1375000.0,1341666.5,1500000.0,1900000.0
98109,5~,145000.0,110000.0,237500.0,129000.0,119000.0,142000.0,147500.0,265000.0,,290500.0,259700.0,300000.0,240000.0,303350.0,269500.0,257000.0,405000.0,332750.0,617500.0,486250.0,555000.0,611750.0,633000.0,745000.0,858000.0,1087000.0,762500.0,807500.0,912500.0,985000.0,786750.0,1116500.0,1000000.0,1420000.0,1258000.0,1457500.0,1312500.0,1530000.0,1600000.0,2250000.0,
98111,3~4,,,,,,,,,,,,,,,,,255000.0,,,,,,,,,,,,,,,,,,,,,,,,
98112,0~2,62900.0,83250.0,74875.0,125000.0,105000.0,75000.0,136250.0,158000.0,200000.0,185000.0,190000.0,182500.0,178001.5,211350.0,193500.0,250000.0,257500.0,300000.0,322910.0,329000.0,399950.0,370000.0,380500.0,446000.0,490500.0,640000.0,525000.0,542500.0,500000.0,462000.0,494500.0,575000.0,549500.0,721500.0,675000.0,917500.0,1013500.0,925785.0,923000.0,1202500.0,1017500.0
98112,3~4,135405.0,122750.0,144500.0,159500.0,130000.0,142000.0,154500.0,219000.0,289000.0,285000.0,246750.0,247000.0,269250.0,285000.0,283800.0,341000.0,397000.0,457500.0,494250.0,500000.0,537325.0,565000.0,610000.0,750000.0,799950.0,895000.0,794475.0,712500.0,835000.0,771100.0,795750.0,850000.0,958000.0,1175000.0,1154000.0,1258000.0,1330500.0,1342500.0,1447500.0,1648750.0,1650000.0
98112,5~,205000.0,187500.0,216500.0,230000.0,222500.0,317500.0,302750.0,150000.0,318000.0,338000.0,319500.0,416500.0,365000.0,380000.0,410000.0,534000.0,498125.0,635000.0,685000.0,796000.0,696250.0,835450.0,855000.0,937500.0,1220000.0,1710000.0,1395000.0,1106225.0,1225000.0,1390000.0,1267500.0,1400000.0,1425000.0,1707500.0,1545000.0,1837627.5,1950000.0,1910000.0,1967500.0,2527500.0,2508500.0
98115,0~2,70500.0,77000.0,73500.0,69500.0,72000.0,76000.0,86750.0,97500.0,136500.0,140000.0,138145.0,139975.0,145000.0,149725.0,154725.0,169500.0,199000.0,219000.0,230000.0,245000.0,267000.0,284500.0,325000.0,365250.0,407000.0,430000.0,415000.0,375000.0,369950.0,350000.0,350000.0,411500.0,420000.0,500000.0,544500.0,640000.0,640000.0,656000.0,740000.0,775000.0,925000.0
98115,3~4,83500.0,90000.0,87500.0,86500.0,95000.0,97500.0,106500.0,137750.0,174500.0,166500.0,164950.0,169250.0,172000.0,176500.0,185000.0,200000.0,240000.0,275000.0,295000.0,319950.0,326500.0,345000.0,394975.0,440000.0,504500.0,545438.0,525000.0,481383.5,475000.0,465000.0,483500.0,520000.0,566250.0,628250.0,725000.0,822250.0,875000.0,845000.0,900000.0,1040000.0,1200000.0
98115,5~,102250.0,91000.0,92000.0,102500.0,110500.0,124500.0,137475.0,158950.0,169000.0,185000.0,194000.0,208000.0,194500.0,185000.0,224950.0,233950.0,265000.0,320000.0,344655.0,345000.0,375000.0,409000.0,445575.5,550000.0,569000.0,713500.0,629950.0,525000.0,585500.0,514000.0,542000.0,602500.0,697500.0,775200.0,910000.0,1021550.0,1100000.0,1150000.0,1240000.0,1375000.0,1180000.0
98116,0~2,59975.0,66500.0,89000.0,67950.0,69000.0,68250.0,72500.0,121900.0,127500.0,129225.0,129500.0,133000.0,145000.0,137000.0,147750.0,165000.0,179207.5,220350.0,221150.0,250000.0,255500.0,276000.0,325000.0,351000.0,410000.0,438725.0,395187.0,366450.0,340000.0,352000.0,357372.5,369000.0,425000.0,486750.0,550000.0,630000.0,662000.0,615000.0,675000.0,760000.0,781000.0
98116,3~4,79250.0,76500.0,82000.0,86250.0,90000.0,93500.0,116875.0,137500.0,177750.0,160000.0,155450.0,165000.0,165000.0,179000.0,188500.0,201750.0,235000.0,266500.0,305000.0,312000.0,349950.0,350000.0,400000.0,460000.0,525000.0,581000.0,549950.0,483750.0,445000.0,441500.0,479000.0,495000.0,576500.0,626500.0,717000.0,781000.0,866250.0,846250.0,900000.0,1000000.0,1262000.0
98116,5~,91000.0,112000.0,75000.0,111500.0,120000.0,96500.0,148000.0,115000.0,241000.0,180225.0,176500.0,200000.0,242500.0,214000.0,194750.0,325000.0,277475.0,280500.0,326750.0,331750.0,429000.0,449950.0,450000.0,513500.0,504650.0,680000.0,639000.0,590000.0,489900.0,560201.5,612500.0,680000.0,678910.0,795000.0,795000.0,864750.0,982500.0,1110150.0,1135000.0,1352500.0,633333.0
98117,0~2,57000.0,68250.0,66000.0,63000.0,69475.0,69500.0,72250.0,99500.0,125000.0,129975.0,124950.0,129000.0,134950.0,138050.0,144950.0,157250.0,180200.0,210000.0,230000.0,240000.0,259950.0,275000.0,314975.0,355000.0,400000.0,430000.0,385000.0,355000.0,363250.0,348000.0,357000.0,385000.0,425000.0,490000.0,579500.0,669250.0,697500.0,665000.0,705000.0,785000.0,875000.0
98117,3~4,80000.0,76250.0,69500.0,81500.0,81000.0,85000.0,90000.0,124950.0,155000.0,151500.0,149975.0,154925.0,160000.0,160000.0,170000.0,185000.0,225000.0,249500.0,275000.0,290000.0,312000.0,334950.0,379975.0,425000.0,471000.0,525000.0,508500.0,453725.0,435000.0,424000.0,454829.5,490500.0,552250.0,610000.0,715000.0,780000.0,850000.0,825000.0,905100.0,1000000.0,1180000.0
98117,5~,79250.0,85500.0,115500.0,99500.0,103000.0,104975.0,120000.0,132250.0,175000.0,175000.0,181000.0,155000.0,169000.0,182000.0,200000.0,220000.0,257750.0,294000.0,310000.0,300000.0,372250.0,376625.0,449000.0,466000.0,560000.0,619995.0,589000.0,487500.0,527475.0,540000.0,450000.0,659000.0,710000.0,730000.0,875000.0,940000.0,958500.0,1130000.0,1400000.0,1325000.0,1527500.0
98118,0~2,42000.0,53000.0,48500.0,49000.0,51950.0,48250.0,49725.0,58000.0,71950.0,76000.0,82500.0,86000.0,89950.0,88950.0,90000.0,105000.0,121250.0,135000.0,154000.0,169975.0,176000.0,190750.0,222222.0,259475.0,297500.0,307000.0,290000.0,250000.0,260000.0,196000.0,190000.0,246000.0,278500.0,323500.0,328700.0,432500.0,505000.0,482175.0,570000.0,633500.0,694500.0
98118,3~4,54500.0,61375.0,70000.0,67250.0,67000.0,67975.0,67400.0,82300.0,97426.0,108950.0,116000.0,119000.0,115500.0,120150.0,122450.0,136975.0,155000.0,174000.0,195000.0,219000.0,225000.0,242000.0,269950.0,305000.0,350000.0,380550.0,359500.0,335000.0,300000.0,245025.0,265391.0,320000.0,335000.0,405000.0,455000.0,525000.0,600000.0,623000.0,650650.0,725000.0,820000.0
98118,5~,115000.0,180000.0,105750.0,66750.0,90000.0,65500.0,85000.0,107450.0,132500.0,117500.0,152000.0,115750.0,142000.0,132000.0,145000.0,159000.0,181250.0,210000.0,229975.0,235200.0,255000.0,267250.0,290800.0,353000.0,399500.0,413750.0,405000.0,280000.0,318000.0,300000.0,240000.0,315000.0,353000.0,450000.0,487500.0,580000.0,655000.0,620000.0,714000.0,874000.0,899000.0
98119,0~2,69500.0,66700.0,74000.0,94500.0,78500.0,91070.0,87875.0,142500.0,174000.0,148000.0,170000.0,164000.0,194000.0,175250.0,194400.0,192950.0,252500.0,294000.0,332000.0,317600.0,338950.0,370000.0,423750.0,483000.0,542000.0,515725.0,537500.0,460000.0,438000.0,422475.0,475300.0,442500.0,602500.0,669000.0,708575.0,764550.0,867500.0,828500.0,877000.0,950500.0,1307000.0
98119,3~4,83500.0,101750.0,109000.0,99950.0,96700.0,127500.0,115000.0,167500.0,239500.0,245000.0,215000.0,213500.0,230000.0,223950.0,238500.0,276500.0,310000.0,360000.0,426500.0,438500.0,416000.0,439950.0,520000.0,580000.0,650000.0,705000.0,659500.0,625000.0,654500.0,620000.0,672750.0,709000.0,840000.0,910956.0,974500.0,1048000.0,1249500.0,1135000.0,1250000.0,1350000.0,1918000.0
98119,5~,,187500.0,140000.0,190000.0,,150000.0,157250.0,155000.0,212500.0,570000.0,328250.0,299475.0,230000.0,353250.0,285000.0,325000.0,452500.0,457000.0,528500.0,887500.0,553500.0,643000.0,535500.0,684975.0,715000.0,1100000.0,762000.0,899000.0,775000.0,747000.0,694500.0,895000.0,989000.0,1500000.0,1155000.0,1355000.0,2255000.0,1718750.0,1766000.0,2012500.0,1960000.0
98122,0~2,27539.5,69500.0,56750.0,70884.0,40250.0,35000.0,64000.0,55000.0,85500.0,110000.0,104000.0,115000.0,108700.0,113700.0,123000.0,134250.0,160750.0,197500.0,240000.0,230000.0,257000.0,276000.0,307500.0,330500.0,399750.0,409500.0,364000.0,328000.0,282500.0,317500.0,357333.0,411250.0,415000.0,510000.0,579000.0,667500.0,675000.0,727500.0,722000.0,799500.0,940000.0
98122,3~4,70000.0,84500.0,85000.0,76000.0,80000.0,74000.0,77150.0,86975.0,122750.0,123000.0,139000.0,149000.0,144500.0,153450.0,172500.0,179000.0,239000.0,275000.0,315000.0,317000.0,299000.0,380000.0,380250.0,440500.0,511000.0,575000.0,600000.0,431000.0,461000.0,465000.0,568500.0,524950.0,601500.0,695000.0,788000.0,899950.0,936000.0,937500.0,1050000.0,1125000.0,1068750.0
98122,5~,30800.0,95000.0,100500.0,127000.0,83200.0,131875.0,270000.0,54000.0,490000.0,130000.0,161000.0,145000.0,175000.0,187500.0,211000.0,229950.0,275000.0,330000.0,280000.0,430000.0,449900.0,539500.0,432725.0,590000.0,585000.0,511100.0,477500.0,454975.0,649999.5,742500.0,549000.0,565000.0,737450.0,839000.0,988888.0,1181000.0,975000.0,1101500.0,1400000.0,1510500.0,1695000.0
98125,0~2,60000.0,66500.0,59500.0,60000.0,66250.0,65375.0,72000.0,93250.0,115750.0,120250.0,118500.0,118400.0,125000.0,126250.0,128250.0,139000.0,160000.0,178000.0,191450.0,204500.0,220000.0,230000.0,261250.0,289500.0,332875.0,365000.0,326000.0,319000.0,298311.0,236000.0,290750.0,291000.0,350000.0,365000.0,415000.0,502250.0,524950.0,560000.0,575000.0,644500.0,550000.0
98125,3~4,81000.0,83000.0,81000.0,83500.0,87500.0,83500.0,103000.0,126000.0,155500.0,152000.0,145500.0,146975.0,150500.0,149125.0,162500.0,170000.0,195000.0,219975.0,237000.0,250000.0,260475.0,289950.0,315000.0,353000.0,401000.0,430000.0,385000.0,389000.0,364000.0,337500.0,335000.0,376750.0,426500.0,475000.0,554500.0,641000.0,694000.0,677000.0,741000.0,850000.0,927500.0
98125,5~,68207.5,118500.0,98000.0,89975.0,107000.0,105000.0,117350.0,118975.0,189500.0,165750.0,179475.0,167750.0,165500.0,178000.0,199950.0,201250.0,231500.0,255000.0,269450.0,269975.0,309000.0,299925.0,345000.0,430000.0,588500.0,483250.0,465000.0,435000.0,496500.0,370000.0,476350.0,444500.0,532475.0,550000.0,660000.0,735000.0,810000.0,717500.0,800000.0,1050000.0,873500.0
98126,0~2,50000.0,51550.0,59500.0,55000.0,56500.0,51840.5,60000.0,75950.0,88975.0,91725.0,101551.0,109000.0,110000.0,107000.0,112225.0,123875.0,128475.0,157500.0,177000.0,190026.5,209975.0,229500.0,252000.0,290000.0,319950.0,340000.0,330000.0,304250.0,280000.0,231197.5,240000.0,263001.0,314000.0,347500.0,404250.0,479000.0,510500.0,512500.0,559500.0,610457.5,685000.0
98126,3~4,68000.0,62975.0,57375.0,67450.0,71500.0,77000.0,75975.0,91750.0,129725.0,135000.0,127950.0,136800.0,134975.0,140500.0,146750.0,154000.0,173450.0,206750.0,233000.0,244950.0,257000.0,277500.0,306225.0,369725.0,401000.0,429975.0,409000.0,341500.0,354500.0,321500.0,335000.0,356250.0,415885.0,510000.0,550000.0,610000.0,650000.0,662500.0,719000.0,783000.0,929000.0
98126,5~,,157000.0,66000.0,125000.0,113750.0,83750.0,200000.0,131775.0,172000.0,180000.0,125000.0,153250.0,189000.0,189250.0,175000.0,166995.0,192000.0,214975.0,249900.0,249900.0,346250.0,310000.0,414000.0,410000.0,533500.0,479475.0,502750.0,397500.0,360000.0,469884.0,333500.0,405000.0,530500.0,477500.0,631250.0,751020.0,892500.0,812500.0,834000.0,1055000.0,975000.0
98133,0~2,61000.0,59825.0,61730.0,60000.0,64000.0,61500.0,68150.0,79750.0,100000.0,114975.0,116500.0,115000.0,117500.0,117500.0,125000.0,133884.0,155000.0,165000.0,178000.0,192725.0,209975.0,218000.0,240000.0,275000.0,320000.0,347500.0,310000.0,283975.0,275000.0,225000.0,254000.0,267000.0,304850.0,349950.0,397500.0,463350.0,498000.0,510000.0,549000.0,625000.0,700000.0
98133,3~4,77050.0,79950.0,74875.0,83500.0,81950.0,83993.0,96700.0,111500.0,145000.0,135000.0,136500.0,135000.0,143750.0,145000.0,149750.0,165000.0,180750.0,205000.0,219925.0,229000.0,246500.0,255000.0,279525.0,327500.0,360000.0,389000.0,371000.0,337000.0,309000.0,289000.0,297500.0,330000.0,365000.0,412000.0,482287.5,574000.0,601000.0,600000.0,646250.0,755000.0,910000.0
98133,5~,86900.0,84500.0,117900.0,86750.0,90500.0,97000.0,99950.0,123475.0,155000.0,165000.0,158225.0,145000.0,156000.0,162500.0,167000.0,180659.5,219975.0,217475.0,264500.0,249950.0,275000.0,282475.0,320000.0,376000.0,421750.0,429250.0,425000.0,375950.0,329500.0,342000.0,351064.0,384500.0,397000.0,477000.0,567500.0,624950.0,682500.0,692500.0,740000.0,897500.0,1100000.0
98134,0~2,,,,,,,,,,,,106000.0,,,,,,,165000.0,,,,,,334950.0,,,,,,,,,,,,480000.0,,,,
98134,3~4,,,,,,,,,,,,,,,,,,,228100.0,,269950.0,,,,,,,,,,,,,520000.0,,575000.0,,660000.0,,,
98136,0~2,55000.0,62475.0,57950.0,65750.0,60475.0,62000.0,68625.0,100000.0,120000.0,127850.0,122500.0,128500.0,128750.0,135556.0,140500.0,155000.0,170000.0,193500.0,220450.0,219950.0,245000.0,270050.0,299950.0,354500.0,385000.0,406500.0,355000.0,351125.0,342975.0,315000.0,331000.0,372000.0,377475.0,440000.0,474500.0,530000.0,606000.0,582250.0,630000.0,725000.0,827500.0
98136,3~4,64500.0,88000.0,80500.0,90475.0,90000.0,112500.0,97000.0,125000.0,170000.0,170000.0,163000.0,171000.0,169450.0,170000.0,185750.0,208500.0,232500.0,269997.5,304500.0,298000.0,332500.0,349000.0,405000.0,449950.0,560000.0,584950.0,486500.0,440000.0,479950.0,431500.0,420000.0,474500.0,547500.0,583000.0,658250.0,739000.0,806500.0,780000.0,849000.0,942500.0,1125000.0
98136,5~,,105250.0,85950.0,143500.0,64950.0,255000.0,190000.0,131000.0,198750.0,158500.0,205000.0,185000.0,213250.0,194500.0,229500.0,183250.0,275000.0,295000.0,340000.0,328950.0,366000.0,388650.0,440500.0,574000.0,620000.0,600000.0,603500.0,660025.0,525000.0,625000.0,696500.0,603000.0,815000.0,670000.0,960000.0,900000.0,985000.0,1050000.0,1050000.0,1110000.0,1763000.0
98144,0~2,56625.0,62750.0,53000.0,54000.0,54500.0,48000.0,68000.0,59975.0,80250.0,106000.0,90000.0,106000.0,92000.0,108000.0,112100.0,116250.0,145000.0,165000.0,170000.0,180000.0,215250.0,230000.0,243475.0,301088.0,326500.0,347475.0,322000.0,280000.0,320000.0,249750.0,259000.0,288317.5,399750.0,390000.0,442500.0,591000.0,577750.0,653250.0,725000.0,698000.0,610000.0
98144,3~4,78000.0,80000.0,70250.0,67000.0,71000.0,81000.0,99000.0,104000.0,119250.0,128000.0,135000.0,140000.0,140000.0,139141.5,146000.0,171250.0,179475.0,228000.0,249975.0,278500.0,301000.0,308475.0,370000.0,395000.0,461750.0,470000.0,491000.0,409500.0,472500.0,421600.0,434250.0,465000.0,480000.0,610000.0,600000.0,702500.0,780000.0,823500.0,848888.0,967500.0,1100000.0
98144,5~,179750.0,97000.0,133200.0,88500.0,135000.0,84000.0,172375.0,132500.0,124500.0,216250.0,186500.0,184000.0,142750.0,216950.0,187000.0,192500.0,202500.0,242000.0,357500.0,266500.0,495000.0,335000.0,374500.0,597750.0,660000.0,580000.0,490000.0,490000.0,595000.0,405655.0,371250.0,626625.0,749500.0,653000.0,710000.0,817500.0,1169995.0,934000.0,930000.0,1321500.0,999000.0
98146,0~2,45500.0,49375.0,48000.0,52950.0,53000.0,53500.0,60000.0,58741.0,83225.0,85750.0,85850.0,87000.0,90950.0,90000.0,95000.0,104950.0,112500.0,134225.0,149000.0,151000.0,166000.0,169950.0,199950.0,222000.0,262500.0,273000.0,286500.0,251250.0,181500.0,145000.0,170000.0,185000.0,209950.0,240500.0,263000.0,342611.0,387500.0,415000.0,455000.0,482500.0,555000.0
98146,3~4,67600.0,69000.0,69000.0,74250.0,73700.0,76500.0,75500.0,101500.0,114975.0,125000.0,120000.0,119950.0,120500.0,126500.0,135250.0,140000.0,149700.0,178000.0,185000.0,192250.0,208000.0,223450.0,247000.0,283500.0,327950.0,349975.0,340000.0,308000.0,262750.0,236000.0,215000.0,273081.5,283850.0,330000.0,410000.0,460000.0,510000.0,509600.0,570000.0,650000.0,725000.0
98146,5~,,79950.0,53000.0,74500.0,105000.0,88000.0,120000.0,125000.0,119500.0,210000.0,113750.0,145000.0,129250.0,132000.0,145250.0,146375.0,155000.0,187000.0,210000.0,190860.0,205500.0,242100.0,299950.0,300000.0,386000.0,393100.0,349500.0,406250.0,306750.0,235000.0,325000.0,288959.0,290000.0,382475.0,453500.0,553000.0,607500.0,535000.0,601870.0,787500.0,825000.0
98148,0~2,,59000.0,45000.0,62475.0,63000.0,53725.0,66250.0,109250.0,82000.0,85000.0,94000.0,89950.0,88500.0,104123.0,99500.0,99000.0,119000.0,139000.0,145000.0,145225.0,147500.0,156500.0,209000.0,213950.0,240000.0,250000.0,228975.0,194200.0,195000.0,134950.0,120040.0,166297.0,177000.0,195000.0,249000.0,279500.0,347475.0,321680.0,362000.0,433000.0,
98148,3~4,73000.0,67550.0,68000.0,73000.0,71750.0,79750.0,74950.0,89950.0,122000.0,107000.0,112500.0,113000.0,124500.0,132000.0,125000.0,135000.0,141000.0,178000.0,190000.0,181000.0,200000.0,202000.0,218500.0,262850.0,305000.0,320500.0,300400.0,250700.0,255000.0,187475.0,208000.0,214500.0,251200.0,286500.0,325000.0,350000.0,424950.0,425000.0,475000.0,580000.0,533500.0
98148,5~,,102000.0,,73000.0,87978.0,91750.0,94000.0,105000.0,135000.0,139750.0,143475.0,136950.0,135000.0,134000.0,136500.0,151000.0,179500.0,193712.5,189475.0,235000.0,231500.0,237000.0,269900.0,299000.0,370000.0,424950.0,344750.0,252500.0,298975.0,274000.0,247581.0,289500.0,195150.0,343975.0,383000.0,465000.0,530000.0,475300.0,500000.0,692475.0,675000.0
98155,0~2,45500.0,56000.0,57000.0,60000.0,59975.0,60000.0,66372.5,87950.0,116500.0,102495.0,107950.0,111661.0,117000.0,119250.0,116750.0,130000.0,144975.0,155000.0,172000.0,183000.0,189000.0,210000.0,228500.0,256000.0,300000.0,325000.0,302500.0,279000.0,257000.0,194450.0,201338.5,249975.0,274950.0,320000.0,357400.0,462625.0,482500.0,502500.0,525000.0,645000.0,685000.0
98155,3~4,76000.0,89000.0,78900.0,80000.0,85475.0,87000.0,94950.0,115000.0,138000.0,144000.0,134992.0,139950.0,144500.0,146700.0,152500.0,162950.0,184950.0,192250.0,212000.0,229500.0,240000.0,250000.0,283250.0,321750.0,364850.0,390750.0,365000.0,336500.0,325000.0,290000.0,299000.0,358750.0,358500.0,400000.0,479961.0,565000.0,620000.0,605000.0,659000.0,778000.0,850000.0
98155,5~,74500.0,102975.0,112000.0,94975.0,104000.0,99250.0,129725.0,140000.0,184000.0,165000.0,163500.0,170000.0,165000.0,170975.0,201000.0,195000.0,220000.0,248950.0,280000.0,263750.0,304950.0,299324.5,335975.0,425000.0,500000.0,546500.0,445000.0,382000.0,400000.0,350000.0,372000.0,452500.0,493500.0,535000.0,606500.0,701000.0,732500.0,755000.0,900000.0,1100000.0,1085000.0
98166,0~2,83000.0,67900.0,53000.0,59000.0,55500.0,73000.0,54850.0,127000.0,92000.0,109250.0,97750.0,102000.0,98475.0,112500.0,109500.0,119500.0,132000.0,144000.0,161500.0,160500.0,174750.0,180000.0,210000.0,239950.0,270725.0,304000.0,264990.0,239900.0,213850.0,179000.0,215221.0,250122.0,245694.0,262500.0,310000.0,351250.0,443600.0,447500.0,428000.0,500000.0,530500.0
98166,3~4,77000.0,96000.0,116750.0,97000.0,95000.0,120000.0,122000.0,132000.0,145000.0,150000.0,155000.0,165000.0,161875.0,171000.0,162500.0,195750.0,226000.0,238450.0,244900.0,251000.0,255200.0,285000.0,299925.0,369975.0,415000.0,447900.0,365000.0,365000.0,325000.0,339500.0,322599.5,337500.0,360000.0,402500.0,456050.0,510000.0,600000.0,615000.0,638750.0,772000.0,800000.0
98166,5~,226500.0,95000.0,155500.0,109000.0,124250.0,105750.0,149000.0,184500.0,225000.0,287500.0,207500.0,224250.0,237250.0,191000.0,250000.0,234950.0,284750.0,262000.0,352263.0,345000.0,366000.0,350000.0,417500.0,465000.0,520000.0,577500.0,461750.0,482500.0,433500.0,425250.0,351625.0,499950.0,527475.0,464250.0,611000.0,662500.0,735000.0,835000.0,799900.0,933000.0,1000000.0
98168,0~2,55000.0,54500.0,46250.0,50000.0,52500.0,56500.0,63750.0,55950.0,73000.0,84250.0,84975.0,88500.0,85000.0,87500.0,90000.0,97250.0,113750.0,121500.0,137950.0,143054.0,152450.0,165000.0,179975.0,214475.0,245000.0,242000.0,238000.0,174562.5,160000.0,119950.0,129000.0,152200.0,174500.0,210000.0,245000.0,302500.0,325000.0,332500.0,380000.0,455000.0,455000.0
98168,3~4,60125.0,64650.0,63250.0,62250.0,64590.5,65750.0,68825.0,78000.0,95000.0,104000.0,103750.0,107500.0,109500.0,111000.0,114150.0,124000.0,138500.0,147000.0,162000.0,172000.0,184500.0,196000.0,219975.0,247500.0,285000.0,304975.0,270000.0,230000.0,199950.0,155000.0,168950.0,198323.5,220000.0,270000.0,300000.0,350000.0,390000.0,405000.0,450000.0,525000.0,582500.0
98168,5~,102500.0,62000.0,64375.0,75000.0,81500.0,61000.0,80612.5,92500.0,119500.0,125000.0,124500.0,103250.0,123000.0,115405.0,118500.0,143250.0,149000.0,185000.0,169475.0,185975.0,216750.0,230000.0,251475.0,312000.0,296500.0,385000.0,332500.0,276000.0,226000.0,183942.0,216475.0,248500.0,239975.0,301000.0,382000.0,392500.0,520000.0,500000.0,485000.0,600000.0,700000.0
98176,5~,,,,,,,,,,,,,,,,,,,,,,321000.0,,,,,,,,,,,,,,,,,,,
98177,0~2,63000.0,82000.0,95000.0,82000.0,85250.0,85000.0,110000.0,129950.0,138000.0,145975.0,143000.0,148425.0,150000.0,142500.0,162250.0,173000.0,185000.0,210000.0,223975.0,230000.0,254900.0,277500.0,299000.0,359650.0,407500.0,430500.0,408475.0,341000.0,385000.0,300000.0,345000.0,370000.0,365500.0,449250.0,508750.0,596425.0,615000.0,635000.0,686000.0,772000.0,824000.0
98177,3~4,97250.0,117500.0,113250.0,99995.0,111500.0,119950.0,128125.0,146500.0,191000.0,205000.0,191250.0,192000.0,185000.0,198750.0,190000.0,229500.0,250000.0,287375.0,310050.0,309000.0,322950.0,347500.0,393000.0,420000.0,475000.0,550000.0,489950.0,501000.0,421500.0,426250.0,443500.0,463000.0,557000.0,585000.0,640000.0,710000.0,787000.0,799975.0,900000.0,1039000.0,1090000.0
98177,5~,130000.0,94100.0,117000.0,137500.0,139500.0,147500.0,150250.0,195000.0,239000.0,288500.0,255500.0,250000.0,300000.0,259950.0,287500.0,348000.0,329000.0,318500.0,399950.0,365500.0,430000.0,424250.0,531000.0,575000.0,737500.0,830000.0,541000.0,469000.0,522950.0,525000.0,485000.0,622658.0,722500.0,800000.0,823500.0,775000.0,1050000.0,970000.0,1250000.0,1380000.0,1170000.0
98178,0~2,58000.0,57000.0,54500.0,49475.0,50975.0,54750.0,55000.0,70000.0,76000.0,84000.0,85000.0,85000.0,90000.0,95225.0,92500.0,102500.0,112000.0,133950.0,142300.0,154725.0,162000.0,170000.0,184500.0,217950.0,261000.0,274975.0,241500.0,177500.0,181000.0,138500.0,129500.0,172500.0,200000.0,226000.0,266500.0,305000.0,325500.0,367500.0,398499.5,475000.0,495000.0
98178,3~4,67250.0,70000.0,69975.0,70475.0,72000.0,76000.0,85000.0,87500.0,116800.0,115000.0,114975.0,114925.0,118000.0,120000.0,118000.0,133750.0,160000.0,170000.0,183000.0,200000.0,207000.0,219975.0,240000.0,266500.0,325000.0,343173.5,285000.0,253500.0,240000.0,189927.5,197500.0,230000.0,251700.0,290250.0,356500.0,419500.0,458500.0,461950.0,525000.0,617000.0,630000.0
98178,5~,123000.0,212750.0,110410.0,81062.5,82000.0,87950.0,99450.0,105000.0,98500.0,117500.0,150367.5,129900.0,134000.0,148700.0,157725.0,171000.0,189950.0,190950.0,235000.0,264000.0,249000.0,283750.0,329000.0,319000.0,402000.0,400000.0,367712.5,325000.0,290000.0,255000.0,239000.0,287466.0,287000.0,367200.0,432500.0,494000.0,535000.0,577500.0,670000.0,750000.0,680000.0
98188,0~2,49750.0,49500.0,75000.0,53725.0,57000.0,63125.0,57500.0,64900.0,81950.0,81500.0,87900.0,87000.0,97000.0,95000.0,92217.0,109000.0,116500.0,127750.0,144475.0,146500.0,146162.5,170000.0,175000.0,217500.0,229300.0,259000.0,235000.0,178000.0,193750.0,125199.0,111700.0,153750.0,193000.0,209000.0,238000.0,282500.0,315000.0,340000.0,370000.0,445000.0,512500.0
98188,3~4,70000.0,77000.0,75000.0,67000.0,66000.0,74950.0,74950.0,90250.0,104000.0,112500.0,111250.0,121000.0,122750.0,125000.0,120000.0,129500.0,142000.0,156590.0,173000.0,182500.0,200000.0,210000.0,223000.0,257975.0,295000.0,320000.0,294600.0,232000.0,214500.0,165000.0,179660.0,219450.0,235000.0,272750.0,318950.0,350000.0,404206.0,420000.0,454000.0,551750.0,610000.0
98188,5~,79750.0,96837.5,103990.0,73250.0,74225.0,83952.0,133000.0,97000.0,118500.0,139950.0,132000.0,131250.0,140000.0,135999.5,127000.0,155000.0,167475.0,178500.0,171975.0,206950.0,206250.0,241000.0,245000.0,307225.0,316500.0,379500.0,320000.0,252750.0,210000.0,220433.5,194900.0,240000.0,275000.0,336000.0,390000.0,400000.0,450000.0,480000.0,539950.0,670000.0,842500.0
98198,0~2,70500.0,64000.0,49500.0,80000.0,76500.0,75000.0,70800.0,87500.0,88000.0,107750.0,95000.0,111500.0,97500.0,118000.0,119750.0,121500.0,137500.0,152305.5,149975.0,169000.0,160000.0,175750.0,191000.0,219500.0,269500.0,289250.0,254000.0,224500.0,241000.0,195500.0,175000.0,180000.0,187000.0,255000.0,276750.0,296000.0,337000.0,350000.0,405000.0,441000.0,415000.0
98198,3~4,67000.0,70500.0,76320.0,69000.0,72950.0,79500.0,83655.0,89900.0,114725.0,125000.0,119950.0,123000.0,123000.0,124950.0,132975.0,134950.0,150000.0,159925.0,173000.0,180000.0,195000.0,205000.0,225000.0,259995.0,288000.0,308000.0,284975.0,244750.0,228950.0,202800.0,185000.0,226750.0,250000.0,280000.0,316000.0,359950.0,385000.0,402000.0,450250.0,531000.0,585000.0
98198,5~,60750.0,76000.0,74000.0,79500.0,80475.0,86375.0,82600.0,132475.0,126950.0,120000.0,133750.0,139950.0,144500.0,140000.0,147500.0,142000.0,172000.0,179000.0,211500.0,209032.5,242600.0,237000.0,269168.5,274500.0,336500.0,349750.0,308225.0,266200.0,257500.0,215000.0,195000.0,245475.0,276000.0,328500.0,359944.0,400000.0,491000.0,472000.0,530000.0,644975.0,780000.0
98199,0~2,87500.0,86750.0,95000.0,83000.0,89950.0,90000.0,109025.0,125500.0,178475.0,160000.0,160000.0,159475.0,168000.0,178000.0,176250.0,197500.0,219950.0,259000.0,300000.0,305000.0,331000.0,316000.0,350000.0,424975.0,469500.0,522500.0,513000.0,400000.0,385000.0,380500.0,407350.0,460175.0,501500.0,585000.0,592500.0,711054.0,812850.0,747500.0,860000.0,935000.0,1230000.0
98199,3~4,120000.0,127000.0,105000.0,112000.0,122250.0,124905.0,130250.0,180000.0,242000.0,230000.0,212000.0,210000.0,229000.0,232500.0,230000.0,279900.0,295500.0,342000.0,375000.0,388500.0,417975.0,439000.0,499850.0,600000.0,645000.0,729500.0,656000.0,577500.0,595000.0,515000.0,551000.0,675000.0,709005.5,777000.0,824000.0,957594.5,1080000.0,1050000.0,1180000.0,1325000.0,1740000.0
98199,5~,107250.0,130000.0,163000.0,130000.0,103000.0,247500.0,138000.0,280000.0,262500.0,325000.0,256500.0,302500.0,295000.0,268000.0,326000.0,325250.0,341000.0,550000.0,535000.0,492500.0,525000.0,576000.0,700000.0,753475.0,780000.0,874500.0,965000.0,829500.0,840000.0,700000.0,687000.0,994000.0,1093750.0,1330000.0,942500.0,1365000.0,1780000.0,1650000.0,1900000.0,1850000.0,2200000.0
98224,0~2,,49750.0,27000.0,,50000.0,,,82500.0,64300.0,,82500.0,68000.0,79250.0,65000.0,80000.0,62000.0,107700.0,83000.0,113950.0,125000.0,103000.0,119250.0,133900.0,164250.0,166000.0,215500.0,162000.0,206000.0,237000.0,105500.0,140000.0,102226.5,112636.0,172500.0,194250.0,255000.0,237500.0,,357500.0,400837.5,
98224,3~4,,85000.0,54495.0,,45500.0,39263.0,108700.0,30500.0,,,73500.0,155000.0,85250.0,29228.0,,165000.0,119500.0,107000.0,107475.0,96000.0,101000.0,140000.0,,122500.0,100000.0,234000.0,,97500.0,164000.0,109000.0,137000.0,70000.0,124198.5,97000.0,184100.0,255000.0,372500.0,324500.0,400000.0,281250.0,357500.0
98251,0~2,,,,,,,,,,,,,,,,,,,,,,,,,,,,,,,,,,,315000.0,,,,,,
98288,0~2,40975.0,16000.0,32500.0,38000.0,,29500.0,50000.0,33000.0,35000.0,74000.0,36250.0,77250.0,39000.0,38000.0,85500.0,55000.0,60900.0,69000.0,87500.0,100000.0,144000.0,145000.0,101850.0,135250.0,135000.0,197500.0,128500.0,157125.0,169250.0,140000.0,93000.0,130000.0,155000.0,79000.0,135000.0,150000.0,227500.0,260000.0,265000.0,380000.0,1120000.0
98288,3~4,28000.0,30250.0,29500.0,40000.0,42500.0,38750.0,,65600.0,64500.0,38500.0,73875.0,81500.0,69975.0,79500.0,37000.0,132000.0,97500.0,79000.0,132000.0,125000.0,92500.0,104500.0,140000.0,140500.0,161885.0,155000.0,262500.0,128125.0,230000.0,109000.0,152500.0,166250.0,116834.0,160000.0,220500.0,215000.0,247000.0,225000.0,420500.0,332500.0,600000.0
98288,5~,,,36500.0,,,,,,,,,,,,,,,,,,,,,,,,,,,,,,,235000.0,,,333800.0,,,,
98338,5~,,,,,,,,,,,,,,,,,,,,,,,,,,,,,,,,,,,,,,,2075000.0,,
98354,0~2,60000.0,62700.0,,,,,,,,,125000.0,106000.0,,115000.0,105000.0,106778.0,125000.0,,127500.0,,,173000.0,196820.0,187500.0,,93531.0,,250000.0,184975.5,,,,,206000.0,,235000.0,,85000.0,396500.0,,
98354,3~4,65000.0,68100.0,73273.0,,82400.0,81000.0,78450.0,86725.0,110000.0,127500.0,123000.0,125000.0,131250.0,133450.0,142000.0,143650.0,163245.0,159950.0,155000.0,188000.0,199250.0,208750.0,251975.0,288500.0,317500.0,294450.0,250258.0,237500.0,242500.0,216750.0,217000.0,257984.0,246950.0,328450.0,305000.0,350000.0,356000.0,385350.0,420000.0,533500.0,567500.0
98354,5~,,,,,82500.0,,,,,,139950.0,134950.0,,142000.0,,,152000.0,151642.5,179250.0,196000.0,,,316975.0,280000.0,349950.0,,459500.0,263826.0,360000.0,,,370000.0,327650.0,,,,,,480000.0,845000.0,
98405,3~4,,,,,,,,,,,,,,,,,,,,,,,,,,,,,,,,,,,,,,864339.0,1197155.0,,
98405,5~,,,,,,,,,,,,,,,,,,,,,,,,,,,,,,,,,,,,,,958806.0,,,
98422,3~4,,,,,,,,62900.0,,,,,,303950.0,,,,,,,,,,,,,,,,161200.0,,,,,,,,,,,
98422,5~,,,,,,,,,,,,,,,,,,,,,,,,,,,,,,,,,,,,,1920000.0,,,,
98455,5~,,,,,,,,,,,,,,,,,,,,,,,,,,,,,,,,,,,,,,,,1044293.0,
98952,3~4,,,,,,,,,,,,,,,,,,,,,,,,,,,,,,,,,,,,,,,399466.0,,
98956,3~4,,,,,,,,,,,,,,,,,,,,,,,,,,,,,,,,,,,,,,,1165000.0,,
99019,3~4,,,,,,,,,,,,,,,,,,,,,,,,,,,,,345950.0,,,,,,,,,,,,
