ZipCode,TrafficNoise,1982,1983,1984,1985,1986,1987,1988,1989,1990,1991,1992,1993,1994,1995,1996,1997,1998,1999,2000,2001,2002,2003,2004,2005,2006,2007,2008,2009,2010,2011,2012,2013,2014,2015,2016,2017,2018,2019,2020,2021,2022
90055,1,,,,,,,,,,,,,,,,,,,,,,,,,,,,,38000.0,,,,,,,,,,,,
90333,0,,,,,,,,,,,,,,,,,,,,,,,,,,,,,,,,,,,,,,,1675000.0,,
90838,0,,,,,,,,,,,,,,,,,,,,,,,,,,,,,,,,,,,,,,,809900.0,,
90855,0,,,,,,,,,,,,,,,,,,,,,,,,294950.0,,,,,,,,,,,,,,,,,
95055,0,,,,,,,,,,,,,,,,,,,,,,,,274950.0,,,,,,,,,,,,,,,,,
95059,0,,,,,,,,,,,,,,,,,,,,,,,,,,,,,,,,,,,,,,763000.0,,,
95125,0,,,,,,,,,,,,,,,,,,,,,,,,715000.0,,,,,,,,750000.0,,,,,,,,,
98000,0,,,,,,189000.0,211000.0,,,124999.0,188000.0,364950.0,369950.0,,530750.0,405975.0,585000.0,466750.0,520000.0,,,,665000.0,460500.0,,377475.0,,675000.0,599950.0,,,555000.0,753000.5,660500.0,750000.0,,1245273.0,,,,
98000,1,,,,,,,,,,,,,205000.0,,326000.0,350000.0,,429950.0,,,,,,952000.0,,,,1100000.0,,,384000.0,,,,912000.0,,,,1750000.0,,
98000,2,,,,,,,,,,,630000.0,,533000.0,533000.0,,,,,,,,,,,,,,,,663700.0,,,,,,,,,,2200000.0,
98001,0,70000.0,72990.0,70900.0,75490.0,78000.0,78750.0,95500.0,101500.0,117895.0,119950.0,118850.0,124925.0,126000.0,129000.0,135000.0,140000.0,148500.0,160000.0,179000.0,197500.0,196000.0,211950.0,239000.0,275000.0,322750.0,326618.0,289563.5,246000.0,241359.0,205000.0,204000.0,229898.0,237197.0,279950.0,300271.5,342000.0,385000.0,390000.0,435000.0,531000.0,600000.0
98001,1,67500.0,79950.0,79950.0,56800.0,72000.0,107994.0,63950.0,81000.0,82500.0,123000.0,96750.0,98000.0,112000.0,120950.0,138450.0,114000.0,137000.0,140500.0,157000.0,169000.0,172450.0,180675.0,239000.0,235000.0,244990.0,345500.0,265000.0,210000.0,131000.0,174000.0,154000.0,210927.0,240950.0,215000.0,268299.0,310000.0,311000.0,379500.0,365000.0,513000.0,
98001,2,64075.0,34750.0,56250.0,60000.0,70795.0,55975.0,61500.0,86950.0,143150.0,108750.0,106475.0,110000.0,111500.0,128500.0,120500.0,118000.0,115638.0,138475.0,138000.0,151725.0,172000.0,182000.0,180000.0,260000.0,247450.0,299950.0,225500.0,174500.0,204375.0,155000.0,175000.0,180000.5,214957.0,194500.0,275000.0,243650.0,317500.0,307500.0,415000.0,565000.0,475000.0
98001,3,,,,,,,,,,,109950.0,,,119950.0,,,,,156250.0,,219950.0,,210000.0,,347500.0,,,,174000.0,,,,,,,,,,,,
98002,0,59150.0,59722.0,61000.0,64750.0,63500.0,66125.0,69975.0,77407.5,90000.0,105000.0,103500.0,100000.0,107000.0,109950.0,117700.0,122875.0,134000.0,143000.0,149700.0,162250.0,170900.0,172000.0,187000.0,228000.0,253500.0,260750.0,258600.0,225000.0,189000.0,159512.5,162000.0,180000.0,200000.0,224500.0,257500.0,288500.0,315000.0,335000.0,380000.0,450000.0,479999.0
98002,1,90000.0,63510.0,59000.0,,56000.0,67250.0,55000.0,86000.0,63000.0,84500.0,113175.0,87000.0,104500.0,104000.0,115000.0,104000.0,120975.0,132225.0,133500.0,158100.0,159975.0,175500.0,188245.0,221650.0,243744.5,262000.0,244000.0,210000.0,159825.0,120000.0,165000.0,190000.0,189900.0,210000.0,248500.0,303500.0,306000.0,335000.0,385500.0,465000.0,448500.0
98002,2,,,40000.0,,49900.0,,59475.0,52725.0,93000.0,83674.5,85500.0,85500.0,90000.0,75000.0,104500.0,119250.0,118300.0,132450.0,131400.0,128000.0,153775.0,165000.0,178626.5,185260.0,212475.0,255000.0,193750.0,1150.0,125000.0,79800.0,85000.0,180000.0,213500.0,182750.0,223000.0,220530.0,293750.0,278400.0,345000.0,410000.0,
98002,3,,,,22500.0,,51900.0,,,100125.0,,86500.0,72000.0,92000.0,21938.0,88000.0,85000.0,95200.0,94750.0,127950.0,130760.0,144475.0,113500.0,175900.0,228000.0,227175.0,172443.0,202000.0,160000.0,,84000.0,95750.0,106699.5,136665.0,95682.0,266750.0,282000.0,246500.0,275000.0,326250.0,380000.0,450000.0
98003,0,69000.0,69925.0,75000.0,79175.0,75925.0,85000.0,89950.0,103250.0,115000.0,125000.0,133250.0,131500.0,139950.0,139990.0,146725.0,147000.0,155000.0,171500.0,180000.0,185000.0,200000.0,213150.0,230000.0,265800.0,300000.0,310000.0,293500.0,242000.0,227500.0,194950.0,195000.0,222000.0,240813.0,270000.0,295500.0,343500.0,370000.0,395750.0,440000.0,529000.0,567500.0
98003,1,55000.0,56950.0,,76500.0,99000.0,57950.0,91500.0,90500.0,99300.0,123875.0,112000.0,123725.0,114950.0,137000.0,130000.0,115250.0,135000.0,140000.0,155500.0,177700.0,181450.0,198500.0,229000.0,247500.0,280500.0,305000.0,300000.0,255000.0,178000.0,140175.0,196383.0,208250.0,193563.0,243975.0,267500.0,301500.0,367500.0,380000.0,410000.0,476000.0,368000.0
98003,2,66500.0,,,129500.0,110000.0,100000.0,70000.0,,174450.0,95000.0,101600.0,109000.0,113000.0,134000.0,113000.0,140100.0,126300.0,152500.0,244000.0,262450.0,197000.0,207500.0,203750.0,241625.0,332500.0,395000.0,308500.0,215000.0,232500.0,200000.0,145000.0,225000.0,215000.0,229500.0,300000.0,355000.0,335500.0,405000.0,441000.0,706000.0,531250.0
98003,3,,,,,,,104500.0,,,,129950.0,105975.0,110500.0,124989.0,412500.0,108500.0,160000.0,120000.0,171000.0,240000.0,185000.0,251985.0,265000.0,171000.0,250000.0,396750.0,213000.0,219000.0,238804.0,195000.0,108900.0,500.0,310000.0,190000.0,300000.0,200000.0,415000.0,497000.0,190000.0,525000.0,719000.0
98004,0,94000.0,119500.0,155975.0,150000.0,140000.0,140250.0,170500.0,239725.0,395000.0,202500.0,270000.0,282900.0,322500.0,329800.0,317500.0,392500.0,413000.0,486000.0,520000.0,571250.0,496500.0,605000.0,790000.0,940000.0,1205500.0,1315000.0,1246750.0,950000.0,985657.0,855000.0,1042500.0,1215000.0,1388000.0,1727500.0,1937750.0,2100000.0,2599975.0,2400000.0,2400000.0,2925000.0,4400000.0
98004,1,111225.0,200000.0,90000.0,112500.0,124750.0,134725.0,123000.0,255000.0,210000.0,195000.0,223000.0,237500.0,217500.0,235000.0,320000.0,275000.0,376500.0,358000.0,425000.0,485000.0,420000.0,582500.0,589500.0,839900.0,950000.0,1165500.0,1500000.0,921500.0,710500.0,663267.5,695212.5,900000.0,1207500.0,1274000.0,1255000.0,1611325.0,2255720.5,1535000.0,2400000.0,2550000.0,4400000.0
98004,2,75000.0,108500.0,85000.0,167500.0,135000.0,150000.0,172500.0,186250.0,278000.0,270000.0,217959.0,259000.0,235000.0,214975.0,320700.0,361975.0,297000.0,371000.0,354000.0,525000.0,520975.0,525000.0,566000.0,737000.0,870000.0,1190400.0,1050000.0,928000.0,750000.0,668997.5,975000.0,650000.0,1000000.0,1369000.0,1336500.0,1820000.0,2310000.0,2050000.0,1600000.0,2350000.0,3100000.0
98004,3,,,,202585.0,,,164900.0,224975.0,,,424000.0,335000.0,199999.0,425000.0,333750.0,370000.0,521125.0,481500.0,422500.0,542987.0,834500.0,410000.0,644340.0,655000.0,775000.0,1190000.0,1027250.0,583000.0,635000.0,724975.0,516250.0,1337900.0,1047000.0,977500.0,1550000.0,1165000.0,1540000.0,1500000.0,1268750.0,2334500.0,2666000.0
98005,0,92000.0,130000.0,119950.0,125000.0,137725.0,124875.0,140000.0,155500.0,225000.0,230000.0,209250.0,216500.0,206500.0,269950.0,230000.0,280000.0,335000.0,357500.0,407475.0,377750.0,401000.0,450000.0,499950.0,572000.0,675000.0,768500.0,710000.0,568900.0,560000.0,561000.0,625000.0,718000.0,788000.0,821000.0,948000.0,1101001.0,1255000.0,1398000.0,1405000.0,1805000.0,2260000.0
98005,1,,107000.0,106750.0,110000.0,102500.0,105000.0,118625.0,137500.0,186350.0,280000.0,164000.0,203250.0,200000.0,170000.0,213000.0,245000.0,250500.0,299950.0,330000.0,346242.0,383475.0,360000.0,389975.0,462000.0,540000.0,575000.0,540000.0,500000.0,572400.0,440000.0,487500.0,634725.0,662500.0,700000.0,802900.0,1095000.0,1185000.0,854250.0,1200000.0,1720000.0,2087500.0
98005,2,,185000.0,75000.0,155000.0,124950.0,115500.0,273750.0,213750.0,284500.0,,151500.0,173550.0,212500.0,215000.0,237500.0,254000.0,367500.0,447000.0,371250.0,410000.0,454450.0,417975.0,390000.0,450000.0,849990.0,835000.0,1150000.0,590000.0,469800.0,760000.0,503500.0,757500.0,762500.0,855000.0,787500.0,1162500.0,798000.0,1165000.0,2060000.0,1362500.0,1350000.0
98005,3,,124000.0,109500.0,,159900.0,120000.0,125000.0,145500.0,250000.0,,204000.0,226000.0,,185000.0,232475.0,244999.0,292000.0,298500.0,312500.0,469950.0,380250.0,469950.0,417750.0,465000.0,602500.0,588000.0,,437000.0,511500.0,,582500.0,544000.0,211800.0,449228.0,1019000.0,1000000.0,925000.0,955000.0,,1442500.0,
98006,0,126000.0,124000.0,130000.0,128900.0,127750.0,147000.0,148500.0,183260.0,248950.0,229975.0,225000.0,229000.0,257250.0,252500.0,269000.0,299500.0,347000.0,376000.0,418000.0,427000.0,420000.0,431225.0,488000.0,569000.0,652500.0,700000.0,640200.0,589950.0,625000.0,590250.0,620500.0,698000.0,750652.5,781250.0,875000.0,1100000.0,1119000.0,1090000.0,1200000.0,1500000.0,1815000.0
98006,1,162500.0,102750.0,99475.0,120000.0,76500.0,99950.0,135900.0,184920.0,266422.5,192000.0,186500.0,198000.0,210750.0,214500.0,218500.0,274700.0,289500.0,308950.0,322000.0,367550.0,374750.0,380000.0,400000.0,500000.0,565000.0,572500.0,579500.0,572500.0,545000.0,406000.0,568000.0,515000.0,713500.0,625000.0,675000.0,950000.0,1045000.0,950000.0,1060000.0,1305000.0,1300000.0
98006,2,137000.0,93250.0,90000.0,100467.5,92000.0,79900.0,99000.0,117000.0,199000.0,160500.0,160000.0,170000.0,177000.0,185000.0,186250.0,210000.0,225000.0,201500.0,280000.0,292500.0,277900.0,330000.0,384750.0,368500.0,465000.0,488000.0,437000.0,449000.0,360000.0,450000.0,362600.0,463181.5,484400.0,605000.0,750000.0,668000.0,805000.0,940000.0,850000.0,1322500.0,950000.0
98006,3,,,,89500.0,99750.0,89500.0,118500.0,171000.0,175000.0,130000.0,157350.0,173900.0,222000.0,172420.0,151250.0,237950.0,246200.0,261900.0,275000.0,383272.0,297117.0,258000.0,349500.0,460000.0,610000.0,475000.0,430000.0,415000.0,410000.0,337500.0,436000.0,429500.0,490000.0,495000.0,580000.0,949000.0,767101.0,672498.5,809500.0,857000.0,
98007,0,135475.0,86750.0,92500.0,84670.0,83725.0,127700.0,111500.0,129950.0,182875.0,171500.0,160000.0,165000.0,170500.0,169450.0,183000.0,189450.0,232950.0,260000.0,286000.0,290000.0,310000.0,299975.0,349975.0,409950.0,500000.0,527500.0,490158.0,440000.0,413750.0,398600.0,420000.0,465000.0,540000.0,622500.0,690400.0,810000.0,830000.0,850000.0,930000.0,1225000.0,1472500.0
98007,1,92500.0,92795.5,104950.0,75400.0,87500.0,84975.0,88970.0,148450.0,152250.0,134950.0,131000.0,146000.0,151750.0,150500.0,158000.0,171000.0,213000.0,221000.0,250000.0,264500.0,251000.0,269000.0,315000.0,425000.0,485950.0,477495.0,422000.0,420000.0,324000.0,325000.0,280000.0,422500.0,486000.0,542500.0,572500.0,749950.0,780000.0,735000.0,730000.0,950000.0,1117500.0
98007,2,86000.0,,142500.0,83725.0,99000.0,78500.0,171400.0,127950.0,150000.0,125000.0,152600.0,146500.0,143000.0,143000.0,172500.0,165000.0,191500.0,257499.5,364250.0,251975.0,296475.0,234300.0,329000.0,353000.0,424950.0,699500.0,475000.0,406625.0,395104.5,429000.0,328000.0,464500.0,414912.5,585000.0,760000.0,726500.0,964000.0,918750.0,740000.0,1300000.0,
98008,0,87000.0,94950.0,91250.0,92750.0,89475.0,94950.0,112500.0,123900.0,184000.0,156000.0,160000.0,164000.0,172725.0,180000.0,185000.0,211700.0,237500.0,250000.0,277745.0,277250.0,298500.0,298175.0,350000.0,420000.0,495000.0,539975.0,517000.0,426000.0,438750.0,400000.0,431450.0,483475.0,529609.5,597000.0,663725.0,797250.0,875000.0,865000.0,960000.0,1200000.0,1478750.0
98008,1,85000.0,72750.0,89700.0,96000.0,88000.0,90750.0,115950.0,122000.0,173500.0,153500.0,153750.0,149300.0,160000.0,174950.0,167725.0,215000.0,217750.0,248000.0,267800.0,250000.0,281175.0,291584.0,333000.0,394000.0,468275.0,500000.0,477500.0,442000.0,402500.0,364950.0,390000.0,455000.0,503000.0,539500.0,689900.0,737250.0,816000.0,860500.0,917500.0,1275000.0,2680000.0
98008,2,75000.0,88500.0,102000.0,96495.0,83000.0,121000.0,170000.0,172900.0,269700.0,204250.0,247500.0,222987.5,276225.0,244000.0,253000.0,258500.0,312450.0,385355.0,314500.0,378000.0,326500.0,455000.0,416000.0,549000.0,551250.0,677250.0,507500.0,584750.0,565000.0,506000.0,696500.0,610000.0,710000.0,600000.0,898750.0,973125.0,1084500.0,965000.0,1165000.0,1625000.0,1336000.0
98008,3,117000.0,,105626.0,81000.0,,,,,,,209800.0,158000.0,174095.0,183000.0,212700.0,230500.0,229500.0,263500.0,312000.0,676409.0,660000.0,330000.0,312000.0,402000.0,,515000.0,,389000.0,401500.0,475000.0,415000.0,737000.0,404450.0,,660000.0,705000.0,807500.0,,882500.0,1250000.0,
98009,0,,,,,,,,,,,,,,,,,,,,,,,,,,,,,,,,,,,,600057.0,649995.0,,,,
98009,1,,,,,,,,,,,,,,,,,,,,,,,,,,,,,,,,,,,,,,,2450000.0,,
98010,0,80000.0,89000.0,55000.0,85250.0,71000.0,85000.0,119010.5,132500.0,119950.0,128000.0,113500.0,128237.5,145787.5,146475.0,164990.0,175470.0,201500.0,186000.0,199950.0,201000.0,212000.0,245950.0,234450.0,292500.0,323000.0,325000.0,350000.0,266875.0,248450.0,263760.0,260000.0,265000.0,306653.5,349949.5,343000.0,400000.0,439950.0,450000.0,506006.0,620000.0,610800.0
98010,1,68500.0,,60000.0,,,,,77170.0,123900.0,108182.5,121750.0,84450.0,117475.0,128000.0,123734.5,158725.0,200000.0,121750.0,153817.0,232750.0,196500.0,176000.0,201500.0,237810.5,239900.0,266575.0,230000.0,214500.0,220000.0,138500.0,135000.0,214500.0,238100.0,240000.0,281788.0,317500.0,338325.0,344000.0,365000.0,432000.0,673000.0
98010,2,,245.0,,,,,,63300.0,55000.0,93518.0,75000.0,98750.0,108000.0,97500.0,115900.0,119900.0,114709.0,125000.0,122800.0,128000.0,,,175450.0,221475.0,259975.0,275000.0,,,195000.0,125001.0,189198.0,140000.0,187855.0,234000.0,187000.0,345000.0,270000.0,334000.0,295000.0,441500.0,411000.0
98011,0,80590.0,83000.0,84750.0,91500.0,90975.0,94375.0,129649.5,138750.0,179150.5,215423.0,172950.0,165000.0,179450.0,179499.0,189950.0,207500.0,225500.0,241750.0,269000.0,280000.0,280000.0,305000.0,345500.0,380000.0,456000.0,449475.0,438000.0,360000.0,359950.0,356500.0,359950.0,410400.0,455000.0,492500.0,560000.0,654000.0,699950.0,690000.0,769000.0,954665.0,1185000.0
98011,1,74950.0,91000.0,70000.0,92000.0,100000.0,99950.0,122990.0,140425.0,169975.0,152000.0,157250.0,165000.0,155000.0,155000.0,154250.0,172000.0,194000.0,209950.0,253250.0,249475.0,250000.0,255247.5,325000.0,350000.0,412000.0,423000.0,399950.0,380000.0,289000.0,330050.0,328000.0,370475.0,375000.0,480000.0,575000.0,619975.0,650000.0,625000.0,723750.0,911500.0,1083000.0
98011,2,,,76000.0,,,81750.0,128844.0,,250000.0,124950.0,178944.0,160000.0,156500.0,171000.0,198475.0,222500.0,197475.0,264900.0,285500.0,220000.0,292000.0,314000.0,270000.0,417500.0,433500.0,472000.0,292500.0,329500.0,365000.0,372000.0,230000.0,442000.0,374000.0,512500.0,485567.5,700000.0,544500.0,686500.0,679500.0,960000.0,1485000.0
98011,3,,,,73600.0,,,,,,,,,,,,,169500.0,,,,,,500000.0,290000.0,920000.0,,,,,280000.0,275000.0,,,,450000.0,1250000.0,762500.0,,,,450000.0
98014,0,56375.0,68000.0,62000.0,64750.0,71050.0,76000.0,89500.0,108000.0,137500.0,135888.0,152513.0,141425.0,193000.0,187500.0,189400.0,190894.5,216500.0,267000.0,277500.0,268100.0,272500.0,270000.0,340000.0,367000.0,385000.0,408892.5,382500.0,359000.0,356000.0,273250.0,325000.0,375000.0,407193.0,433725.0,579600.0,617000.0,639250.0,640000.0,725000.0,824950.0,812000.0
98014,1,88450.0,,,132000.0,,,125475.0,135000.0,210000.0,203575.0,161975.0,188000.0,234950.0,210000.0,222500.0,245250.0,260000.0,254000.0,264725.0,399950.0,350000.0,355000.0,375000.0,307000.0,560975.0,540000.0,430000.0,645000.0,415437.0,447500.0,407550.0,442450.0,406500.0,400500.0,585000.0,642500.0,775000.0,789990.0,802000.0,1027500.0,
98014,2,46500.0,,,60000.0,45000.0,,82500.0,185000.0,87900.0,79500.0,137000.0,186500.0,130000.0,185000.0,,107500.0,169000.0,169950.0,254975.0,197975.0,267500.0,209950.0,220475.0,229900.0,348950.0,314950.0,,270000.0,388875.0,157400.0,140907.5,275000.0,553679.0,310000.0,470000.0,410000.0,395000.0,584800.0,631500.0,800500.0,1250000.0
98017,0,,,,,,,,,,,,,,,,,,,,,,,,,,,,,,,,,,,,,,,1250000.0,,
98019,0,62000.0,81000.0,50000.0,59025.0,63952.0,84950.0,90725.0,99500.0,163066.5,130000.0,164450.0,161000.0,174141.5,183553.5,186500.0,225000.0,227500.0,256160.0,269198.0,253800.0,288975.0,330097.5,325000.0,370000.0,415995.0,466000.0,417250.0,363975.0,375500.0,312000.0,312000.0,380000.0,380000.0,437750.0,470000.0,550000.0,598000.0,624999.5,675000.0,825000.0,925000.0
98019,1,,98000.0,,,54750.0,,94900.0,106645.0,169000.0,175000.0,160000.0,120000.0,156000.0,157250.0,240825.0,172500.0,212674.0,243250.0,248925.0,345000.0,316000.0,289975.0,342000.0,449900.0,465000.0,545000.0,540000.0,739000.0,390000.0,427450.0,597450.0,599000.0,600000.0,376000.0,506000.0,460000.0,720000.0,695000.0,664950.0,700000.0,725000.0
98019,2,,,,,,,,,,123500.0,,165000.0,,,,,,,,335000.0,400000.0,,,375000.0,,,,,600088.5,,,428000.0,,,270000.0,503500.0,715000.0,,1058600.0,1025000.0,
98021,0,,,,,,,,,,,,,,,,,,,,,,,,,,,,,,,290225.0,,,,,,,,,,
98022,0,69975.0,68500.0,66000.0,74500.0,77500.0,88250.0,83200.0,114000.0,110450.0,119550.0,122965.0,128750.0,145000.0,140650.0,135000.0,140500.0,153250.0,174925.0,179000.0,186880.5,194500.0,218000.0,232000.0,265000.0,285350.0,319900.0,299450.0,249975.0,250000.0,236000.0,240916.0,244862.0,265000.0,295000.0,328000.0,356000.5,360000.0,429000.0,455000.0,531000.0,608750.0
98022,1,167500.0,,65000.0,50000.0,99000.0,155000.0,72700.0,98000.0,152125.0,106100.0,146000.0,134475.0,124975.0,142995.0,128325.0,134900.0,166500.0,150000.0,145000.0,222500.0,181200.0,263000.0,222500.0,269900.0,329475.0,370000.0,240000.0,215950.0,244975.0,213427.0,235000.0,130000.0,266894.0,283000.0,356275.0,325000.0,382500.0,374900.0,425000.0,555500.0,670000.0
98022,2,55000.0,45000.0,47500.0,57000.0,89000.0,74000.0,54875.0,78675.0,90995.0,157500.0,110000.0,118000.0,99500.0,88500.0,130000.0,131000.0,143500.0,135000.0,133250.0,159000.0,169500.0,163000.0,185375.0,241350.0,264000.0,240000.0,255000.0,218900.0,207500.0,202450.0,155000.0,223100.0,195000.0,229000.0,264250.0,315000.0,326250.0,347500.0,390000.0,473250.0,650000.0
98022,3,,,145000.0,65000.0,55000.0,69950.0,70000.0,96500.0,,,120000.0,,149000.0,94500.0,103750.0,169950.0,170900.0,122499.5,249500.0,163475.0,196000.0,155750.0,169900.0,252500.0,180000.0,218250.0,266400.0,170999.5,172500.0,130000.0,,161500.0,256500.0,528162.0,254500.0,,375000.0,419000.0,330000.0,622500.0,470000.0
98023,0,83725.0,82000.0,79990.0,84000.0,85000.0,94475.0,99950.0,108775.0,134972.5,146500.0,132000.0,135000.0,137500.0,137975.0,145000.0,151000.0,159950.0,167950.0,180725.0,187000.0,198137.5,214100.0,239950.0,269950.0,308000.0,327200.0,300000.0,254745.0,245000.0,200000.0,204500.0,227000.0,250000.0,280000.0,315500.0,352000.0,378000.0,405250.0,450000.0,551500.0,615000.0
98023,1,68200.0,74000.0,74950.0,68950.0,70000.0,71450.0,88900.0,89250.0,134000.0,110000.0,129900.0,121900.0,125950.0,123725.0,125000.0,128500.0,142950.0,165500.0,172050.0,185000.0,182945.5,202500.0,233550.0,263000.0,309500.0,327500.0,269000.0,231450.0,216500.0,192761.0,146250.0,223450.0,238200.0,246600.0,291500.0,339850.0,362500.0,390000.0,448500.0,510500.0,562000.0
98023,2,69500.0,,83050.0,79500.0,89500.0,,,88375.0,125950.0,174950.0,127750.0,133000.0,128889.0,117500.0,122900.0,137600.0,149950.0,163100.0,169000.0,189950.0,199950.0,186680.0,229000.0,279990.0,272888.0,287500.0,288450.0,214500.0,209000.0,249950.0,237900.0,225000.0,203050.0,240000.0,280000.0,320000.0,399975.0,362000.0,439750.0,525000.0,750000.0
98024,0,65000.0,68500.0,104500.0,93000.0,87200.0,94500.0,99500.0,136500.0,185000.0,163250.0,160000.0,182000.0,195000.0,216000.0,170500.0,225000.0,247450.0,276500.0,335000.0,296000.0,337475.0,334500.0,383123.0,460000.0,545000.0,542000.0,524950.0,451000.0,465000.0,388875.0,405000.0,465500.0,440000.0,516500.0,575000.0,628000.0,657000.0,800000.0,920000.0,930000.0,1160000.0
98024,1,,30000.0,49500.0,50000.0,66000.0,,25000.0,117500.0,140500.0,137000.0,205000.0,198750.0,96000.0,198475.0,295500.0,,220000.0,471250.0,,300000.0,249500.0,281250.0,306250.0,388000.0,347500.0,299000.0,307000.0,454000.0,,440000.0,210500.0,468750.0,450000.0,378000.0,1180000.0,594500.0,508500.0,420000.0,722700.0,815000.0,1499950.0
98024,2,77500.0,,170000.0,,58000.0,,,83150.0,138950.0,128000.0,103475.0,157750.0,159000.0,169459.0,150250.0,255000.0,242500.0,52680.0,228700.0,252500.0,249000.0,126486.0,420225.0,322000.0,391231.0,665000.0,,454600.0,200000.0,300000.0,359393.5,343100.0,555000.0,350000.0,371500.0,352500.0,895000.0,496000.0,734940.0,879000.0,699000.0
98025,0,,,,,,,,,,,,,,,,,,,,,,,,,865614.0,,,,,,,,,,,,,,,,
98026,0,,,,,,,,,,,,,,,,,,,,,,,,,,,,,,,,,,,437000.0,,,,,,
98027,0,118750.0,116125.0,115500.0,110000.0,122675.0,132750.0,133953.0,160000.0,215000.0,200000.0,198000.0,204000.0,226750.0,230000.0,244500.0,249975.0,280950.0,312000.0,325000.0,324950.0,343000.0,381000.0,440000.0,475000.0,587000.0,638250.0,586000.0,512500.0,520000.0,465000.0,465000.0,513000.0,575000.0,620000.0,660150.0,771500.0,837250.0,813000.0,891000.0,1100000.0,1460000.0
98027,1,32500.0,,125000.0,121800.0,109500.0,224950.0,160000.0,188500.0,137000.0,229500.0,169900.0,179950.0,191000.0,300450.0,376000.0,379975.0,252350.0,336438.0,347975.0,542450.0,324450.0,423500.0,400000.0,482500.0,759900.0,455000.0,665000.0,425000.0,656000.0,215000.0,500000.0,436000.0,499000.0,505000.0,842500.0,857500.0,815000.0,738000.0,829999.0,1126750.0,1285000.0
98027,2,118975.0,135170.0,93000.0,92500.0,94900.0,88200.0,129900.0,83125.0,202975.0,170000.0,153000.0,167500.0,97500.0,184000.0,330000.0,165000.0,210000.0,253000.0,294950.0,306000.0,250000.0,230000.0,282475.0,395500.0,544500.0,626000.0,400000.0,157532.0,298500.0,334000.0,311000.0,337000.0,430000.0,427500.0,591944.0,575000.0,622500.0,713500.0,757500.0,825000.0,987500.0
98027,3,50500.0,210000.0,,,,77550.0,93500.0,169950.0,159950.0,,270000.0,135000.0,530000.0,202000.0,,311500.0,382500.0,302000.0,350000.0,399950.0,577504.0,470000.0,570000.0,446750.0,350000.0,430000.0,688000.0,1950000.0,645625.0,276500.0,485000.0,835000.0,410000.0,545000.0,575000.0,537500.0,2675000.0,1152500.0,660000.0,952669.0,
98028,0,87500.0,80000.0,85000.0,90500.0,85000.0,104000.0,107000.0,132000.0,175000.0,158500.0,160000.0,163000.0,180000.0,179350.0,186000.0,190000.0,220000.0,229950.0,254990.0,267000.0,275000.0,300975.0,341475.0,400000.0,443607.0,458000.0,439500.0,392000.0,358000.0,345000.0,355000.0,399975.0,432000.0,485000.0,531000.0,640000.0,686000.0,658750.0,789475.0,935500.0,1176500.0
98028,1,100000.0,76500.0,60000.0,77475.0,,79950.0,95975.0,94000.0,100500.0,122170.0,136475.0,126000.0,140000.0,142000.0,145000.0,150000.0,185000.0,194250.0,209000.0,239000.0,232000.0,258000.0,270000.0,317250.0,370975.0,357950.0,322885.0,277000.0,329500.0,269500.0,299975.0,347996.0,309750.0,429000.0,475000.0,561500.0,600000.0,554000.0,717500.0,757500.0,700000.0
98028,2,,,,68000.0,132500.0,80000.0,75500.0,86175.5,115000.0,120000.0,128000.0,174000.0,150000.0,138560.0,173450.0,155750.0,174725.0,177000.0,214000.0,217000.0,238000.0,265000.0,253175.0,314950.0,352000.0,416000.0,300000.0,291000.0,374079.0,270000.0,305000.0,303000.0,390000.0,427475.0,530000.0,549500.0,535000.0,575000.0,685000.0,726000.0,328750.0
98028,3,,,135000.0,,105741.0,,110000.0,,,,,,250500.0,,229000.0,,330000.0,,,450000.0,374950.0,,465000.0,,636000.0,,670000.0,,466500.0,,390000.0,,,,875000.0,825000.0,,1075000.0,1225000.0,,
98029,0,133000.0,105000.0,181500.0,112950.0,119064.0,144975.0,136841.0,154990.0,232450.0,209000.0,207613.0,211035.5,218000.0,220000.0,229500.0,249950.0,272000.0,286000.0,305000.0,323000.0,337500.0,354000.0,415000.0,448000.0,560000.0,599725.0,551000.0,490000.0,465500.0,446000.0,465000.0,525000.0,590000.0,650000.0,738000.0,854500.0,890000.0,848727.0,935000.0,1269500.0,1697500.0
98029,1,,,,118250.0,149900.0,137000.0,123500.0,145475.0,,259250.0,183500.0,310000.0,204500.0,230250.0,350000.0,229500.0,265000.0,326950.0,565000.0,332000.0,341750.0,353000.0,447725.0,500000.0,550000.0,540000.0,550000.0,,440000.0,491750.0,490000.0,547000.0,495000.0,375000.0,610000.0,910000.0,942500.0,1163000.0,810000.0,1321100.0,
98029,2,,,,,,,,,369000.0,,,,,,200000.0,,229500.0,,,,,,1400000.0,560000.0,,,,,,,,483500.0,,,550000.0,,,864891.5,34000.0,635000.0,
98030,0,70975.0,76750.0,72000.0,83927.5,82000.0,85500.0,94500.0,105500.0,124537.5,130000.0,135950.0,136000.0,143950.0,138500.0,152950.0,163375.0,173550.0,189950.0,206000.0,215000.0,219950.0,228000.0,245000.0,284625.0,325000.0,340000.0,309500.0,258500.0,235500.0,210000.0,210000.0,248033.0,266000.0,293250.0,325000.0,368000.0,398000.0,415000.0,459000.0,570000.0,660000.0
98030,1,,91000.0,108975.0,,81000.0,79900.0,135000.0,132500.0,144500.0,111000.0,142500.0,141000.0,135500.0,129900.0,134755.0,148250.0,159250.0,170195.0,203000.0,198000.0,200000.0,207500.0,236000.0,285000.0,318225.0,332000.0,285000.0,181500.0,232000.0,184510.0,200950.0,230000.0,245000.0,280000.0,299000.0,350000.0,381000.0,441000.0,460000.0,555000.0,1020000.0
98030,2,,,,100000.0,,83750.0,75000.0,94975.0,50000.0,126000.0,98249.5,98475.0,88000.0,131000.0,94500.0,118000.0,108000.0,137000.0,169950.0,185000.0,168000.0,185875.0,233750.0,266000.0,275000.0,249900.0,594000.0,150000.0,155000.0,185000.0,169228.5,225000.0,263553.5,180000.0,204725.0,325000.0,286000.0,434000.0,433000.0,405000.0,849000.0
98030,3,180000.0,,,,,,,,74000.0,130000.0,,95000.0,175000.0,,222475.0,65000.0,118000.0,,,142000.0,287500.0,177000.0,179500.0,100000.0,284000.0,,,,,179248.5,89900.0,175000.0,120000.0,200000.0,155932.0,285000.0,,,380000.0,382500.0,
98031,0,72000.0,77700.0,75050.0,78200.0,79475.0,82250.0,93547.5,106000.0,149950.0,139225.0,145000.0,142000.0,145950.0,146750.0,149500.0,153349.0,169950.0,180000.0,194550.0,210000.0,214950.0,226000.0,250000.0,284900.0,341827.5,350000.0,305000.0,261000.0,242500.0,210000.0,214000.0,243000.0,265000.0,299925.0,335000.0,371750.0,415500.0,425000.0,475000.0,570888.0,650000.0
98031,1,120000.0,88000.0,86950.0,77975.0,76950.0,79950.0,93500.0,89900.0,122500.0,91000.0,127475.0,138000.0,139950.0,139500.0,137697.5,146975.0,148245.0,176950.0,172950.0,185000.0,196150.0,209950.0,252500.0,288000.0,349950.0,370129.0,293000.0,230000.0,210500.0,224250.0,234601.5,260000.0,240012.5,282000.0,310000.0,341250.0,406000.0,450510.0,450000.0,543000.0,550000.0
98031,2,,81250.0,,,75000.0,,82750.0,94500.0,100000.0,70000.0,108000.0,110000.0,128000.0,125000.0,127497.5,131500.0,132750.0,184250.0,157975.0,189950.0,161500.0,206000.0,235000.0,250200.0,325250.0,320000.0,278000.0,292000.0,267000.0,127125.0,160711.0,175000.0,195500.0,285000.0,310000.0,340000.0,360000.0,442500.0,405000.0,525000.0,662500.0
98031,3,,,,,,,,,,,,,115000.0,,,,,,,235000.0,,,,,397000.0,430000.0,,,,,,,,,,,250000.0,,,,
98032,0,75000.0,86750.0,75000.0,73000.0,77000.0,81862.5,88900.0,93475.0,113700.0,127500.0,120000.0,127000.0,127250.0,132000.0,128000.0,131275.0,140350.0,158250.0,172500.0,187000.0,187500.0,190600.0,223000.0,256500.0,288000.0,312750.0,275000.0,226750.0,220000.0,177555.0,165000.0,216000.0,235000.0,265000.0,300000.0,347400.0,380000.0,385000.0,436500.0,520000.0,600000.0
98032,1,,55000.0,162000.0,72500.0,57700.0,40000.0,71950.0,63000.0,136500.0,245000.0,91975.0,140000.0,105205.0,111900.0,138990.0,118975.0,110215.5,124500.0,123750.0,163000.0,167000.0,153425.0,170000.0,207475.0,223000.0,519500.0,245250.0,123000.0,204710.0,95000.0,152705.0,229067.5,237000.0,234300.0,314950.0,311000.0,369000.0,345000.0,475000.0,482000.0,
98032,2,67000.0,,56250.0,61500.0,68400.0,72725.0,80500.0,78000.0,85225.0,90000.0,94000.0,119000.0,127500.0,105500.0,115000.0,105000.0,135000.0,165000.0,165000.0,160225.0,165950.0,189652.0,195075.0,235000.0,286550.0,294000.0,242000.0,245955.0,194995.5,140000.0,160000.0,207128.0,206000.0,286988.0,288500.0,295000.0,349500.0,390000.0,370000.0,455000.0,600000.0
98032,3,,,,,,74875.0,68750.0,82500.0,95375.0,108500.0,104475.0,123100.0,104000.0,120000.0,116250.0,118500.0,149250.0,132250.0,145950.0,169500.0,183000.0,173500.5,178300.0,252000.0,267250.0,297500.0,304500.0,145000.0,150000.0,226500.0,139401.0,185000.0,181000.0,233600.0,255000.0,317500.0,258500.0,320000.0,435875.0,500000.0,645000.0
98033,0,87000.0,85500.0,88000.0,88000.0,97000.0,87500.0,116000.0,127950.0,186950.0,176165.0,174999.5,173750.0,183794.5,200000.0,210000.0,229995.0,256500.0,285000.0,309750.0,329000.0,370000.0,395000.0,460750.0,531500.0,629000.0,664500.0,635000.0,569500.0,534950.0,525000.0,550000.0,620000.0,650000.0,750000.0,825000.0,951000.0,1155000.0,1172500.0,1315000.0,1600000.0,1875500.0
98033,1,80500.0,74500.0,73025.0,85975.0,85500.0,99950.0,87499.0,118725.0,128500.0,267250.0,161500.0,154000.0,171000.0,180000.0,205000.0,192750.0,236000.0,276000.0,294000.0,289500.0,300000.0,375000.0,363500.0,544975.0,554500.0,650000.0,560000.0,399000.0,465000.0,536000.0,425000.5,500000.0,568000.0,571500.0,721725.0,852500.0,1050000.0,1116250.0,1095166.5,1330000.0,1062500.0
98033,2,75000.0,,125750.0,62000.0,76250.0,101045.0,88000.0,173475.0,165700.0,137750.0,206500.0,180000.0,257750.0,182000.0,270000.0,330000.0,311000.0,265000.0,379000.0,345000.0,341500.0,463000.0,425500.0,487000.0,575000.0,670000.0,479000.0,719750.0,842500.0,580500.0,538325.0,723588.0,862500.0,977500.0,1078000.0,1424500.0,1500000.0,899900.0,1525000.0,2332000.0,1490000.0
98033,3,,92000.0,95000.0,,88325.0,,109000.0,113000.0,135310.0,194500.0,156787.0,170750.0,162500.0,175000.0,178500.0,181250.0,245950.0,274000.0,282000.0,254950.0,279000.0,287500.0,367736.0,462150.0,450000.0,642000.0,442000.0,340000.0,364225.0,426000.0,378500.0,498000.0,480260.0,586950.0,539000.0,770000.0,961944.0,800000.0,788750.0,1185000.0,
98034,0,79000.0,82600.0,82500.0,80000.0,87500.0,87250.0,91850.0,116225.0,159950.0,152000.0,147500.0,152000.0,160000.0,162000.0,169000.0,184950.0,208725.0,232650.0,240000.0,252500.0,265000.0,286900.0,318150.0,367700.0,423875.0,451000.0,423000.0,370750.0,370638.0,345000.0,351500.0,415000.0,440000.0,470000.0,552000.0,655000.0,730000.0,710000.0,785000.0,990000.0,1380000.0
98034,1,70850.0,78860.0,75000.0,69000.0,72750.0,81500.0,83950.0,116950.0,138500.0,176450.0,135999.5,143525.0,158500.0,151975.0,162000.0,175000.0,203500.0,210000.0,225000.0,239575.0,253500.0,260975.0,297900.0,340000.0,415000.0,435000.0,379900.0,343000.0,373000.0,342000.0,333000.0,382500.0,420000.0,432500.0,495000.0,627500.0,735000.0,730000.0,681000.0,935000.0,1019400.0
98034,2,83471.0,78187.5,74355.0,86475.0,81000.0,83000.0,80000.0,131000.0,205000.0,143975.0,151284.0,153300.0,149500.0,153000.0,170000.0,177799.5,187725.0,229950.0,235000.0,250225.0,285000.0,290000.0,336725.0,381595.0,432600.0,611000.0,427500.0,338750.0,358000.0,334500.0,339500.0,440000.0,465000.0,485000.0,524000.0,587500.0,644000.0,690000.0,763250.0,949000.0,1290000.0
98034,3,,79500.0,76500.0,74415.0,78500.0,72000.0,89925.0,95310.0,,131000.0,146950.0,131200.0,159900.0,146950.0,146200.0,165725.0,186500.0,199500.0,227500.0,229975.0,232700.0,256000.0,272500.0,325000.0,397475.0,420475.0,365238.0,311250.0,222000.0,225000.0,322000.0,321300.0,397000.0,390000.0,500000.0,563500.0,590000.0,522500.0,705000.5,805000.0,
98035,0,,,,,,,,,,,,,,85000.0,,,,,,,,145000.0,,,209000.0,,,147000.0,,,,,,,,,,,,,
98038,0,92500.0,75800.0,83500.0,90000.0,96950.0,95000.0,100945.5,119950.0,152475.0,139750.0,141975.0,144995.0,156750.0,161500.0,164900.0,168687.5,189950.0,199001.0,219600.0,227500.0,238500.0,251785.0,270000.0,334000.0,392000.0,383125.0,358000.0,309900.0,292000.0,268797.0,265000.0,299997.5,335000.0,362500.0,390000.0,440000.0,489475.0,487950.0,530000.0,699000.0,786250.0
98038,1,,66750.0,58000.0,68750.0,106500.0,91700.0,79075.0,132000.0,152950.0,187500.0,126000.0,170900.0,132000.0,177990.0,141495.0,169950.0,159725.0,186889.0,284950.0,201500.0,240995.0,228000.0,245000.0,344975.0,378000.0,329950.0,360000.0,250702.5,265000.0,305000.0,289900.0,280375.0,313999.0,334000.0,379500.0,423202.5,466950.0,450000.0,626500.0,616500.0,687500.0
98038,2,72500.0,92500.0,109000.0,,93500.0,67500.0,63500.0,,225000.0,,154560.0,169900.0,133150.0,181000.0,155000.0,175000.0,205000.0,181500.0,167250.0,135500.0,200000.0,197500.0,435000.0,315750.0,336000.0,315000.0,175529.5,357500.0,215000.0,290000.0,229501.0,274450.0,340500.0,316000.0,399500.0,462750.0,584000.0,517000.0,528000.0,655500.0,495000.0
98038,3,66026.0,,,105000.0,100000.0,63500.0,,,,147500.0,173000.0,149250.0,89000.0,189950.0,171000.0,160000.0,179750.0,191781.0,316500.0,191000.0,180750.0,236900.0,270820.0,420000.0,337475.0,156250.0,346500.0,415000.0,274975.0,173000.0,128000.0,297158.0,299900.0,285230.0,337500.0,490000.0,463500.0,356900.0,589999.0,349950.0,
98039,0,340000.0,230500.0,144350.0,185404.0,216000.0,214000.0,247000.0,383000.0,574500.0,510475.0,470000.0,375000.0,474975.0,371500.0,533990.0,526000.0,678750.0,725000.0,750000.0,1062500.0,765000.0,889700.0,985000.0,1700000.0,1542500.0,2025000.0,1463000.0,1581000.0,1255500.0,1287500.0,1400000.0,1550000.0,2450000.0,2002500.0,2100000.0,2700000.0,2850000.0,2645000.0,3950000.0,4000000.0,5850000.0
98039,1,,105000.0,332250.0,475000.0,135000.0,155000.0,,277000.0,375000.0,,375000.0,225000.0,406000.0,399000.0,568500.0,627500.0,494500.0,1200000.0,1050000.0,827500.0,875000.0,805000.0,1462500.0,1220000.0,1777500.0,2727875.0,1375000.0,610000.0,1112500.0,1050000.0,1540000.0,1680000.0,1974865.0,2180000.0,1495000.0,2857500.0,2100000.0,3100000.0,2247500.0,3520000.0,2694000.0
98039,2,,,,,225000.0,,219500.0,,379950.0,725000.0,440000.0,410000.0,295000.0,381500.0,625000.0,455250.0,332500.0,1259500.0,500000.0,,930000.0,,550500.0,1779500.0,,,1660000.0,,,840088.0,1100000.0,980000.0,1420625.0,1897500.0,1700000.0,,,3200000.0,2825000.0,8300000.0,
98039,3,,,,79500.0,,,,,,,,,349000.0,295000.0,,434500.0,559000.0,454000.0,260000.0,680000.0,980000.0,,729000.0,825000.0,794529.5,,,575000.0,930000.0,848500.0,935750.0,,1006250.0,1926500.0,1614134.0,2600000.0,1597500.0,3000000.0,6780000.0,4105000.0,7250000.0
98040,0,143000.0,135000.0,165000.0,151000.0,166000.0,186000.0,215000.0,260500.0,389000.0,325000.0,312500.0,300000.0,334780.0,371500.0,384250.0,439000.0,469000.0,582500.0,625000.0,616500.0,610000.0,650000.0,725000.0,889950.0,941250.0,1060000.0,958500.0,817000.0,839000.0,837500.0,865000.0,900000.0,1034000.0,1137500.0,1273000.0,1460000.0,1565000.0,1515600.0,1647000.0,2058000.0,2420000.0
98040,1,28700.0,129500.0,163500.0,129750.0,215000.0,156000.0,165000.0,273000.0,435000.0,365000.0,280000.0,292000.0,324750.0,324500.0,318300.0,379000.0,402000.0,527000.0,575000.0,463000.0,595200.0,691250.0,635000.0,699200.0,798900.0,944500.0,1297000.0,712000.0,749611.5,711500.0,715500.0,819104.0,887500.0,1024500.0,1305000.0,1355000.0,1381500.0,1440000.0,1460000.0,1930000.0,2530000.0
98040,2,,205000.0,140000.0,116000.0,106000.0,138000.0,198000.0,261750.0,375000.0,567000.0,315000.0,317000.0,364500.0,329000.0,355000.0,532500.0,452475.0,650000.0,520000.0,682500.0,671500.0,710000.0,674500.0,839000.0,815000.0,907500.0,1104000.0,1065000.0,1057500.0,749000.0,812000.0,1147500.0,1100000.0,1155000.0,1162500.0,1314300.0,1445000.0,1744875.0,1313375.0,1945000.0,2711000.0
98040,3,,,,,,98750.0,159500.0,,,160000.0,170000.0,155000.0,160000.0,271000.0,249800.0,225000.0,320000.0,289250.0,378000.0,942500.0,877500.0,710000.0,464500.0,586500.0,1141000.0,637500.0,614500.0,505000.0,470000.0,412475.0,509000.0,620605.0,900000.0,856274.5,855000.0,870000.0,1040000.0,1290000.0,1100000.0,1316500.0,
98042,0,68000.0,91675.0,89485.0,84975.0,88720.0,91675.0,89950.0,110000.0,144220.0,134950.0,128500.0,132250.0,142950.0,148950.0,158250.0,172000.0,169250.0,179000.0,197475.0,207750.0,229950.0,246450.0,266950.0,297094.5,329000.0,346975.0,330000.0,269950.0,259450.0,235000.0,230650.0,260000.0,266220.0,300000.0,339975.0,377000.0,410000.0,437000.0,490000.0,600000.0,710000.0
98042,1,79950.0,92900.0,69500.0,86000.0,100975.0,81500.0,94500.0,94180.0,121000.0,135000.0,138250.0,130000.0,149225.0,133250.0,155500.0,164900.0,175000.0,188250.0,228250.0,250000.0,237495.0,265000.0,259900.0,305500.0,329000.0,365000.0,297500.0,270000.0,277750.0,225900.0,210000.0,294701.5,250000.0,302000.0,368000.0,375000.0,443500.0,469500.0,550000.0,537975.0,914500.0
98042,2,105500.0,,71750.0,62500.0,90225.0,81045.0,71000.0,119000.0,118000.0,121747.5,116995.0,124000.0,143950.0,123250.0,128000.0,140000.0,152450.0,152950.0,172450.0,197000.0,260515.0,242500.0,220500.0,271975.0,315000.0,339000.0,324650.0,259900.0,267450.0,178688.0,228500.0,215000.0,223250.0,245725.5,288738.5,426000.0,400000.0,409475.0,470000.0,510000.0,692500.0
98042,3,51000.0,100000.0,,54450.0,62950.0,,,67000.0,,108000.0,99950.0,102000.0,142475.0,105900.0,109000.0,125000.0,124950.0,208725.0,143500.0,159860.0,232000.0,193750.0,199000.0,237400.0,435000.0,327000.0,279000.0,196000.0,193000.0,209950.0,190500.0,223500.0,195000.0,237200.0,331000.0,310000.0,323675.0,358000.0,374975.0,539000.0,560000.0
98043,0,,,,,,,,,,,,,,,,,,,,,,,,,,437515.0,,,,,,562000.0,,389950.0,,,,,,,
98044,0,,,,,,,,,,,,,,,,,,,,,,,,,,,,,,,,,,,,,,,,5800000.0,
98045,0,55000.0,62250.0,63900.0,61100.0,65175.0,69750.0,72500.0,90650.0,134250.0,133425.0,137637.5,144950.0,155500.0,160000.0,205000.0,236550.0,250000.0,223500.0,262500.0,244500.0,249950.0,250000.0,290000.0,331575.0,370500.0,451500.0,385000.0,361000.0,389800.0,299500.0,288375.0,321567.0,341000.0,385000.0,440500.0,530897.0,600000.0,683020.0,782501.0,904739.0,1010050.0
98045,1,,120000.0,42925.0,53000.0,65000.0,39000.0,73000.0,105000.0,155000.0,110000.0,143475.0,180275.0,151574.0,197000.0,194350.0,204000.0,196237.5,225000.0,268000.0,242500.0,333250.0,262250.0,324995.0,352450.0,406000.0,359000.0,410000.0,400000.0,355000.0,280250.0,315795.0,314950.0,315000.0,470000.0,505000.0,543070.5,575000.0,592000.0,548000.0,700000.0,1117500.0
98045,2,64950.0,,74845.0,69950.0,29250.0,81975.0,78700.0,,154787.0,147000.0,173990.0,149950.0,169578.0,163750.0,179250.0,195000.0,185000.0,212000.0,240000.0,212000.0,272950.0,227000.0,315000.0,314950.0,482475.0,375000.0,182025.0,261175.0,328950.0,263500.0,195001.0,365750.0,350000.0,361000.0,432000.0,562500.0,532500.0,636000.0,608000.0,783500.0,1270000.0
98045,3,,67500.0,69950.0,80000.0,74500.0,81000.0,69950.0,121900.0,75000.0,152975.0,165000.0,138056.5,154950.0,,149999.0,203500.0,237500.0,237250.0,172500.0,233000.0,236391.0,295000.0,334000.0,305450.0,358900.0,379625.0,390450.0,309975.0,255000.0,59285.0,136955.0,290000.0,365000.0,249975.0,414500.0,550000.0,507000.0,440500.0,525000.0,650001.0,
98047,0,59700.0,59000.0,65975.0,52125.0,66975.0,64000.0,78200.0,82900.0,102200.0,100000.0,113950.0,116500.0,122500.0,117500.0,127500.0,128000.0,134000.0,143000.0,152850.0,166750.0,179950.0,185500.0,199800.0,220000.0,270000.0,274975.0,260500.0,192675.0,191000.0,160000.0,150000.0,187500.0,210869.0,204900.0,226500.0,287500.0,312000.0,331500.0,395000.0,460000.0,525000.0
98047,1,,,,,,,,,,,,,,,,,,,,115000.0,,,,,,253000.0,,,,,85000.0,,,,,,,,,,
98050,0,,74000.0,,,197500.0,62500.0,189900.0,108000.0,168750.0,182000.0,279825.0,121000.0,454750.0,327500.0,195750.0,197000.0,393900.0,246500.0,237000.0,240000.0,340000.0,269500.0,293975.0,569500.0,487000.0,631900.0,833750.0,,285000.0,620000.0,425000.0,450000.0,451000.0,327000.0,662500.0,553500.0,610000.0,650000.0,708200.0,765500.0,555000.0
98050,1,,,,,,,,,4406.0,,,122500.0,250000.0,,,168000.0,,,,755000.0,,,,,,,,,,,,,,,,,440000.0,,,,
98050,2,,,,,45000.0,,,,,,75000.0,209950.0,,260000.0,119000.0,208500.0,269000.0,377950.0,,209995.0,,262500.0,140000.0,330000.0,462000.0,335000.0,,410000.0,,354743.0,200000.0,,412249.0,375000.0,,563500.0,,702575.0,581500.0,595000.0,
98051,0,95500.0,,69000.0,83500.0,83000.0,75000.0,117300.0,93000.0,139500.0,128000.0,144000.0,146500.0,167100.0,164487.5,184697.5,170500.0,199500.0,195000.0,255500.0,232000.0,308950.0,307350.0,489950.0,415000.0,532950.0,425000.0,353750.0,325000.0,380000.0,285000.0,337500.0,279063.0,424900.0,439000.0,460500.0,485000.0,545000.0,580475.0,640000.0,850000.0,710000.0
98051,1,35000.0,,80000.0,,,97000.0,,69000.0,,113000.0,134500.0,,94500.0,108500.0,135000.0,157450.0,147500.0,210000.0,110000.0,112450.0,295975.0,229000.0,160475.0,224000.0,224950.0,295000.0,200000.0,300400.0,189500.0,304250.0,175000.0,430500.0,355000.0,344250.0,375000.0,255000.0,590000.0,512500.0,540000.0,657475.0,600000.0
98051,2,,,,,,,,179750.0,,,,,,,,,,,,,,355000.0,,151500.0,,313000.0,,,,,,,,,315000.0,,,,300000.0,,
98052,0,90000.0,94550.0,106000.0,109600.0,110253.0,112050.0,128740.0,148750.0,215000.0,185000.0,184500.0,183737.5,192000.0,199975.0,213000.0,237000.0,261250.0,280000.0,310000.0,325000.0,348500.0,358000.0,406000.0,487000.0,569950.0,591000.0,559000.0,505000.0,495000.0,454000.0,495000.0,548000.0,595000.0,639500.0,715000.0,850000.0,901000.0,883000.0,1001000.0,1345000.0,1600000.0
98052,1,107500.0,97000.0,122000.0,96000.0,75000.0,85000.0,113250.0,125000.0,213100.0,174900.0,159950.0,164000.0,167000.0,179200.0,185000.0,214950.0,231447.5,270000.0,270000.0,278955.0,310000.0,328000.0,356000.0,425000.0,525893.5,567500.0,503800.0,441500.0,421500.0,426000.0,413000.0,465000.0,521500.0,625000.0,655000.0,762000.0,885000.0,820000.0,875000.0,1213500.0,1542500.0
98052,2,180000.0,90000.0,86500.0,109000.0,100000.0,129950.0,104950.0,184457.0,267375.0,190000.0,191200.0,188250.0,175000.0,180250.0,225000.0,224250.0,263000.0,255500.0,285000.0,349000.0,374475.0,424950.0,422475.0,437522.5,585000.0,614250.0,607500.0,489100.0,423000.0,310000.0,447500.0,515000.0,650000.0,705000.0,713500.0,857500.0,880000.0,886750.0,885000.0,1316250.0,1765000.0
98052,3,,94450.0,,,81000.0,,,,,,,165000.0,140000.0,118000.0,,162500.0,,154750.0,110000.0,,220000.0,252500.0,378000.0,455822.5,530000.0,601000.0,455000.0,435000.0,,263750.0,162000.0,,471500.0,635000.0,710000.0,753500.0,,560000.0,793500.0,977500.0,
98053,0,76950.0,102500.0,128250.0,114500.0,125000.0,144500.0,168000.0,186475.0,295000.0,255000.0,225000.0,282450.0,301000.0,309950.0,305750.0,346225.0,379000.0,406000.0,415000.0,376500.0,374073.0,407687.5,432085.0,527000.0,607702.5,664931.0,634288.0,520500.0,533000.0,543500.0,559500.0,619990.0,672000.0,699000.0,746250.0,840000.0,944000.0,950000.0,967500.0,1300000.0,1600000.0
98053,1,134650.0,87800.0,103500.0,96500.0,170000.0,195000.0,149000.0,229975.0,277000.0,313975.0,220000.0,219950.0,207475.0,237000.0,334523.0,257000.0,315000.0,365650.0,475000.0,347475.0,375000.0,450000.0,500000.0,572500.0,706225.0,594250.0,460000.0,431000.0,555000.0,426500.0,539500.0,670000.0,685000.0,600000.0,650000.0,820000.0,850000.0,826000.0,900000.0,1350000.0,1167500.5
98053,2,,50000.0,100000.0,45000.0,69500.0,227000.0,30000.0,150000.0,140000.0,,119742.0,155000.0,,32500.0,177950.0,290000.0,290150.0,60000.0,285000.0,617500.0,247500.0,325000.0,331000.0,402750.0,,572000.0,520000.0,329250.0,250000.0,,125516.5,239000.0,183102.0,,505000.0,,200000.0,481154.0,807000.0,741000.0,
98054,0,,,,,,,,,,,,,,,,,,,,,,,,345990.0,,,,,,,,,,,,,,,,,
98055,0,71900.0,84070.0,78000.0,82500.0,85000.0,91900.0,92950.0,115000.0,149972.5,132500.0,135450.0,139925.0,148475.0,167000.0,156500.0,157000.0,174725.0,193730.0,210250.0,208000.0,232950.0,239950.0,260500.0,320736.0,371000.0,370000.0,334000.0,288250.0,265000.0,240000.0,235000.0,274500.0,282500.0,328000.0,355000.0,419000.0,453050.0,465000.0,525000.0,627475.0,750000.0
98055,1,,72000.0,85907.5,77000.0,94575.0,55000.0,69000.0,90150.0,137475.0,133000.0,120000.0,128000.0,130500.0,133500.0,135300.0,149475.0,165000.0,189000.0,186500.0,192500.0,196500.0,211025.0,236500.0,288250.0,355750.0,368325.0,308500.0,284500.0,162500.0,192250.0,201233.0,255000.0,265000.0,270000.0,352500.0,393975.0,415500.0,437000.0,465500.0,612500.0,657500.0
98055,2,,,,,56000.0,84175.0,,79500.0,,72000.0,108500.0,101350.0,127750.0,105000.0,114750.0,139950.0,158000.0,140350.0,178450.0,200000.0,153250.0,206000.0,221000.0,268625.0,330000.0,340000.0,,180000.0,213000.0,175000.0,155000.0,185000.0,192450.0,235000.0,293500.0,404000.0,369000.0,409000.0,550000.0,585000.0,632500.0
98056,0,69950.0,75250.0,61000.0,69950.0,74500.0,73900.0,92500.0,118850.0,152750.0,135000.0,137115.0,141000.0,145000.0,147500.0,159900.0,165250.0,184000.0,204950.0,239900.0,256000.0,255715.0,269950.0,286125.0,346950.0,388000.0,405000.0,365000.0,300000.0,312850.0,275500.0,273000.0,360000.0,345000.0,380000.0,430000.0,500000.0,520000.0,545000.0,576500.0,735000.0,802750.0
98056,1,71900.0,75500.0,100950.0,84500.0,80235.0,81250.0,75375.0,116000.0,135000.0,120000.0,137900.0,140475.0,135250.0,137500.0,138000.0,144000.0,180000.0,177000.0,290000.0,213000.0,238000.0,232000.0,269285.0,329500.0,350000.0,399950.0,348000.0,340000.0,266000.0,257500.0,280000.0,293500.0,332250.0,380000.0,397500.0,512000.0,520000.0,562000.0,725000.0,755000.0,706000.0
98056,2,,86725.0,94500.0,82000.0,90475.0,94000.0,75700.0,74900.0,169500.0,149950.0,87500.0,186500.0,144900.0,281225.0,181000.0,181500.0,254000.0,179900.0,180000.0,189950.0,329950.0,299000.0,382000.0,330000.0,423300.0,494800.0,389000.0,374500.0,550000.0,175000.0,172951.0,236500.0,435000.0,341250.0,325000.0,575275.0,560000.0,480000.0,459000.0,675000.0,980000.0
98056,3,43750.0,,65000.0,65950.0,,60250.0,75750.0,,139500.0,84495.0,196000.0,100000.0,139950.0,110000.0,130000.0,146975.0,161475.0,170475.0,247500.0,232000.0,207500.0,255975.0,284150.0,317475.0,355000.0,416500.0,420000.0,410000.0,267250.0,279250.0,260000.0,292076.0,380000.0,315500.0,361000.0,491500.0,479475.0,568264.5,637500.0,836000.0,1062500.0
98057,0,65950.0,43000.0,71000.0,49975.0,55500.0,67500.0,74000.0,73075.5,115000.0,92500.0,94975.0,106000.0,99950.0,115999.5,114810.0,117500.0,125000.0,145000.0,153000.0,172000.0,182500.0,198500.0,280000.0,250000.0,275000.0,365500.0,332000.0,259500.0,274250.0,212000.0,239950.0,233900.0,238950.0,285000.0,325513.5,365000.0,413750.0,462000.0,510000.0,555000.0,735000.0
98057,1,,49000.0,,46228.0,69724.5,70000.0,56250.0,43000.0,64000.0,,94000.0,108500.0,120000.0,99427.0,133500.0,136201.0,144750.0,159975.0,166000.0,159750.0,160000.0,193500.0,215000.0,289950.0,339000.0,330950.0,270000.0,310000.0,280000.0,281500.0,194300.0,200000.0,236500.0,277500.0,274975.0,410000.0,440000.0,450000.0,405000.0,520000.0,1150000.0
98057,2,50000.0,45000.0,33500.0,59000.0,,48875.0,61500.0,,36465.0,88000.0,144950.0,99250.0,118500.0,68000.0,92900.0,124900.0,137500.0,140000.0,164950.0,159975.0,178250.0,155000.0,196000.0,316750.0,275000.0,340000.0,264500.0,250500.0,231000.0,161750.0,131750.0,174000.0,223090.0,280000.0,302500.0,337500.0,420000.0,475000.0,400000.0,532500.0,650000.0
98058,0,78700.0,82950.0,79000.0,87750.0,90000.0,104120.0,101500.0,115000.0,154950.0,156750.0,140000.0,146000.0,144500.0,145575.0,153100.0,167500.0,188000.0,199225.0,215000.0,219950.0,240000.0,260000.0,286000.0,320000.0,355000.0,372500.0,355000.0,310000.0,295000.0,249950.0,255000.0,287000.0,317000.0,343750.0,390000.0,437975.0,465000.0,510000.0,535000.0,662500.0,783000.0
98058,1,74750.0,84000.0,84500.0,85000.0,97000.0,92000.0,98450.0,123000.0,121950.0,132000.0,133225.0,132500.0,135200.0,140017.0,144000.0,155450.0,164000.0,187500.0,199000.0,207400.0,217450.0,230000.0,245000.0,284700.0,332000.0,349975.0,313500.0,290000.0,215000.0,216000.0,249000.0,280006.5,269900.0,319975.0,355000.0,400000.0,431750.0,431000.0,515000.0,607700.0,725000.0
98058,2,70500.0,81500.0,88500.0,38000.0,75000.0,81312.5,52900.0,82475.0,191270.0,83750.0,109975.0,150000.0,95500.0,105500.0,116600.0,119950.0,180000.0,194200.0,138950.0,167000.0,180000.0,196800.0,227000.0,274930.0,366496.5,368450.0,268725.0,305000.0,214000.0,267848.5,229950.0,228722.0,272504.0,274950.0,263100.0,392000.0,364975.0,514900.0,503500.0,525999.5,620000.0
98058,3,,,,,,,,,,,106000.0,110000.0,,,,,,,237950.0,,,180500.0,,180000.0,,,,220000.0,,,240000.0,,,,252000.0,,330000.0,436000.0,,,
98059,0,78500.0,78575.0,78500.0,77500.0,82700.0,84750.0,92500.0,127950.0,172162.5,175000.0,160000.0,147900.0,154725.0,155750.0,184950.0,195990.0,206950.0,229900.0,245500.0,270000.0,299950.0,305250.0,339990.0,385925.0,439500.0,455000.0,415000.0,390000.0,384475.0,344000.0,345000.0,386500.0,395000.0,448000.0,531250.0,575000.0,595000.0,620000.0,670000.0,800000.0,925000.0
98059,1,67500.0,78950.0,67250.0,92765.0,70000.0,82000.0,140785.0,87000.0,121750.0,133225.0,165000.0,125000.0,135000.0,141725.0,139439.0,160250.0,204000.0,195000.0,213950.0,231500.0,258250.0,247900.0,275000.0,320000.0,415250.0,410250.0,374000.0,326944.0,272500.0,275000.0,270000.0,345000.0,335000.0,390000.0,470000.0,475000.0,500000.0,521000.0,565000.0,702000.0,715000.0
98059,2,,95500.0,53975.0,110000.0,61000.0,61900.0,99000.0,80000.0,68500.0,190250.0,145000.0,164500.0,132500.0,154900.0,168500.0,154000.0,146485.0,161250.0,183000.0,252420.0,261450.0,279950.0,274400.0,307000.0,302000.0,340000.0,374000.0,300000.0,337000.0,240000.0,135000.0,260000.0,310000.0,355900.0,404500.0,395000.0,501000.0,457500.0,515000.0,715000.0,699000.0
98063,0,,,,,,,,,,,,,,,,,,,,,,,,,,,,,380000.0,,,,,,447000.0,,,,,701000.0,
98065,0,48750.0,72500.0,45000.0,63900.0,68000.0,55000.0,65000.0,69950.0,122500.0,120000.0,102500.0,128250.0,128921.0,134000.0,130997.5,179500.0,225000.0,285497.5,286817.5,323500.0,321193.5,336820.0,372500.0,470000.0,465500.0,485000.0,516200.0,438900.0,450000.0,396499.5,385000.0,405000.0,465000.0,506950.0,569999.5,649250.0,675000.0,689000.0,753000.0,950000.0,1030000.0
98065,1,,,,110000.0,85000.0,,,142000.0,,,70000.0,135000.0,188000.0,219000.0,145000.0,177500.0,225000.0,295500.0,325000.0,236400.0,104530.5,211625.0,339950.0,435000.0,,217500.0,,365000.0,435000.0,460000.0,335912.5,365000.0,304500.0,420750.0,,460975.0,652500.0,500000.0,822000.0,1000000.0,
98065,2,,,,,,,65400.0,,,,117500.0,,,,158475.0,95000.0,229500.0,,353000.0,388500.0,240000.0,345000.0,235000.0,237802.0,,540000.0,,,,,,,286500.0,387000.0,536000.0,534990.0,580000.0,600000.0,970000.0,1124944.0,1450000.0
98068,0,,114000.0,,,105000.0,82500.0,125250.0,205000.0,97125.0,167500.0,178000.0,189975.0,149950.0,189000.0,157000.0,205000.0,310000.0,282500.0,300000.0,275000.0,420000.0,325000.0,338000.0,380000.0,450000.0,595000.0,435000.0,194250.0,555000.0,336250.0,362500.0,385000.0,385204.5,340000.0,550000.0,500000.0,605000.0,692915.0,564125.0,878000.0,
98070,0,73500.0,88000.0,73750.0,75900.0,77250.0,87400.0,89000.0,102500.0,135000.0,180000.0,177500.0,176500.0,190000.0,198500.0,190000.0,190550.0,231000.0,252250.0,260000.0,268000.0,285000.0,312450.0,349000.0,402000.0,435000.0,525000.0,470000.0,407000.0,398710.5,329500.0,355000.0,392500.0,400000.0,470000.0,515886.0,575000.0,635000.0,600000.0,671000.0,807500.0,846500.0
98070,1,115000.0,70000.0,60000.0,37000.0,79000.0,99450.0,112500.0,72500.0,275000.0,80888.0,202000.0,196750.0,183000.0,137000.0,185000.0,185750.0,202500.0,214230.0,289000.0,236000.0,282500.0,350000.0,317500.0,489000.0,400000.0,410000.0,460000.0,485750.0,275000.0,446000.0,310000.0,398450.0,399750.0,419000.0,490000.0,645000.0,514250.0,604000.0,699500.0,619500.0,
98070,2,145000.0,75000.0,52500.0,71850.0,52750.0,62250.0,77500.0,120000.0,102775.0,211250.0,147196.0,147500.0,119750.0,142500.0,134950.0,170000.0,135000.0,200000.0,280400.0,190107.5,238944.0,255000.0,253000.0,380000.0,303380.0,341000.0,517500.0,376800.0,244450.0,206000.0,250000.0,280000.0,260000.0,364000.0,409000.0,508300.0,520000.0,479000.0,650000.0,676000.0,
98072,0,92475.0,107915.0,116000.0,117000.0,117725.0,129725.0,122500.0,177730.0,220692.0,215000.0,214500.0,211808.5,221000.0,226000.0,248750.0,267000.0,280000.0,315750.0,329950.0,317500.0,327500.0,340000.0,405059.0,449250.0,545000.0,551250.0,529000.0,454390.0,471200.0,477000.0,425000.0,500000.0,528250.0,540550.0,680000.0,722000.0,800000.0,758875.0,862500.0,1105000.0,1650000.0
98072,1,83948.0,129017.5,110000.0,122475.0,122000.0,100475.0,137500.0,155000.0,279000.0,178500.0,187475.0,194500.0,162500.0,205000.0,247000.0,247000.0,269900.0,312475.0,295000.0,317975.0,309250.0,373725.0,355000.0,428400.0,649950.0,582500.0,559000.0,505500.0,445000.0,349900.0,529000.0,525000.0,540000.0,592545.0,572997.5,640000.0,779500.0,812475.0,750000.0,1039000.0,1762500.0
98072,2,,83000.0,78995.0,,85750.0,103475.0,127250.0,213720.0,185000.0,205500.0,164500.0,203750.0,183000.0,165000.0,202000.0,224000.0,243250.0,216250.0,280000.0,288450.0,335000.0,260000.0,380000.0,396975.0,525000.0,509450.0,449000.0,450000.0,463200.0,345049.5,392500.0,400000.0,490000.0,489500.0,570000.0,650000.0,752500.0,710000.0,766000.0,1099500.0,900000.0
98072,3,,,,,,,,,,,147000.0,,,152000.0,,132000.0,179500.0,,188500.0,,312950.0,437000.0,,322500.0,,,,,337500.0,,,260000.0,380575.0,,385000.0,,,697500.0,,970000.0,
98074,0,92000.0,116475.0,123150.0,135975.0,138400.0,144750.0,139850.0,167500.0,234950.0,203000.0,206950.0,217750.0,229950.0,242000.0,244450.0,273500.0,319000.0,334990.0,359095.0,369975.0,385000.0,417927.0,455000.0,511513.0,605000.0,630000.0,606000.0,529500.0,540000.0,513750.0,517750.0,576750.0,625000.0,660000.0,750000.0,850000.0,927000.0,905500.0,1025000.0,1400000.0,1760000.0
98074,1,,,,74475.0,86000.0,99500.0,107975.0,122000.0,158000.0,154500.0,250000.0,170250.0,174950.0,172500.0,222500.0,171475.0,244500.0,265000.0,330000.0,295750.0,321200.0,296000.0,364000.0,483000.0,577475.0,474900.0,610000.0,528500.0,423500.0,413500.0,504000.0,669950.0,625000.0,597500.0,689000.0,750000.0,697500.0,752500.0,865000.0,1081250.0,
98074,2,73950.0,121000.0,78675.0,145825.0,,192719.0,480980.0,198950.0,247500.0,369975.0,202000.0,208000.0,214500.0,247725.0,250280.0,280250.0,252500.0,360000.0,347000.0,310750.0,360000.0,400000.0,399995.0,517500.0,589995.0,535000.0,530000.0,406500.0,655000.0,595000.0,550000.0,658736.5,527500.0,788500.0,721000.0,939750.0,1032500.0,825500.0,950000.0,1463500.0,5000000.0
98075,0,118225.0,126250.0,120000.0,112000.0,118950.0,130000.0,152000.0,252500.0,325000.0,279000.0,270500.0,292175.0,300000.0,342725.0,356990.0,384363.0,405000.0,431000.0,454000.0,420956.0,475007.5,471000.0,528990.0,590000.0,729000.0,750000.0,703500.0,600000.5,623110.0,585000.0,605000.0,686000.0,705000.0,759000.0,868500.0,989500.0,1056750.0,1035000.0,1180000.0,1577000.0,2125000.0
98075,1,,,105100.0,92500.0,130000.0,138475.0,126000.0,156000.0,278500.0,253000.0,206000.0,311500.0,321250.0,229000.0,207000.0,367737.5,305000.0,372875.0,392850.0,452990.0,492500.0,550000.0,462500.0,515000.0,725000.0,790000.0,728500.0,637000.0,447950.0,562456.0,507000.0,537031.5,660000.0,779075.0,868250.0,976250.0,960000.0,890000.0,985000.0,1475000.0,1950000.0
98075,2,,71750.0,,110000.0,167500.0,82475.0,305000.0,300000.0,208000.0,,230000.0,175250.0,210500.0,271000.0,284990.0,357000.0,297500.0,395000.0,359950.0,275000.0,449500.0,287000.0,460500.0,570000.0,609000.0,775000.0,420000.0,517875.0,475000.0,707500.0,470000.0,702500.0,406430.0,622500.0,848000.0,106931.0,1102500.0,925000.0,1005000.0,1380000.0,710000.0
98077,0,83500.0,100000.0,115000.0,122000.0,117203.5,127000.0,172500.0,182250.0,289950.0,270000.0,285000.0,309950.0,299950.0,310000.0,323000.0,348000.0,385495.0,411990.0,450000.0,427000.0,472500.0,472000.0,525000.0,619950.0,679500.0,713625.0,654500.0,572000.0,615000.0,572738.5,580000.0,614000.0,632712.5,678500.0,757475.0,850000.0,849475.0,975000.0,1085000.0,1319500.0,1922500.0
98077,1,105000.0,92500.0,77000.0,,142500.0,98500.0,132425.0,172500.0,318950.0,270000.0,254750.0,197999.5,215475.0,249125.0,262525.0,296450.0,355750.0,294000.0,325000.0,375433.5,363250.0,369950.0,438750.0,438975.0,444000.0,770000.0,313500.0,525000.0,357500.0,571975.0,427000.0,597950.0,650000.0,620000.0,640000.0,750000.0,845000.0,800000.0,877500.0,964500.0,1450000.0
98077,2,215000.0,,95000.0,163025.0,97200.0,92000.0,98000.0,224950.0,,177500.0,155250.0,150000.0,175000.0,150923.5,206450.0,202750.0,193000.0,220500.0,270500.0,258975.0,380000.0,250000.0,333000.0,380000.0,389250.0,560000.0,492000.0,321250.0,342500.0,186000.0,500000.0,314500.0,375000.0,495000.0,492500.0,862000.0,690000.0,610000.0,321000.0,870000.0,
98079,0,,,,,,,,,,,,,,,,,,,,,,,,,,,,,,305276.0,,,,,,,,632000.0,,,
98083,0,,,,,,,,,,,,,,,,,,,,340000.0,,,,,,,,505000.0,,,,,,,,,,,,,
98085,0,,,,,,,,,,,,,,,,,,,,,,,,,,,,,,,,,,,,,,1092637.0,,,
98092,0,83500.0,80000.0,78950.0,90325.0,89950.0,91050.0,102625.0,122000.0,141900.0,152700.0,143975.0,144212.5,162735.0,164950.0,174900.0,177805.0,189725.0,201250.0,209000.0,226350.0,230000.0,236000.0,258200.0,312000.0,353800.0,363000.0,319950.0,284950.0,277500.0,237825.0,239995.0,265000.0,285167.0,327500.0,350000.0,384500.0,425000.0,431000.0,497500.0,600000.0,694950.0
98092,1,,92250.0,,91250.0,72000.0,,115000.0,91200.0,109000.0,,113000.0,132497.5,95000.0,,130000.0,111124.5,193285.0,178975.0,159950.0,199950.0,203950.0,200000.0,315750.0,265500.0,344000.0,284950.0,400000.0,217950.0,232000.0,174000.0,243500.0,208750.0,250000.0,277000.0,338000.0,345000.0,405000.0,423000.0,223500.0,512500.0,570000.0
98092,2,,70997.5,66500.0,130500.0,107975.0,105750.0,139750.0,164450.0,171500.0,153000.0,135000.0,157000.0,127500.0,156750.0,184700.0,180000.0,192000.0,180250.0,141600.0,220000.0,243950.0,215000.0,280257.5,350000.0,365000.0,355500.0,303925.0,280000.0,327815.0,232206.0,223475.0,237000.0,345000.0,268900.0,368500.0,472650.0,398750.0,472576.0,492000.0,535000.0,772500.0
98092,3,,,,,,,,,,,,,,,195000.0,,,212500.0,,183000.0,,,245000.0,,,415000.0,,,,,,,454800.0,352000.0,,,655000.0,,520000.0,895000.0,
98097,0,,,,,,,,,,,,,,,,,,,,,,,,,,,,,,,303450.0,,,,,,,,,,
98102,0,123625.0,202000.0,116500.0,142000.0,177100.0,136500.0,183000.0,318500.0,392500.0,425000.0,280000.0,278000.0,300000.0,374000.0,363750.0,425500.0,424500.0,508500.0,587700.0,604000.0,548400.0,610000.0,640500.0,845000.0,849000.0,865000.0,920000.0,755000.0,799500.0,778000.0,778000.0,910000.0,967000.0,1090000.0,1200000.0,1530000.0,1550000.0,1350000.0,1612500.0,1600000.0,1618000.0
98102,1,,,110000.0,71500.0,166250.0,183500.0,127113.5,309975.0,225000.0,260500.0,244950.0,250000.0,267000.0,310000.0,310000.0,328700.0,387475.0,412500.0,539000.0,552000.0,423500.0,569000.0,606500.0,665000.0,713750.0,758500.0,660000.0,616254.5,677000.0,665000.0,721500.0,685000.0,900000.0,900000.0,1064000.0,1065000.0,1268000.0,1247000.0,1660000.0,1435000.0,1725000.0
98102,2,121000.0,165000.0,,,250750.0,135083.0,119000.0,212500.0,406000.0,,260000.0,226000.0,165000.0,248000.0,255000.0,273000.0,350000.0,412500.0,485000.0,480000.0,394250.0,350000.0,539975.0,750000.0,740000.0,667950.0,590000.0,565500.0,680000.0,561500.0,695000.0,818025.0,820500.0,1162500.5,1100000.0,1525000.0,1350000.0,1395000.0,1110000.0,1200000.0,1395000.0
98102,3,,150000.0,134500.0,,166250.0,,,,,249000.0,187000.0,295000.0,173500.0,175000.0,371000.0,337500.0,300000.0,225000.0,350000.0,285000.0,695000.0,398000.0,608750.0,998000.0,1005000.0,695000.0,947841.0,912500.0,882687.5,518500.0,793500.0,550000.0,600000.0,742000.0,936000.0,1210000.0,1009999.0,1067500.0,895000.0,1200000.0,1009000.0
98103,0,77500.0,79250.0,69950.0,75000.0,77950.0,89250.0,95000.0,120000.0,167500.0,150000.0,152500.0,149975.0,159950.0,165250.0,178000.0,195000.0,227000.0,269950.0,290550.0,310750.0,320000.0,337000.0,399950.0,439900.0,510500.0,560250.0,549975.0,447750.0,456000.0,460000.0,475000.0,559000.0,611000.0,638000.0,720000.0,801000.0,854300.0,856500.0,900000.0,1000000.0,1250000.0
98103,1,47500.0,93575.0,72750.0,67000.0,85000.0,75600.0,80625.0,115000.0,150000.0,174000.0,149950.0,165000.0,177150.0,171250.0,175000.0,197220.0,242500.0,246000.0,306000.0,335000.0,365000.0,357000.0,399200.0,459500.0,556000.0,550000.0,482500.0,500000.0,448500.0,497500.0,480000.0,577000.0,600572.5,695000.0,718750.0,874975.0,951500.0,911800.0,976500.0,1000000.0,1375000.0
98103,2,58500.0,68250.0,81000.0,64000.0,83000.0,71000.0,81000.0,109750.0,157000.0,123500.0,135000.0,144000.0,165850.0,165000.0,161500.0,167000.0,205750.0,222000.0,275000.0,272500.0,299950.0,308000.0,358544.0,411600.0,450000.0,533500.0,485000.0,437000.0,399250.0,403500.0,435000.0,472500.0,540000.0,603875.0,687500.0,850000.0,881944.5,764250.0,760000.0,945000.0,1000300.0
98103,3,,97000.0,,74000.0,,63900.0,68000.0,104375.0,117500.0,132000.0,144512.0,149975.0,161000.0,192500.0,153350.0,182500.0,172500.0,228750.0,240000.0,382000.0,240000.0,292000.0,402500.0,419450.0,458910.0,408000.0,441500.0,400500.0,380000.0,323975.0,437500.0,523100.0,550500.0,601000.0,629000.0,813000.0,867500.0,775000.0,796750.0,937000.0,610000.0
98104,0,,,,,,,,,,,,,,,,,,,,,,,,,,,,,,,,,,,630300.0,,,,,,
98105,0,125000.0,110500.0,116500.0,100000.0,129200.0,118250.0,152428.5,164500.0,232500.0,282500.0,190500.0,212500.0,212000.0,225500.0,225000.0,258000.0,305000.0,341000.0,393500.0,380000.0,399000.0,424500.0,479975.0,550000.0,623500.0,710000.0,689000.0,632500.0,637000.0,585142.0,640000.0,706000.0,800000.0,880000.0,961000.0,975000.0,1185000.0,1137500.0,1275000.0,1300000.0,1667500.0
98105,1,92725.0,115000.0,83000.0,81625.0,82500.0,94750.0,98000.0,119250.0,130000.0,187250.0,170500.0,174400.0,164500.0,184500.0,182500.0,219875.0,249500.0,262500.0,317000.0,345500.0,350000.0,368250.0,410000.0,525570.0,575000.0,645000.0,585500.0,506650.0,509900.5,550000.0,537250.0,555000.0,656000.0,649950.0,789500.0,917500.0,993057.0,872500.0,1083000.0,997100.0,1242500.0
98105,2,78000.0,71300.0,63500.0,69500.0,80000.0,64975.0,90750.0,118000.0,155750.0,125000.0,144750.0,145500.0,156500.0,157000.0,176125.0,179950.0,229000.0,249500.0,265000.0,295000.0,299500.0,310000.0,354250.0,430000.0,479975.0,485000.0,460000.0,420000.0,419000.0,378950.0,420000.0,500000.0,541050.0,599975.0,660000.0,755000.0,872000.0,830000.0,860000.0,898000.0,1060000.0
98105,3,41000.0,,,70000.0,73500.0,67200.0,83000.0,78372.5,130000.0,119802.5,122000.0,136000.0,104975.0,129000.0,147000.0,166700.0,158500.0,188000.0,214250.0,254000.0,240000.0,256500.0,319500.0,360000.0,404500.0,490000.0,375000.0,365000.0,437450.0,339950.0,364000.0,404750.0,424975.0,500000.0,530000.0,625000.0,721750.0,750000.0,739974.5,800000.0,
98106,0,50000.0,56000.0,56500.0,54000.0,55725.0,59500.0,59950.0,70275.0,92000.0,95000.0,103500.0,95000.0,102500.0,105000.0,106000.0,120250.0,127000.0,144950.0,165000.0,173000.0,180950.0,201000.0,219925.0,262500.0,306675.0,333980.0,301950.0,271500.0,249500.0,199975.0,214000.0,235000.0,290000.0,352500.0,375500.0,470500.0,549900.0,525000.0,560000.0,630000.0,650000.0
98106,1,50000.0,60150.0,61000.0,39400.0,48500.0,65000.0,56650.0,69725.0,66950.0,125000.0,100500.0,113115.0,105000.0,103100.0,108750.0,118475.0,122500.0,129750.0,153000.0,168700.0,198950.0,196000.0,218350.0,238500.0,306910.0,318500.0,299900.0,237475.0,290000.0,200000.0,235000.0,250000.0,272000.0,324000.0,388550.0,510125.0,530000.0,505000.0,472000.0,572500.0,624500.0
98106,2,42000.0,61000.0,53000.0,73000.0,57250.0,79000.0,50600.0,65500.0,108500.0,59500.0,80550.0,100500.0,86850.0,89500.0,82500.0,101725.0,133000.0,135475.0,154000.0,168500.0,179950.0,212000.0,220000.0,228650.0,300000.0,340000.0,288000.0,240000.0,300000.0,152975.0,128000.0,208000.0,235000.0,276000.0,350000.0,391000.0,428500.0,475000.0,557500.0,630000.0,560500.0
98106,3,,,,,,40000.0,,50000.0,,177000.0,,103400.0,,107500.0,,285000.0,114950.0,,221000.0,,170630.0,,,385000.0,,,,,,304500.0,,275000.0,,795000.0,,154975.0,272530.0,,,644000.0,
98107,0,73200.0,75000.0,70000.0,75000.0,78810.0,86000.0,89975.0,115000.0,136000.0,140750.0,142000.0,143500.0,149750.0,156000.0,161500.0,179950.0,214500.0,240110.0,279000.0,271700.0,305000.0,342000.0,369500.0,415000.0,483500.0,532000.0,525000.0,422500.0,447500.0,411000.0,469000.0,476500.0,542000.0,657000.0,694500.0,802500.0,810000.0,819000.0,901500.0,1022500.0,1065000.0
98107,1,83800.0,76500.0,58450.0,68250.0,74000.0,78000.0,133500.0,122500.0,208500.0,145000.0,135625.0,129000.0,161975.0,150000.0,152250.0,160250.0,239975.0,229475.0,257500.0,235000.0,290000.0,312000.0,353950.0,418750.0,454750.0,552500.0,521500.0,413000.0,413450.0,475000.0,434500.0,533000.0,496000.0,685000.0,728000.0,800000.0,767500.0,1000000.0,925000.0,925000.0,1060000.0
98107,2,,,,,,,53000.0,107000.0,115000.0,,111000.0,114500.0,145000.0,129950.0,129500.0,139950.0,167750.0,212000.0,223250.0,292695.0,246750.0,269950.0,288600.0,305000.0,360625.0,377500.0,408500.0,297750.0,347250.0,345850.0,392500.0,422500.0,,507116.0,605000.0,1450000.0,840000.0,686000.0,740000.0,743725.0,850000.0
98107,3,84000.0,,,80129.0,,69000.0,61500.0,,,,129000.0,122475.0,161500.0,142900.0,146500.0,187250.0,207450.0,165000.0,133250.0,274000.0,270000.0,283100.0,370500.0,554000.0,558750.0,612500.0,518500.0,300000.0,399950.0,349950.0,381500.0,390000.0,477000.0,609000.0,580000.0,820000.0,823000.0,900000.0,988200.0,975000.0,1500000.0
98108,0,50975.0,77000.0,63450.0,63600.0,55500.0,59950.0,69750.0,77000.0,88500.0,114000.0,113500.0,99000.0,105000.0,110000.0,120000.0,134500.0,147475.0,158950.0,192500.0,200000.0,210000.0,221160.0,242500.0,282000.0,315000.0,355000.0,330000.0,290000.0,272900.0,250000.0,229000.0,286000.0,326448.0,350000.0,423000.0,499000.0,525000.0,560000.0,638750.0,686250.0,650000.0
98108,1,60000.0,59250.0,80000.0,65000.0,63000.0,110000.0,52000.0,80887.5,90000.0,65000.0,114000.0,126500.0,115000.0,96000.0,132000.0,128325.0,147950.0,150000.0,176000.0,200000.0,200000.0,203500.0,239900.0,305000.0,336000.0,264000.0,265000.0,296000.0,276900.0,188000.0,235000.0,240000.0,265000.0,295000.0,447500.0,457500.0,550000.0,657000.0,479000.0,643500.0,424381.5
98108,2,63000.0,85000.0,40000.0,66500.0,65000.0,104700.0,58250.0,77000.0,95000.0,107625.0,100000.0,98000.0,108000.0,124800.0,122475.0,129750.0,135950.0,138250.0,159500.0,180000.0,193550.0,214000.0,225000.0,279000.0,315000.0,319975.0,298760.0,300000.0,240000.0,177500.0,237000.0,265000.0,262500.0,285250.0,405000.0,480000.0,500000.0,500000.0,550000.0,665000.0,402413.5
98108,3,,35000.0,,,,,,,20275.0,,39300.0,30000.0,58000.0,,,,95000.0,151725.0,162625.0,223000.0,257475.0,240475.0,204500.0,243000.0,299750.0,285000.0,217000.0,180000.0,,165500.0,225000.0,215000.0,237500.0,280000.0,312487.5,382000.0,465000.0,,428000.0,612500.0,
98109,0,95000.0,95565.0,96500.0,111000.0,121000.0,120975.0,124500.0,162475.0,237500.0,235000.0,226250.0,225000.0,233500.0,234950.0,264850.0,285000.0,333000.0,379000.0,457475.0,446750.0,459000.0,520750.0,600000.0,660000.0,802500.0,859000.0,807500.0,625000.0,720000.0,743000.0,675000.0,762500.0,805500.0,915000.0,1208000.0,1167000.0,1279000.0,1300000.0,1355750.0,1500000.0,1700000.0
98109,1,,75000.0,270000.0,114750.0,179000.0,114250.0,141500.0,300500.0,200000.0,164000.0,165250.0,162375.0,206750.0,297000.0,261500.0,295000.0,303500.0,336950.0,584000.0,500000.0,612500.0,419250.0,577000.0,556000.0,527700.0,717500.0,667000.0,560000.0,793250.0,587000.0,667000.0,759000.0,700000.0,935000.0,1096500.0,900000.0,1186500.0,1435000.0,1197500.0,1410000.0,1114000.0
98109,2,62000.0,68000.0,117125.0,68715.0,,57500.0,117750.0,125000.0,111650.0,105000.0,,130000.0,155000.0,119804.5,219500.0,207500.0,198500.0,338000.0,259975.0,286000.0,493475.0,420000.0,415000.0,516964.5,587500.0,548000.0,542500.0,615215.0,618000.0,485000.0,405000.0,662500.0,607000.0,806250.0,965750.0,856500.0,1036675.0,811000.0,1217500.0,1030000.0,1200000.0
98109,3,,,,,,,,,,,,,,152600.0,,325000.0,,,,475000.0,,277000.0,405000.0,,436000.0,,,,,,304124.0,425000.0,,1614000.0,484000.0,,1275000.0,,,,
98111,1,,,,,,,,,,,,,,,,,255000.0,,,,,,,,,,,,,,,,,,,,,,,,
98112,0,125810.0,122750.0,133700.0,159500.0,141750.0,149900.0,174500.0,185000.0,289000.0,283250.0,246500.0,251000.0,269500.0,275000.0,282500.0,350250.0,390000.0,461900.0,500000.0,500000.0,523500.0,565000.0,606500.0,745000.0,820000.0,995000.0,800000.0,720000.0,875000.0,807500.0,845000.0,925000.0,1047000.0,1225000.0,1205000.0,1307500.0,1380000.0,1356000.0,1483000.0,1800000.0,1875000.0
98112,1,73000.0,187500.0,133000.0,267750.0,170000.0,140000.0,154500.0,198000.0,288500.0,346250.0,223750.0,254000.0,251250.0,283500.0,299000.0,342000.0,449000.0,520000.0,508500.0,500000.0,575000.0,553000.0,628500.0,785000.0,872000.0,900000.0,999750.0,925000.0,840000.0,840000.0,748000.0,945885.5,975000.0,1364000.0,1090000.0,1276000.0,1338500.0,1467500.0,1575000.0,1550000.0,1567000.0
98112,2,55000.0,88500.0,92500.0,95500.0,108500.0,96725.0,108500.0,104950.0,195000.0,173975.0,188000.0,200000.0,216000.0,197200.0,194000.0,269408.0,239900.0,327000.0,318250.0,400000.0,429000.0,421180.0,455000.0,575000.0,580000.0,612450.0,650000.0,556500.0,540250.0,517500.0,700000.0,683876.0,602500.0,742500.0,745000.0,1175000.0,968750.0,912500.0,900000.0,1195000.0,885000.0
98112,3,,,,155000.0,,,,150000.0,304500.0,,200000.0,244000.0,400000.0,274000.0,325000.0,335000.0,,1085125.0,390000.0,663250.0,554000.0,639000.0,540811.0,460000.0,1716250.0,935000.0,750000.0,,2675000.0,1120625.0,24314.0,850000.0,705000.0,247500.0,957250.0,947500.0,1227500.0,862500.0,2475000.0,1787500.0,1650000.0
98115,0,87500.0,88500.0,85000.0,87500.0,92500.0,97250.0,105000.0,132000.0,171950.0,166500.0,163950.0,168000.0,172725.0,173000.0,189250.0,205000.0,242000.0,279975.0,288000.0,318975.0,328750.0,345299.5,396000.0,444500.0,495000.0,567500.0,528900.0,471000.0,478000.0,469000.0,480000.0,525000.0,565000.0,650000.0,750000.0,822500.0,880000.0,845000.0,910000.0,1015000.0,1028025.0
98115,1,98750.0,118100.0,86250.0,81725.0,93000.0,89200.0,98650.0,120000.0,150000.0,157500.0,158000.0,163000.0,160000.0,160450.0,166250.0,198600.0,222000.0,257500.0,279975.0,298000.0,308000.0,334000.0,368000.0,450000.0,510000.0,527475.0,548000.0,426250.0,454000.0,437000.0,429250.0,493638.5,544500.0,595500.0,752475.0,830000.0,870000.0,810000.0,862475.0,975000.0,1125000.0
98115,2,75000.0,75975.0,66500.0,74000.0,77500.0,80500.0,89500.0,105505.0,150750.0,148000.0,142500.0,140000.0,150000.0,149725.0,155500.0,169475.0,202500.0,232500.0,253000.0,250000.0,285000.0,299300.0,330000.0,380500.0,450000.0,459250.0,425000.0,386173.0,372500.0,350000.0,410000.0,435000.0,475000.0,545500.0,617000.0,753500.0,751000.0,810650.0,797500.0,880000.0,1174000.0
98115,3,79000.0,97500.0,97475.0,79250.0,65250.0,75000.0,,127500.0,110000.0,116000.0,147500.0,125000.0,146000.0,140000.0,192500.0,156000.0,236000.0,215000.0,273250.0,276000.0,295000.0,272500.0,341450.0,332000.0,345000.0,451500.0,415000.0,385000.0,361500.0,353500.0,490000.0,440000.0,447500.0,500000.0,610000.0,785000.0,637450.0,722750.0,805000.0,735000.0,1184500.0
98116,0,75975.0,75000.0,80000.0,81250.0,87000.0,87225.0,100000.0,131000.0,164000.0,155250.0,148000.0,156000.0,159950.0,163995.0,172000.0,191000.0,225000.0,255000.0,283000.0,299950.0,329950.0,334975.0,367750.0,439000.0,495000.0,535000.0,532000.0,467875.0,414500.0,414000.0,450000.0,458000.0,539500.0,593000.0,686100.0,739000.0,813000.0,785000.0,847500.0,942000.0,1060000.0
98116,1,80000.0,69000.0,94250.0,81500.0,68725.0,85500.0,136500.0,104750.0,189950.0,144791.0,167000.0,144000.0,160000.0,169950.0,180000.0,188000.0,225000.0,265000.0,279950.0,257000.0,322500.0,323000.0,354500.0,413000.0,481000.0,530000.0,405500.0,464000.0,443998.5,420000.0,395000.0,494000.0,548975.0,640000.0,700000.0,800500.0,788500.0,894000.0,818000.0,927500.0,620461.5
98116,2,110000.0,70000.0,95499.5,94500.0,115500.0,87400.0,90000.0,131500.0,129500.0,255000.0,136625.0,209000.0,185000.0,204975.0,227475.0,271250.0,248000.0,315000.0,319950.0,252000.0,400000.0,315000.0,415000.0,475000.0,550000.0,692500.0,365000.0,402750.0,526000.0,485000.0,517500.0,540750.0,590000.0,625000.0,696500.0,720000.0,858000.0,847500.0,860000.0,1072500.0,1300000.0
98117,0,73600.0,74000.0,69500.0,76450.0,78550.0,82500.0,89000.0,116250.0,147000.0,149000.0,143250.0,147125.0,149950.0,155000.0,163950.0,182000.0,215000.0,239100.0,265000.0,279500.0,300000.0,318000.0,365000.0,412000.0,457500.0,503000.0,478000.0,434000.0,425000.0,410000.0,436000.0,471000.0,550000.0,588000.0,705000.0,758000.0,828000.0,800000.0,875125.5,961500.0,1100000.0
98117,1,81225.0,70500.0,69500.0,78000.0,88000.0,78750.0,94475.0,110000.0,145500.0,130000.0,138975.0,135000.0,157400.0,149950.0,169950.0,173000.0,209475.0,248250.0,239500.0,298000.0,275050.0,318000.0,387000.0,381250.0,445000.0,475000.0,490000.0,394977.0,405000.0,422000.0,414900.0,460625.0,547500.0,650000.0,681000.0,737500.0,789200.0,845000.0,925660.5,977500.0,820000.0
98117,2,49875.0,67000.0,66400.0,104500.0,70875.0,76950.0,69500.0,98000.0,128000.0,127950.0,124975.0,120000.0,145975.0,142000.0,152500.0,163000.0,186500.0,208500.0,236950.0,244000.0,275000.0,294000.0,330750.0,362475.0,419950.0,478000.0,410000.0,387750.0,389000.0,422500.0,389000.0,435700.0,450000.0,504750.0,603093.5,665000.0,750000.0,757500.0,790500.0,873125.0,1275000.0
98117,3,,,,,76000.0,,,139450.0,,103000.0,174000.0,,,,136388.5,124950.0,229000.0,170000.0,,255000.0,,,326500.0,380000.0,,,,,400000.0,,,317000.0,,,,,,745000.0,,1260000.0,
98118,0,52000.0,54500.0,69700.0,65000.0,63500.0,62000.0,63500.0,74950.0,88500.0,97250.0,110700.0,113000.0,115000.0,116250.0,114000.0,129972.5,148500.0,165500.0,190000.0,207470.0,219000.0,232975.0,260000.0,300000.0,345000.0,379950.0,352625.0,310000.0,300000.0,245525.0,248975.0,306334.0,325000.0,395000.0,439515.0,525375.0,598000.0,600000.0,632850.0,733000.0,837500.0
98118,1,65800.0,63500.0,70500.0,53995.0,64500.0,66000.0,67500.0,65500.0,85000.0,88000.0,102500.0,98000.0,106500.0,107000.0,111202.5,129000.0,141750.0,163250.0,174250.0,185000.0,220000.0,229300.0,250000.0,283500.0,339999.0,356250.0,311000.0,282500.0,294000.0,259999.0,228000.0,290000.0,345000.0,404000.0,453000.0,500000.0,614950.0,580000.0,616500.0,653000.0,642500.0
98118,2,52545.0,44000.0,56000.0,34750.0,63950.0,53750.0,84280.0,89000.0,99000.0,66485.0,112000.0,92500.0,108750.0,103500.0,90000.0,109975.0,131500.0,192000.0,159650.0,196250.0,183000.0,243000.0,275000.0,282000.0,379500.0,420000.0,362000.0,316450.0,270000.0,200000.0,275000.0,205000.0,311500.0,287500.0,394000.0,425000.0,528505.0,531087.5,603750.0,630000.0,971500.0
98118,3,,,66000.0,54000.0,,,,,49000.0,118500.0,85000.0,123900.0,113540.0,87325.0,48000.0,134500.0,185450.0,180475.0,47947.0,127500.0,143500.0,221000.0,185596.0,263500.0,330000.0,403975.0,323000.0,330000.0,172500.0,220000.0,133980.0,222500.0,239000.0,303500.0,355000.0,330000.0,485000.0,265417.5,710000.0,562500.0,
98119,0,84250.0,102125.0,94000.0,106000.0,91000.0,136250.0,120000.0,162500.0,227500.0,230000.0,217950.0,212000.0,220000.0,219000.0,238750.0,274000.0,314000.0,350000.0,410500.0,431750.0,424950.0,452625.0,510750.0,580000.0,625000.0,704000.0,650000.0,643750.0,660000.0,590000.0,659000.0,696000.0,830000.0,940000.0,1049950.0,1068000.0,1260000.0,1095000.0,1275000.0,1425000.0,1918000.0
98119,1,75000.0,82750.0,125000.0,85550.0,87000.0,120000.0,112475.0,145000.0,84000.0,199875.0,215000.0,160000.0,215000.0,198000.0,215052.5,239365.0,268500.0,351000.0,413750.0,395000.0,406242.0,409000.0,453500.0,535000.0,670000.0,626500.0,596250.0,500000.0,625000.0,599950.0,553500.0,682500.0,786250.0,725000.0,855000.0,1003000.0,1065000.0,1150000.0,1077500.0,1200000.0,1650360.0
98119,2,80000.0,,,,68000.0,90000.0,96200.0,158475.0,195000.0,119500.0,170000.0,160250.0,170000.0,165750.0,196000.0,215000.0,252500.0,305000.0,385000.0,399950.0,327250.0,402500.0,574500.0,542000.0,557500.0,647000.0,455000.0,657250.0,481500.0,650000.0,652750.0,705000.0,840000.0,1000000.0,829975.0,950000.0,837500.0,1220000.0,1345000.0,1100000.0,1495000.0
98119,3,29000.0,47500.0,,,,85000.0,,,,,,,125000.0,135000.0,139750.0,,140335.0,200000.0,129403.0,,172862.0,,189250.0,,,,,310000.0,,,,187300.0,,,610000.0,,,,,1000000.0,
98122,0,68750.0,84500.0,73750.0,76000.0,80000.0,67000.0,74150.0,70000.0,113000.0,110000.0,134333.5,136500.0,132000.0,142000.0,155000.0,165000.0,224500.0,260000.0,299925.0,315500.0,297000.0,351000.0,361145.0,425000.0,500000.0,555305.5,514000.0,419000.0,450000.0,440000.0,542000.0,532250.0,575000.0,640000.0,745000.0,897600.0,899000.0,905000.0,976250.0,1100000.0,1050000.0
98122,1,19500.0,95000.0,139000.0,98750.0,95500.0,122500.0,259000.0,220000.0,181500.0,229500.0,234950.0,200000.0,208475.0,280000.0,182500.0,272150.0,320000.0,403750.0,310000.0,399000.0,370000.0,491250.0,419950.0,628750.0,655000.0,660000.0,547000.0,597000.0,667950.0,604500.0,470000.0,535000.0,739500.0,950000.0,872375.0,1150000.0,1175000.0,1200000.0,1248300.0,1303750.0,13850000.0
98122,2,59000.0,56250.0,,40425.0,36250.0,27000.0,59750.0,49000.0,76000.0,87500.0,87500.0,113250.0,79500.0,97000.0,116000.0,132750.0,148000.0,158500.0,210000.0,223000.0,231950.0,230000.0,281150.0,330000.0,387860.0,457500.0,319000.0,295001.0,275000.0,270000.0,311100.0,324950.0,520000.0,535000.0,530000.0,550500.0,670000.0,739500.0,821000.0,824500.0,980000.0
98125,0,71000.0,78000.0,84000.0,82750.0,84500.0,80000.0,96250.0,122250.0,151500.0,149975.0,140000.0,143000.0,148000.0,148500.0,156000.0,166200.0,193750.0,217000.0,235000.0,240000.0,259950.0,285000.0,304030.0,349950.0,395000.0,419000.0,382000.0,377500.0,355000.0,332500.0,335000.0,372700.0,420000.0,460000.0,555000.0,634500.0,680000.0,660000.0,725000.0,850000.0,925000.0
98125,1,,87500.0,70225.0,72000.0,71890.0,82000.0,107975.0,93000.0,156975.0,136200.0,129000.0,135225.0,137500.0,133500.0,146000.0,155000.0,171250.0,152254.0,190000.0,213875.0,227000.0,264500.0,274500.0,329950.0,404000.0,399950.0,346500.0,308000.0,319000.0,300000.0,295000.0,325475.0,398500.0,398000.0,515000.0,565000.0,622500.0,639000.0,650000.0,710000.0,550000.0
98125,2,79415.0,90000.0,65000.0,67500.0,79500.0,89250.0,84975.0,99750.0,135000.0,131975.0,135250.0,135825.0,128500.0,137500.0,155975.0,161000.0,162525.0,210000.0,218000.0,230000.0,235000.0,251500.0,318900.0,326689.0,400000.0,410000.0,362500.0,315000.0,330000.0,250250.0,325000.0,347450.0,368000.0,450000.0,465000.0,580000.0,621500.0,640000.0,627500.0,750000.0,651500.0
98125,3,,70000.0,,,89950.0,,,,,,,107500.0,126500.0,160000.0,,179950.0,123750.0,,,172000.0,,,215000.0,350000.0,270000.0,,,,180000.0,,,163800.0,,390075.0,440000.0,410000.0,550000.0,800000.0,570000.0,,
98126,0,62000.0,62975.0,60000.0,66500.0,66000.0,63500.0,70000.0,86250.0,108000.0,125225.0,119000.0,126950.0,125000.0,131660.5,137950.0,143500.0,162500.0,185000.0,215000.0,227000.0,241000.0,262050.0,299250.0,331300.0,370000.0,400500.0,380000.0,328500.0,325000.0,295000.0,319975.0,344000.0,395750.0,460000.0,466500.0,585000.0,629975.0,641500.0,660750.0,734975.0,785000.0
98126,1,87000.0,53750.0,43000.0,55000.0,55112.5,71800.0,55000.0,84500.0,171000.0,90000.0,115000.0,124975.0,128250.0,122500.0,140975.0,151925.0,149500.0,186000.0,206125.0,229000.0,240000.0,241500.0,286500.0,369500.0,393500.0,389950.0,390000.0,354056.0,340000.0,440000.0,299950.0,381300.0,354000.0,432000.0,492500.0,550975.0,650000.0,651000.0,638000.0,739950.0,845000.0
98126,2,135000.0,54950.0,75475.0,48000.0,65500.0,78000.0,68000.0,65500.0,99475.0,109500.0,101450.0,101925.0,110750.0,113410.0,115000.0,135675.0,140000.0,164000.0,191500.0,211000.0,220000.0,229975.0,269000.0,305500.0,338000.0,369750.0,327000.0,280000.0,263750.0,266500.0,260000.0,300225.0,312500.0,396500.0,440000.0,530000.0,555000.0,520000.0,599475.0,694500.0,976000.0
98126,3,,,,,,,54750.0,,,,157225.0,128300.0,149997.5,153697.5,178000.0,178000.0,268500.0,235000.0,209000.0,172000.0,246045.0,279000.0,318500.0,450000.0,372475.0,542000.0,507000.0,433880.0,,90225.0,298000.0,410000.0,534325.0,497600.0,604000.0,640000.0,900000.0,607000.0,725000.0,740000.0,
98133,0,68975.0,77990.0,72725.0,79700.0,79000.0,78750.0,90500.0,105500.0,139950.0,130000.0,134725.0,131000.0,139000.0,136500.0,143500.0,159500.0,175000.0,195250.0,217225.0,225000.0,240000.0,251000.0,271975.0,322000.0,354500.0,379950.0,361750.0,330000.0,310000.0,290000.0,299975.0,330000.0,358000.0,416000.0,473750.0,573975.0,590000.0,591500.0,640000.0,745000.0,875000.0
98133,1,80050.0,67872.0,71225.0,82000.0,82000.0,85750.0,87250.0,89975.0,134000.0,133197.5,132500.0,133000.0,143950.0,141750.0,146900.0,167125.0,178000.0,197250.0,210000.0,211000.0,235475.0,245000.0,280000.0,301000.0,361975.0,378750.0,347500.0,350000.0,300000.0,267000.0,269000.0,336000.0,347500.0,392000.0,480000.0,525000.0,560000.0,560000.0,625000.0,720000.0,830000.0
98133,2,61250.0,80250.0,72000.0,72750.0,65000.0,72500.0,93975.0,114252.5,112800.0,115000.0,116000.0,134000.0,139500.0,133750.0,133225.0,148000.0,155000.0,190641.5,208500.0,196475.0,228990.0,206000.0,231500.0,328000.0,349950.0,411500.0,359000.0,275000.0,270000.0,180000.0,241900.0,236000.0,324901.0,349100.0,437500.0,497251.0,550000.0,523000.0,649045.0,722500.0,910000.0
98133,3,,74000.0,,79000.0,79990.0,53000.0,81500.0,,128000.0,157500.0,145000.0,123000.0,127925.0,119000.0,113000.0,147900.0,143750.0,180000.0,227500.0,222000.0,237475.0,185000.0,279975.0,255000.0,293150.0,308000.0,,315000.0,229000.0,238000.0,,231000.0,225000.0,316000.0,555000.0,388000.0,394000.0,516000.0,474900.0,575000.0,
98134,0,,,,,,,,,,,,106000.0,,,,,,,165000.0,,,,,,334950.0,,,,,,,,,520000.0,,,480000.0,660000.0,,,
98134,3,,,,,,,,,,,,,,,,,,,228100.0,,269950.0,,,,,,,,,,,,,,,575000.0,,,,,
98136,0,55000.0,81000.0,73000.0,86225.0,69975.0,98750.0,93000.0,115500.0,150000.0,148000.0,145000.0,158000.0,163100.0,158000.0,170000.0,179475.0,219000.0,244475.0,275000.0,273225.0,295400.0,321300.0,374975.0,432000.0,524500.0,538750.0,461255.0,424625.0,460000.0,397250.0,405000.0,440000.0,480000.0,565000.0,636700.0,714900.0,799000.0,750500.0,832500.0,870000.0,975000.0
98136,1,62000.0,112000.0,108450.0,105000.0,82500.0,120500.0,66000.0,132000.0,165000.0,162475.0,159750.0,143250.0,150000.0,159000.0,163500.0,177550.0,195175.0,254950.0,270500.0,242000.0,335000.0,327500.0,379000.0,430750.0,501000.0,475000.0,490000.0,439950.0,446250.0,400000.0,379500.0,444599.0,568000.0,542475.0,585000.0,693250.0,711525.0,697500.0,830000.0,1032500.0,1615000.0
98136,2,115000.0,63000.0,73000.0,71250.0,92000.0,46864.0,72950.0,107475.0,185000.0,125000.0,133875.0,122475.0,136000.0,155000.0,153637.5,179750.0,170150.0,179000.0,243500.0,245000.0,260000.0,256000.0,303475.5,330000.0,372774.0,407475.0,389276.0,385000.0,350000.0,307500.0,376000.0,481400.0,425000.0,460000.0,603000.0,680000.0,697000.0,565000.0,789250.0,780000.0,707000.0
98136,3,245000.0,115000.0,,,,,,,,,,350000.0,,,553208.0,460000.0,697000.0,600000.0,564500.0,526250.0,820000.0,600000.0,750000.0,900000.0,1260250.0,935000.0,,,749000.0,625000.0,,1374842.5,1260000.0,885000.0,1888000.0,1600000.0,1100000.0,,,,
98144,0,68975.0,80500.0,66250.0,63500.0,68000.0,67000.0,78000.0,86000.0,97500.0,117500.0,122375.0,124500.0,119950.0,120000.0,138950.0,146750.0,163000.0,210000.0,226000.0,227250.0,260000.0,271000.0,325000.0,372000.0,425000.0,425000.0,400000.0,370747.5,383800.0,364310.0,375000.0,405000.0,465000.0,562000.0,583888.0,673975.0,759500.0,788000.0,837500.0,890475.0,1031000.0
98144,1,64000.0,76000.0,74000.0,78000.0,53500.0,74250.0,141250.0,101750.0,157000.0,175000.0,135359.5,182000.0,140500.0,175000.0,214950.0,205000.0,258500.0,270000.0,290000.0,380000.0,371450.0,384000.0,443250.0,527475.0,574500.0,663350.0,553000.0,632475.0,652600.0,517875.0,530000.0,660000.0,600000.0,650000.0,690503.0,750000.0,906500.0,970125.0,860000.0,975995.0,925700.0
98144,2,71500.0,67500.0,48450.0,65000.0,53500.0,90000.0,70725.0,88500.0,89250.0,107500.0,114625.0,115000.0,65084.5,133475.0,125000.0,163000.0,154700.0,190750.0,215000.0,250000.0,262750.0,269000.0,299000.0,288000.0,365000.0,384250.0,399600.0,296500.0,327500.0,170000.0,230250.0,359000.0,360000.0,441500.0,612000.0,650000.0,766750.0,660000.0,805000.0,997500.0,977500.0
98144,3,,,,,,158000.0,154125.0,,,586750.0,160000.0,,222791.0,238655.0,255100.5,408500.0,407500.0,350000.0,636250.0,485000.0,549000.0,,575000.0,565000.0,725000.0,1038000.0,,1200000.0,947500.0,,1084950.0,673500.0,1075000.0,,1185000.0,1020000.0,1201500.0,1350000.0,1911500.0,1200000.0,
98146,0,64500.0,61925.0,64225.0,74500.0,76000.0,71475.0,75700.0,98500.0,116500.0,115000.0,116250.0,115000.0,115250.0,122500.0,129365.0,139900.0,144475.0,167000.0,184000.0,186000.0,200000.0,217000.0,242500.0,267950.0,325000.0,335000.0,333725.0,305000.0,253500.0,220000.0,225725.0,274257.5,271375.0,328500.0,400000.0,450000.0,500000.0,499950.0,547500.0,629950.0,699000.0
98146,1,120000.0,65750.0,57000.0,59250.0,72500.0,65000.0,70900.0,82000.0,81250.0,124000.0,103000.0,107000.0,118625.0,108500.0,105000.0,121650.0,138000.0,149500.0,154125.0,180000.0,182592.0,197475.0,224725.0,249500.0,297000.0,320000.0,281250.0,299000.0,215000.0,190000.0,171000.0,212761.0,237900.0,288000.0,375000.0,415250.0,438000.0,417250.0,549950.0,600000.0,705000.0
98146,2,36250.0,46250.0,,44188.0,51700.0,57000.0,,48500.0,97500.0,101250.0,82375.0,116500.0,100000.0,98500.0,92950.0,114300.0,142975.0,138500.0,123650.0,177300.0,167500.0,175575.0,199500.0,201000.0,273500.0,295000.0,297500.0,214625.0,185500.0,132250.0,180000.0,202310.5,262500.0,307500.0,386821.0,372250.0,410000.0,567500.0,521500.0,490000.0,377500.0
98148,0,73000.0,67550.0,63000.0,72500.0,75975.0,79975.0,74950.0,91500.0,123500.0,105750.0,112900.0,112250.0,123800.0,131600.0,125250.0,133450.0,143100.0,183850.0,190000.0,182000.0,201500.0,199950.0,219500.0,265000.0,310000.0,321850.0,307500.0,255000.0,257500.0,192500.0,194000.0,225000.0,233311.0,284000.0,330000.0,349000.0,424900.0,416800.0,470000.0,565500.0,533500.0
98148,1,51950.0,70000.0,72500.0,72475.0,70500.0,77750.0,81750.0,98600.0,99225.0,118000.0,128725.0,115000.0,108000.0,119975.0,125000.0,138250.0,128500.0,158750.0,163750.0,194500.0,184000.0,202975.0,222000.0,261375.0,290000.0,317500.0,280000.0,212500.0,210000.0,170000.0,212000.0,199750.0,280000.0,258750.0,314950.0,350000.0,462975.0,440000.0,430000.0,550000.0,
98148,2,,61000.0,46000.0,57600.0,63000.0,71975.0,70000.0,80500.0,120500.0,106000.0,108750.0,90000.0,153000.0,132000.0,143250.0,,177125.0,150000.0,170700.0,167000.0,191250.0,178250.0,215000.0,247425.0,301425.0,324950.0,,289000.0,160000.0,120000.0,295000.0,99000.0,255000.0,210000.0,274500.0,423975.0,329995.0,485000.0,,700000.0,701000.0
98148,3,,,,,,,,,,,112500.0,,,,,,,154725.0,,,,,246000.0,,226000.0,290000.0,,,171650.0,,,,,,,,445000.0,,,550000.0,
98155,0,72750.0,89075.0,75000.0,79000.0,84725.0,88000.0,96000.0,117000.0,135000.0,140000.0,132975.0,138250.0,142500.0,139975.0,150000.0,160000.0,180950.0,195000.0,209950.0,225000.0,239000.0,250000.0,280000.0,315000.0,366750.0,390750.0,359250.0,331500.0,326000.0,279500.0,300000.0,365000.0,367500.0,409500.0,465000.0,562750.0,620000.0,609500.0,650000.0,770000.0,875000.0
98155,1,70000.0,67475.0,66000.0,73500.0,80500.0,69950.0,76000.0,100300.0,141475.0,117500.0,125000.0,130000.0,128100.0,134000.0,141900.0,151700.0,165000.0,179500.0,200000.0,207500.0,216400.0,229975.0,260000.0,300000.0,320000.0,366500.0,331500.0,300000.0,278750.0,260000.0,250000.0,317625.0,320000.0,417500.0,406000.0,505000.0,554250.0,550000.0,660000.0,750000.0,652500.0
98155,2,103000.0,58700.0,71120.0,116750.0,78475.0,77000.0,90725.0,84950.0,154975.0,129000.0,126000.0,121700.0,118500.0,143000.0,135500.0,139725.0,170500.0,184950.0,180950.0,180000.0,215000.0,216250.0,252000.0,280000.0,301000.0,365000.0,306500.0,278000.0,255000.0,228865.0,240000.0,275750.0,315000.0,327499.5,465186.0,495000.0,591500.0,525000.0,572000.0,750000.0,550000.0
98155,3,,122500.0,80475.0,85975.0,78000.0,76000.0,125750.0,98350.0,238975.0,126000.0,118000.0,162225.0,169950.0,121500.0,140000.0,174000.0,169950.0,185000.0,178000.0,196475.0,240000.0,256975.0,279000.0,339500.0,331250.0,360000.0,360000.0,287475.0,667000.0,173000.0,305000.0,360304.0,440000.0,330000.0,408500.0,545000.0,640000.0,610000.0,650000.0,927500.0,712000.0
98166,0,77000.0,95500.0,125000.0,88200.0,96000.0,117000.0,121000.0,134975.0,152000.0,150900.0,155000.0,164000.0,160000.0,170000.0,164500.0,196690.0,223566.0,236000.0,237000.0,240000.0,252500.0,275000.0,299975.0,375000.0,409000.0,445000.0,365000.0,405000.0,343500.0,330000.0,320000.0,349475.0,381000.0,400000.0,458250.0,510000.0,600000.0,610000.0,650000.0,760000.0,760000.0
98166,1,,83827.5,75000.0,,67000.0,71250.0,106000.0,95500.0,114725.0,114975.0,130355.0,97000.0,101750.0,105500.0,100000.0,118500.0,142500.0,168000.0,172000.0,189500.0,199850.0,177475.0,240700.0,247000.0,295500.0,330000.0,286225.0,280000.0,245000.0,167000.0,204576.0,281000.0,280000.0,310000.0,405500.0,428500.0,416000.0,500000.0,470000.0,580000.0,450000.0
98166,2,,55800.0,48500.0,,,81100.0,,120500.0,82500.0,101000.0,60000.0,116000.0,118000.0,254950.0,145000.0,121500.0,90000.0,165000.0,325000.0,85975.0,180000.0,255000.0,187000.0,285000.0,1050000.0,359748.0,333000.0,232500.0,290978.0,257000.0,261500.0,329532.0,375000.0,240000.0,269500.0,377500.0,470500.0,455975.0,450000.0,478500.0,
98168,0,57250.0,61500.0,61625.0,59995.0,60000.0,61500.0,66708.0,70500.0,90000.0,100000.0,95000.0,102500.0,104000.0,105000.0,107250.0,117500.0,133200.0,139475.0,155530.0,163650.0,174500.0,185000.0,208250.0,242000.0,276250.0,299000.0,270000.0,219000.0,188300.0,150000.0,165000.0,190000.0,210000.0,255100.0,295000.0,340000.0,380000.0,399950.0,430000.0,510000.0,540000.0
98168,1,61475.0,60000.0,60500.0,70000.0,59500.0,62000.0,75000.0,66475.0,99475.0,92500.0,97000.0,103000.0,96000.0,101750.0,117250.0,115100.0,128000.0,149250.0,155000.0,161150.0,189950.0,179950.0,219500.0,238000.0,270000.0,308000.0,238000.0,220000.0,199950.0,171975.0,163672.0,177192.5,202000.0,265669.0,289000.0,329250.0,380000.0,390000.0,479600.0,499500.0,525000.0
98168,2,57500.0,210750.0,50000.0,49500.0,55000.0,57000.0,61950.0,72997.5,83500.0,106000.0,105500.0,89500.0,95000.0,105500.0,105000.0,113500.0,122300.0,154225.0,162000.0,158750.0,169500.0,190000.0,205000.0,235000.0,285025.0,318000.0,265000.0,195000.0,163750.0,114950.0,149650.0,193107.0,193750.0,280000.0,262500.0,355250.0,372500.0,415000.0,430000.0,483000.0,500000.0
98168,3,,,45000.0,,40000.0,76500.0,50000.0,78000.0,78000.0,125000.0,88000.0,45000.0,89675.0,91392.5,,122500.0,160000.0,,166500.0,,312500.0,223745.0,189425.0,240000.0,236000.0,200971.0,196470.0,,,149628.0,140000.0,238730.5,183000.0,228000.0,349500.0,342500.0,385000.0,304500.0,340000.0,590000.0,
98176,0,,,,,,,,,,,,,,,,,,,,,,321000.0,,,,,,,,,,,,,,,,,,,
98177,0,105000.0,105000.0,115000.0,104000.0,112500.0,124000.0,134000.0,149026.0,201000.0,205000.0,196250.0,196000.0,185500.0,195000.0,193250.0,230000.0,259950.0,296500.0,312500.0,316500.0,325000.0,351000.0,399990.0,426000.0,479500.0,569950.0,500000.0,479950.0,430000.0,447400.0,453000.0,480000.0,545000.0,605000.0,650000.0,720000.0,824725.0,834000.0,948500.0,1084250.0,1099900.0
98177,1,69000.0,76950.0,84475.0,88000.0,106750.0,91750.0,114000.0,155950.0,164000.0,153500.0,155800.0,190000.0,164000.0,150000.0,173000.0,180000.0,217750.0,239950.0,266250.0,262250.0,285000.0,321500.0,330975.0,374500.0,452499.5,437000.0,417500.0,359500.0,365000.0,342500.0,360000.0,405000.0,405000.0,492250.0,532000.0,628500.0,699475.0,705000.0,756000.0,875000.0,1024000.0
98177,2,84000.0,90000.0,,95000.0,157000.0,81542.0,,99000.0,,,144000.0,144245.0,340000.0,114950.0,152000.0,416000.0,169475.0,350000.0,589990.0,451000.0,354500.0,289000.0,430000.0,320000.0,495000.0,389950.0,411090.0,316750.0,675000.0,220500.0,377000.0,325000.0,355950.0,385000.0,755000.0,415000.0,700000.0,695000.0,765000.0,937500.0,
98178,0,61900.0,68250.0,69000.0,70000.0,69950.0,70000.0,79500.0,85950.0,94250.0,105375.0,108500.0,109164.0,112225.0,112500.0,115000.0,123000.0,143500.0,159475.0,178500.0,188375.0,196725.0,214500.0,238350.0,260000.0,325000.0,340000.0,283250.0,250000.0,240000.0,189000.0,199975.0,229900.0,240000.0,289000.0,350000.0,415000.0,444000.0,445500.0,504961.0,585000.0,582000.0
98178,1,69000.0,146100.0,69175.0,61825.0,80000.0,71950.0,68500.0,87500.0,97000.0,99950.0,110000.0,108000.0,113000.0,113500.0,105914.5,124950.0,172750.0,157450.0,174000.0,187500.0,169796.0,222500.0,233500.0,251000.0,291750.0,319950.0,289750.0,209500.0,243000.0,205000.0,175200.0,222045.5,277200.0,275000.0,346500.0,411000.0,426500.0,400000.0,533000.0,613500.0,751000.0
98178,2,62500.0,70000.0,55000.0,51750.0,66000.0,57500.0,55725.0,112888.0,90000.0,85000.0,112500.0,81312.5,88500.0,82000.0,94250.0,109500.0,126000.0,153775.0,162500.0,270000.0,254000.0,180250.0,193500.0,232500.0,291500.0,325000.0,200000.0,202000.0,212500.0,175000.0,150000.0,150000.0,194000.0,231000.0,245000.0,352000.0,384250.0,434425.0,441500.0,538500.0,537500.0
98178,3,,,,,,83000.0,88157.0,,122500.0,62000.0,63150.0,133745.0,154400.0,60041.5,,149500.0,160000.0,147000.0,42000.0,,180000.0,238750.0,190550.0,309875.0,269000.0,510000.0,137572.0,220000.0,,103100.0,96000.0,113500.0,123181.0,164500.0,284000.0,260000.0,363500.0,430000.0,515000.0,615000.0,
98188,0,63250.0,64000.0,75000.0,67000.0,65500.0,72725.0,72250.0,89950.0,99950.0,110000.0,112500.0,118000.0,120000.0,122500.0,119950.0,127500.0,137000.0,156295.0,168950.0,182000.0,196250.0,206000.0,214000.0,255000.0,281000.0,320000.0,287500.0,228250.0,210250.0,160000.0,176400.0,210000.0,239000.0,265000.0,316500.0,348000.0,400000.0,410000.0,454000.0,544500.0,642500.0
98188,1,,89990.0,79475.0,58500.0,79000.0,79000.0,72500.0,82208.0,85007.0,104500.0,101000.0,123750.0,113058.0,127500.0,118550.0,108750.0,142000.0,147500.0,154250.0,191050.0,185000.0,183500.0,200850.0,241500.0,302400.0,311500.0,330000.0,207475.0,209500.0,182350.0,176500.0,215000.0,227500.0,273750.0,307918.0,327000.0,404603.0,456000.0,487577.5,557500.0,
98188,2,102000.0,,101500.0,59500.0,66600.0,82250.0,112500.0,102750.0,104000.0,112500.0,121250.0,106225.0,107873.5,132000.0,105000.0,154000.0,141500.0,157475.0,171500.0,164500.0,214000.0,223000.0,244500.0,247000.0,290000.0,311500.0,279000.0,226000.0,209670.0,199975.0,170164.0,222950.0,198000.0,250000.0,303975.0,354975.0,381000.0,469000.0,430000.0,635000.0,271684.5
98188,3,79950.0,87575.0,45000.0,58160.0,66000.0,78500.0,50000.0,,,112500.0,111000.0,115000.0,285000.0,76500.0,120000.0,165000.0,209950.0,169500.0,232375.0,,220550.0,189950.0,293250.0,295000.0,349999.0,302500.0,319500.0,164900.0,142500.0,350000.0,215000.0,219696.5,,342658.0,314000.0,407500.0,499995.0,410000.0,430000.0,535000.0,475000.0
98198,0,68000.0,68500.0,78475.0,72000.0,75000.0,79950.0,83000.0,92750.0,114975.0,124725.0,120325.0,123825.0,123250.0,125000.0,134000.0,135000.0,150000.0,162250.0,173700.0,185000.0,195000.0,207000.0,225250.0,262000.0,295000.0,315000.0,285000.0,250000.0,236950.0,207000.0,181002.0,220000.0,250000.0,283000.0,317928.5,357000.0,394250.0,407000.0,460000.0,537000.0,597500.0
98198,1,54950.0,95000.0,70000.0,56000.0,74450.0,86500.0,94500.0,106250.0,92000.0,119000.0,118475.0,131725.0,122550.0,132000.0,126500.0,143500.0,158912.5,163250.0,164250.0,166475.0,225000.0,198079.5,222900.0,248000.0,295000.0,307250.0,313500.0,259000.0,215000.0,172633.5,216000.0,226968.0,242000.0,265000.0,349000.0,433000.0,430000.0,429950.0,440000.0,517250.0,591250.0
98198,2,61500.0,,56975.0,65000.0,65000.0,66000.0,42000.0,76000.0,97500.0,85875.0,106725.0,111000.0,106500.0,114500.0,100000.0,123000.0,122975.0,138000.0,161500.0,182670.0,184250.0,177500.0,202000.0,227500.0,265000.0,288750.0,240980.0,204900.0,212500.0,146750.0,186500.0,190417.0,206814.5,212000.0,275500.0,345000.0,341000.0,373000.0,420000.0,480000.0,432500.0
98198,3,,,,,,,84615.0,,104000.0,,41000.0,,,108000.0,,,,130000.0,,144000.0,142950.0,145000.0,145000.0,210450.0,260725.0,,225000.0,136000.0,,99500.0,,,237170.0,184300.0,,,257250.0,272500.0,483250.0,385000.0,
98199,0,109950.0,120200.0,105000.0,102000.0,110500.0,117500.0,120000.0,164750.0,245000.0,222000.0,199950.0,190000.0,207800.0,216130.0,224250.0,270000.0,280000.0,315000.0,367250.0,380000.0,405000.0,428800.0,475000.0,580000.0,635000.0,700000.0,642155.0,540000.0,593000.0,499000.0,519000.0,650000.0,715000.0,775000.0,799000.0,944250.0,1060000.0,1050000.0,1154000.0,1325000.0,1631000.0
98199,1,115000.0,127000.0,163000.0,121000.0,179500.0,177250.0,139000.0,245000.0,223000.0,265000.0,239450.0,250000.0,247500.0,320000.0,244000.0,342500.0,329000.0,411500.0,533250.0,431000.0,458000.0,525000.0,557250.0,767000.0,739000.0,709500.0,665750.0,725000.0,625000.0,530000.0,641500.0,760000.0,675000.0,875000.0,922500.0,1095000.0,1175000.0,1137500.0,1325000.0,1415000.0,1765000.0
98199,2,155000.0,78000.0,129000.0,109000.0,88750.0,94350.0,88000.0,178450.0,150500.0,174975.0,149950.0,160000.0,177500.0,234750.0,169000.0,199750.0,228500.0,249500.0,275750.0,300000.0,353950.0,355000.0,382250.0,449050.0,465000.0,652000.0,495000.0,412000.0,335000.0,396000.0,461250.0,512000.0,657500.0,680000.0,629000.0,842000.0,1067500.0,872500.0,959000.0,971000.0,1436500.0
98224,0,,50000.0,44090.0,,52750.0,,108700.0,60000.0,64300.0,,89250.0,62850.0,70000.0,61250.0,82250.0,79000.0,110000.0,93000.0,107900.0,110500.0,100000.0,133500.0,134000.0,164250.0,167000.0,233000.0,162000.0,205500.0,200500.0,117750.0,143500.0,102226.5,112636.0,175000.0,208500.0,265000.0,252500.0,335000.0,357500.0,500837.5,357500.0
98224,1,,,,,,,,,,,54750.0,72000.0,82500.0,,36000.0,,57000.0,89950.0,,,,,,,,,,,,,60696.0,50000.0,,,25714.0,,,324500.0,,315000.0,
98224,2,,,,,40000.0,39263.0,,,,,95000.0,,88250.0,,,,85000.0,95750.0,120000.0,,106000.0,,133900.0,,132500.0,,,,,91000.0,,,,55000.0,130000.0,101250.0,333750.0,,,226000.0,
98251,0,,,,,,,,,,,,,,,,,,,,,,,,,,,,,,,,,,,315000.0,,,,,,
98288,0,30000.0,28500.0,32500.0,40000.0,47500.0,40000.0,50000.0,40000.0,50750.0,57500.0,38750.0,77250.0,69475.0,49000.0,67000.0,43000.0,72000.0,77000.0,102250.0,105000.0,115000.0,112000.0,103000.0,135250.0,152000.0,185000.0,87000.0,70000.0,164780.0,140000.0,81475.0,115000.0,116834.0,149106.0,135000.0,162500.0,251000.0,263750.0,305000.0,344500.0,860000.0
98288,1,,,,30000.0,,,,,,,74000.0,,,,,77450.0,78400.0,39000.0,,89500.0,,129500.0,215000.0,141000.0,135000.0,,245000.0,244250.0,,,165000.0,,294933.0,185000.0,196000.0,,204000.0,210000.0,275000.0,,
98288,2,49950.0,,,,32000.0,19000.0,,,24950.0,,163000.0,74000.0,87500.0,84950.0,77320.0,77475.0,121750.0,48000.0,,133492.0,,98000.0,188250.0,59000.0,162500.0,143750.0,282500.0,,176250.0,,155000.0,150000.0,165100.0,60000.0,210000.0,125000.0,205000.0,134000.0,349000.0,380000.0,
98338,0,,,,,,,,,,,,,,,,,,,,,,,,,,,,,,,,,,,,,,,2075000.0,,
98354,0,62500.0,62700.0,73273.0,,82450.0,81000.0,78450.0,86725.0,110000.0,127500.0,123000.0,125750.0,131250.0,133450.0,139500.0,143000.0,158475.0,159900.0,155000.0,189000.0,199250.0,203750.0,257500.0,285500.0,322500.0,290950.0,257669.0,256913.0,235000.0,216750.0,217000.0,262000.0,249900.0,321725.0,305000.0,344975.0,356000.0,385350.0,416000.0,537000.0,567500.0
98354,2,,,,,,,,,,,,,,,,,,,,,,,,,,,,,,,,,,,,,,85000.0,,,
98354,3,,,,,,,,,,,125000.0,,,,,,,,,,,,,,,,,,,,,,,,,,,,,,
98405,0,,,,,,,,,,,,,,,,,,,,,,,,,,,,,,,,,,,,,,895230.0,1197155.0,,
98422,0,,,,,,,,62900.0,,,,,,303950.0,,,,,,,,,,,,,,,,161200.0,,,,,,,1920000.0,,,,
98455,0,,,,,,,,,,,,,,,,,,,,,,,,,,,,,,,,,,,,,,,,1044293.0,
98952,0,,,,,,,,,,,,,,,,,,,,,,,,,,,,,,,,,,,,,,,399466.0,,
98956,1,,,,,,,,,,,,,,,,,,,,,,,,,,,,,,,,,,,,,,,1165000.0,,
99019,0,,,,,,,,,,,,,,,,,,,,,,,,,,,,,345950.0,,,,,,,,,,,,
