Year_Month,30FixedMortgage
2012-01-01,3.92
2012-01-02,3.92
2012-01-03,3.92
2012-01-04,3.92
2012-01-05,3.92
2012-01-06,3.92
2012-01-07,3.92
2012-01-08,3.92
2012-01-09,3.92
2012-01-10,3.92
2012-01-11,3.92
2012-01-12,3.92
2012-01-13,3.92
2012-01-14,3.92
2012-01-15,3.92
2012-01-16,3.92
2012-01-17,3.92
2012-01-18,3.92
2012-01-19,3.92
2012-01-20,3.92
2012-01-21,3.92
2012-01-22,3.92
2012-01-23,3.92
2012-01-24,3.92
2012-01-25,3.92
2012-01-26,3.92
2012-01-27,3.92
2012-01-28,3.92
2012-01-29,3.92
2012-01-30,3.92
2012-01-31,3.92
2012-02-01,3.89
2012-02-02,3.89
2012-02-03,3.89
2012-02-04,3.89
2012-02-05,3.89
2012-02-06,3.89
2012-02-07,3.89
2012-02-08,3.89
2012-02-09,3.89
2012-02-10,3.89
2012-02-11,3.89
2012-02-12,3.89
2012-02-13,3.89
2012-02-14,3.89
2012-02-15,3.89
2012-02-16,3.89
2012-02-17,3.89
2012-02-18,3.89
2012-02-19,3.89
2012-02-20,3.89
2012-02-21,3.89
2012-02-22,3.89
2012-02-23,3.89
2012-02-24,3.89
2012-02-25,3.89
2012-02-26,3.89
2012-02-27,3.89
2012-02-28,3.89
2012-02-29,3.89
2012-03-01,3.95
2012-03-02,3.95
2012-03-03,3.95
2012-03-04,3.95
2012-03-05,3.95
2012-03-06,3.95
2012-03-07,3.95
2012-03-08,3.95
2012-03-09,3.95
2012-03-10,3.95
2012-03-11,3.95
2012-03-12,3.95
2012-03-13,3.95
2012-03-14,3.95
2012-03-15,3.95
2012-03-16,3.95
2012-03-17,3.95
2012-03-18,3.95
2012-03-19,3.95
2012-03-20,3.95
2012-03-21,3.95
2012-03-22,3.95
2012-03-23,3.95
2012-03-24,3.95
2012-03-25,3.95
2012-03-26,3.95
2012-03-27,3.95
2012-03-28,3.95
2012-03-29,3.95
2012-03-30,3.95
2012-03-31,3.95
2012-04-01,3.91
2012-04-02,3.91
2012-04-03,3.91
2012-04-04,3.91
2012-04-05,3.91
2012-04-06,3.91
2012-04-07,3.91
2012-04-08,3.91
2012-04-09,3.91
2012-04-10,3.91
2012-04-11,3.91
2012-04-12,3.91
2012-04-13,3.91
2012-04-14,3.91
2012-04-15,3.91
2012-04-16,3.91
2012-04-17,3.91
2012-04-18,3.91
2012-04-19,3.91
2012-04-20,3.91
2012-04-21,3.91
2012-04-22,3.91
2012-04-23,3.91
2012-04-24,3.91
2012-04-25,3.91
2012-04-26,3.91
2012-04-27,3.91
2012-04-28,3.91
2012-04-29,3.91
2012-04-30,3.91
2012-05-01,3.8
2012-05-02,3.8
2012-05-03,3.8
2012-05-04,3.8
2012-05-05,3.8
2012-05-06,3.8
2012-05-07,3.8
2012-05-08,3.8
2012-05-09,3.8
2012-05-10,3.8
2012-05-11,3.8
2012-05-12,3.8
2012-05-13,3.8
2012-05-14,3.8
2012-05-15,3.8
2012-05-16,3.8
2012-05-17,3.8
2012-05-18,3.8
2012-05-19,3.8
2012-05-20,3.8
2012-05-21,3.8
2012-05-22,3.8
2012-05-23,3.8
2012-05-24,3.8
2012-05-25,3.8
2012-05-26,3.8
2012-05-27,3.8
2012-05-28,3.8
2012-05-29,3.8
2012-05-30,3.8
2012-05-31,3.8
2012-06-01,3.68
2012-06-02,3.68
2012-06-03,3.68
2012-06-04,3.68
2012-06-05,3.68
2012-06-06,3.68
2012-06-07,3.68
2012-06-08,3.68
2012-06-09,3.68
2012-06-10,3.68
2012-06-11,3.68
2012-06-12,3.68
2012-06-13,3.68
2012-06-14,3.68
2012-06-15,3.68
2012-06-16,3.68
2012-06-17,3.68
2012-06-18,3.68
2012-06-19,3.68
2012-06-20,3.68
2012-06-21,3.68
2012-06-22,3.68
2012-06-23,3.68
2012-06-24,3.68
2012-06-25,3.68
2012-06-26,3.68
2012-06-27,3.68
2012-06-28,3.68
2012-06-29,3.68
2012-06-30,3.68
2012-07-01,3.55
2012-07-02,3.55
2012-07-03,3.55
2012-07-04,3.55
2012-07-05,3.55
2012-07-06,3.55
2012-07-07,3.55
2012-07-08,3.55
2012-07-09,3.55
2012-07-10,3.55
2012-07-11,3.55
2012-07-12,3.55
2012-07-13,3.55
2012-07-14,3.55
2012-07-15,3.55
2012-07-16,3.55
2012-07-17,3.55
2012-07-18,3.55
2012-07-19,3.55
2012-07-20,3.55
2012-07-21,3.55
2012-07-22,3.55
2012-07-23,3.55
2012-07-24,3.55
2012-07-25,3.55
2012-07-26,3.55
2012-07-27,3.55
2012-07-28,3.55
2012-07-29,3.55
2012-07-30,3.55
2012-07-31,3.55
2012-08-01,3.6
2012-08-02,3.6
2012-08-03,3.6
2012-08-04,3.6
2012-08-05,3.6
2012-08-06,3.6
2012-08-07,3.6
2012-08-08,3.6
2012-08-09,3.6
2012-08-10,3.6
2012-08-11,3.6
2012-08-12,3.6
2012-08-13,3.6
2012-08-14,3.6
2012-08-15,3.6
2012-08-16,3.6
2012-08-17,3.6
2012-08-18,3.6
2012-08-19,3.6
2012-08-20,3.6
2012-08-21,3.6
2012-08-22,3.6
2012-08-23,3.6
2012-08-24,3.6
2012-08-25,3.6
2012-08-26,3.6
2012-08-27,3.6
2012-08-28,3.6
2012-08-29,3.6
2012-08-30,3.6
2012-08-31,3.6
2012-09-01,3.5
2012-09-02,3.5
2012-09-03,3.5
2012-09-04,3.5
2012-09-05,3.5
2012-09-06,3.5
2012-09-07,3.5
2012-09-08,3.5
2012-09-09,3.5
2012-09-10,3.5
2012-09-11,3.5
2012-09-12,3.5
2012-09-13,3.5
2012-09-14,3.5
2012-09-15,3.5
2012-09-16,3.5
2012-09-17,3.5
2012-09-18,3.5
2012-09-19,3.5
2012-09-20,3.5
2012-09-21,3.5
2012-09-22,3.5
2012-09-23,3.5
2012-09-24,3.5
2012-09-25,3.5
2012-09-26,3.5
2012-09-27,3.5
2012-09-28,3.5
2012-09-29,3.5
2012-09-30,3.5
2012-10-01,3.38
2012-10-02,3.38
2012-10-03,3.38
2012-10-04,3.38
2012-10-05,3.38
2012-10-06,3.38
2012-10-07,3.38
2012-10-08,3.38
2012-10-09,3.38
2012-10-10,3.38
2012-10-11,3.38
2012-10-12,3.38
2012-10-13,3.38
2012-10-14,3.38
2012-10-15,3.38
2012-10-16,3.38
2012-10-17,3.38
2012-10-18,3.38
2012-10-19,3.38
2012-10-20,3.38
2012-10-21,3.38
2012-10-22,3.38
2012-10-23,3.38
2012-10-24,3.38
2012-10-25,3.38
2012-10-26,3.38
2012-10-27,3.38
2012-10-28,3.38
2012-10-29,3.38
2012-10-30,3.38
2012-10-31,3.38
2012-11-01,3.35
2012-11-02,3.35
2012-11-03,3.35
2012-11-04,3.35
2012-11-05,3.35
2012-11-06,3.35
2012-11-07,3.35
2012-11-08,3.35
2012-11-09,3.35
2012-11-10,3.35
2012-11-11,3.35
2012-11-12,3.35
2012-11-13,3.35
2012-11-14,3.35
2012-11-15,3.35
2012-11-16,3.35
2012-11-17,3.35
2012-11-18,3.35
2012-11-19,3.35
2012-11-20,3.35
2012-11-21,3.35
2012-11-22,3.35
2012-11-23,3.35
2012-11-24,3.35
2012-11-25,3.35
2012-11-26,3.35
2012-11-27,3.35
2012-11-28,3.35
2012-11-29,3.35
2012-11-30,3.35
2012-12-01,3.35
2012-12-02,3.35
2012-12-03,3.35
2012-12-04,3.35
2012-12-05,3.35
2012-12-06,3.35
2012-12-07,3.35
2012-12-08,3.35
2012-12-09,3.35
2012-12-10,3.35
2012-12-11,3.35
2012-12-12,3.35
2012-12-13,3.35
2012-12-14,3.35
2012-12-15,3.35
2012-12-16,3.35
2012-12-17,3.35
2012-12-18,3.35
2012-12-19,3.35
2012-12-20,3.35
2012-12-21,3.35
2012-12-22,3.35
2012-12-23,3.35
2012-12-24,3.35
2012-12-25,3.35
2012-12-26,3.35
2012-12-27,3.35
2012-12-28,3.35
2012-12-29,3.35
2012-12-30,3.35
2012-12-31,3.35
2013-01-01,3.41
2013-01-02,3.41
2013-01-03,3.41
2013-01-04,3.41
2013-01-05,3.41
2013-01-06,3.41
2013-01-07,3.41
2013-01-08,3.41
2013-01-09,3.41
2013-01-10,3.41
2013-01-11,3.41
2013-01-12,3.41
2013-01-13,3.41
2013-01-14,3.41
2013-01-15,3.41
2013-01-16,3.41
2013-01-17,3.41
2013-01-18,3.41
2013-01-19,3.41
2013-01-20,3.41
2013-01-21,3.41
2013-01-22,3.41
2013-01-23,3.41
2013-01-24,3.41
2013-01-25,3.41
2013-01-26,3.41
2013-01-27,3.41
2013-01-28,3.41
2013-01-29,3.41
2013-01-30,3.41
2013-01-31,3.41
2013-02-01,3.53
2013-02-02,3.53
2013-02-03,3.53
2013-02-04,3.53
2013-02-05,3.53
2013-02-06,3.53
2013-02-07,3.53
2013-02-08,3.53
2013-02-09,3.53
2013-02-10,3.53
2013-02-11,3.53
2013-02-12,3.53
2013-02-13,3.53
2013-02-14,3.53
2013-02-15,3.53
2013-02-16,3.53
2013-02-17,3.53
2013-02-18,3.53
2013-02-19,3.53
2013-02-20,3.53
2013-02-21,3.53
2013-02-22,3.53
2013-02-23,3.53
2013-02-24,3.53
2013-02-25,3.53
2013-02-26,3.53
2013-02-27,3.53
2013-02-28,3.53
2013-03-01,3.57
2013-03-02,3.57
2013-03-03,3.57
2013-03-04,3.57
2013-03-05,3.57
2013-03-06,3.57
2013-03-07,3.57
2013-03-08,3.57
2013-03-09,3.57
2013-03-10,3.57
2013-03-11,3.57
2013-03-12,3.57
2013-03-13,3.57
2013-03-14,3.57
2013-03-15,3.57
2013-03-16,3.57
2013-03-17,3.57
2013-03-18,3.57
2013-03-19,3.57
2013-03-20,3.57
2013-03-21,3.57
2013-03-22,3.57
2013-03-23,3.57
2013-03-24,3.57
2013-03-25,3.57
2013-03-26,3.57
2013-03-27,3.57
2013-03-28,3.57
2013-03-29,3.57
2013-03-30,3.57
2013-03-31,3.57
2013-04-01,3.45
2013-04-02,3.45
2013-04-03,3.45
2013-04-04,3.45
2013-04-05,3.45
2013-04-06,3.45
2013-04-07,3.45
2013-04-08,3.45
2013-04-09,3.45
2013-04-10,3.45
2013-04-11,3.45
2013-04-12,3.45
2013-04-13,3.45
2013-04-14,3.45
2013-04-15,3.45
2013-04-16,3.45
2013-04-17,3.45
2013-04-18,3.45
2013-04-19,3.45
2013-04-20,3.45
2013-04-21,3.45
2013-04-22,3.45
2013-04-23,3.45
2013-04-24,3.45
2013-04-25,3.45
2013-04-26,3.45
2013-04-27,3.45
2013-04-28,3.45
2013-04-29,3.45
2013-04-30,3.45
2013-05-01,3.54
2013-05-02,3.54
2013-05-03,3.54
2013-05-04,3.54
2013-05-05,3.54
2013-05-06,3.54
2013-05-07,3.54
2013-05-08,3.54
2013-05-09,3.54
2013-05-10,3.54
2013-05-11,3.54
2013-05-12,3.54
2013-05-13,3.54
2013-05-14,3.54
2013-05-15,3.54
2013-05-16,3.54
2013-05-17,3.54
2013-05-18,3.54
2013-05-19,3.54
2013-05-20,3.54
2013-05-21,3.54
2013-05-22,3.54
2013-05-23,3.54
2013-05-24,3.54
2013-05-25,3.54
2013-05-26,3.54
2013-05-27,3.54
2013-05-28,3.54
2013-05-29,3.54
2013-05-30,3.54
2013-05-31,3.54
2013-06-01,4.07
2013-06-02,4.07
2013-06-03,4.07
2013-06-04,4.07
2013-06-05,4.07
2013-06-06,4.07
2013-06-07,4.07
2013-06-08,4.07
2013-06-09,4.07
2013-06-10,4.07
2013-06-11,4.07
2013-06-12,4.07
2013-06-13,4.07
2013-06-14,4.07
2013-06-15,4.07
2013-06-16,4.07
2013-06-17,4.07
2013-06-18,4.07
2013-06-19,4.07
2013-06-20,4.07
2013-06-21,4.07
2013-06-22,4.07
2013-06-23,4.07
2013-06-24,4.07
2013-06-25,4.07
2013-06-26,4.07
2013-06-27,4.07
2013-06-28,4.07
2013-06-29,4.07
2013-06-30,4.07
2013-07-01,4.37
2013-07-02,4.37
2013-07-03,4.37
2013-07-04,4.37
2013-07-05,4.37
2013-07-06,4.37
2013-07-07,4.37
2013-07-08,4.37
2013-07-09,4.37
2013-07-10,4.37
2013-07-11,4.37
2013-07-12,4.37
2013-07-13,4.37
2013-07-14,4.37
2013-07-15,4.37
2013-07-16,4.37
2013-07-17,4.37
2013-07-18,4.37
2013-07-19,4.37
2013-07-20,4.37
2013-07-21,4.37
2013-07-22,4.37
2013-07-23,4.37
2013-07-24,4.37
2013-07-25,4.37
2013-07-26,4.37
2013-07-27,4.37
2013-07-28,4.37
2013-07-29,4.37
2013-07-30,4.37
2013-07-31,4.37
2013-08-01,4.46
2013-08-02,4.46
2013-08-03,4.46
2013-08-04,4.46
2013-08-05,4.46
2013-08-06,4.46
2013-08-07,4.46
2013-08-08,4.46
2013-08-09,4.46
2013-08-10,4.46
2013-08-11,4.46
2013-08-12,4.46
2013-08-13,4.46
2013-08-14,4.46
2013-08-15,4.46
2013-08-16,4.46
2013-08-17,4.46
2013-08-18,4.46
2013-08-19,4.46
2013-08-20,4.46
2013-08-21,4.46
2013-08-22,4.46
2013-08-23,4.46
2013-08-24,4.46
2013-08-25,4.46
2013-08-26,4.46
2013-08-27,4.46
2013-08-28,4.46
2013-08-29,4.46
2013-08-30,4.46
2013-08-31,4.46
2013-09-01,4.49
2013-09-02,4.49
2013-09-03,4.49
2013-09-04,4.49
2013-09-05,4.49
2013-09-06,4.49
2013-09-07,4.49
2013-09-08,4.49
2013-09-09,4.49
2013-09-10,4.49
2013-09-11,4.49
2013-09-12,4.49
2013-09-13,4.49
2013-09-14,4.49
2013-09-15,4.49
2013-09-16,4.49
2013-09-17,4.49
2013-09-18,4.49
2013-09-19,4.49
2013-09-20,4.49
2013-09-21,4.49
2013-09-22,4.49
2013-09-23,4.49
2013-09-24,4.49
2013-09-25,4.49
2013-09-26,4.49
2013-09-27,4.49
2013-09-28,4.49
2013-09-29,4.49
2013-09-30,4.49
2013-10-01,4.19
2013-10-02,4.19
2013-10-03,4.19
2013-10-04,4.19
2013-10-05,4.19
2013-10-06,4.19
2013-10-07,4.19
2013-10-08,4.19
2013-10-09,4.19
2013-10-10,4.19
2013-10-11,4.19
2013-10-12,4.19
2013-10-13,4.19
2013-10-14,4.19
2013-10-15,4.19
2013-10-16,4.19
2013-10-17,4.19
2013-10-18,4.19
2013-10-19,4.19
2013-10-20,4.19
2013-10-21,4.19
2013-10-22,4.19
2013-10-23,4.19
2013-10-24,4.19
2013-10-25,4.19
2013-10-26,4.19
2013-10-27,4.19
2013-10-28,4.19
2013-10-29,4.19
2013-10-30,4.19
2013-10-31,4.19
2013-11-01,4.26
2013-11-02,4.26
2013-11-03,4.26
2013-11-04,4.26
2013-11-05,4.26
2013-11-06,4.26
2013-11-07,4.26
2013-11-08,4.26
2013-11-09,4.26
2013-11-10,4.26
2013-11-11,4.26
2013-11-12,4.26
2013-11-13,4.26
2013-11-14,4.26
2013-11-15,4.26
2013-11-16,4.26
2013-11-17,4.26
2013-11-18,4.26
2013-11-19,4.26
2013-11-20,4.26
2013-11-21,4.26
2013-11-22,4.26
2013-11-23,4.26
2013-11-24,4.26
2013-11-25,4.26
2013-11-26,4.26
2013-11-27,4.26
2013-11-28,4.26
2013-11-29,4.26
2013-11-30,4.26
2013-12-01,4.46
2013-12-02,4.46
2013-12-03,4.46
2013-12-04,4.46
2013-12-05,4.46
2013-12-06,4.46
2013-12-07,4.46
2013-12-08,4.46
2013-12-09,4.46
2013-12-10,4.46
2013-12-11,4.46
2013-12-12,4.46
2013-12-13,4.46
2013-12-14,4.46
2013-12-15,4.46
2013-12-16,4.46
2013-12-17,4.46
2013-12-18,4.46
2013-12-19,4.46
2013-12-20,4.46
2013-12-21,4.46
2013-12-22,4.46
2013-12-23,4.46
2013-12-24,4.46
2013-12-25,4.46
2013-12-26,4.46
2013-12-27,4.46
2013-12-28,4.46
2013-12-29,4.46
2013-12-30,4.46
2013-12-31,4.46
2014-01-01,4.43
2014-01-02,4.43
2014-01-03,4.43
2014-01-04,4.43
2014-01-05,4.43
2014-01-06,4.43
2014-01-07,4.43
2014-01-08,4.43
2014-01-09,4.43
2014-01-10,4.43
2014-01-11,4.43
2014-01-12,4.43
2014-01-13,4.43
2014-01-14,4.43
2014-01-15,4.43
2014-01-16,4.43
2014-01-17,4.43
2014-01-18,4.43
2014-01-19,4.43
2014-01-20,4.43
2014-01-21,4.43
2014-01-22,4.43
2014-01-23,4.43
2014-01-24,4.43
2014-01-25,4.43
2014-01-26,4.43
2014-01-27,4.43
2014-01-28,4.43
2014-01-29,4.43
2014-01-30,4.43
2014-01-31,4.43
2014-02-01,4.3
2014-02-02,4.3
2014-02-03,4.3
2014-02-04,4.3
2014-02-05,4.3
2014-02-06,4.3
2014-02-07,4.3
2014-02-08,4.3
2014-02-09,4.3
2014-02-10,4.3
2014-02-11,4.3
2014-02-12,4.3
2014-02-13,4.3
2014-02-14,4.3
2014-02-15,4.3
2014-02-16,4.3
2014-02-17,4.3
2014-02-18,4.3
2014-02-19,4.3
2014-02-20,4.3
2014-02-21,4.3
2014-02-22,4.3
2014-02-23,4.3
2014-02-24,4.3
2014-02-25,4.3
2014-02-26,4.3
2014-02-27,4.3
2014-02-28,4.3
2014-03-01,4.34
2014-03-02,4.34
2014-03-03,4.34
2014-03-04,4.34
2014-03-05,4.34
2014-03-06,4.34
2014-03-07,4.34
2014-03-08,4.34
2014-03-09,4.34
2014-03-10,4.34
2014-03-11,4.34
2014-03-12,4.34
2014-03-13,4.34
2014-03-14,4.34
2014-03-15,4.34
2014-03-16,4.34
2014-03-17,4.34
2014-03-18,4.34
2014-03-19,4.34
2014-03-20,4.34
2014-03-21,4.34
2014-03-22,4.34
2014-03-23,4.34
2014-03-24,4.34
2014-03-25,4.34
2014-03-26,4.34
2014-03-27,4.34
2014-03-28,4.34
2014-03-29,4.34
2014-03-30,4.34
2014-03-31,4.34
2014-04-01,4.34
2014-04-02,4.34
2014-04-03,4.34
2014-04-04,4.34
2014-04-05,4.34
2014-04-06,4.34
2014-04-07,4.34
2014-04-08,4.34
2014-04-09,4.34
2014-04-10,4.34
2014-04-11,4.34
2014-04-12,4.34
2014-04-13,4.34
2014-04-14,4.34
2014-04-15,4.34
2014-04-16,4.34
2014-04-17,4.34
2014-04-18,4.34
2014-04-19,4.34
2014-04-20,4.34
2014-04-21,4.34
2014-04-22,4.34
2014-04-23,4.34
2014-04-24,4.34
2014-04-25,4.34
2014-04-26,4.34
2014-04-27,4.34
2014-04-28,4.34
2014-04-29,4.34
2014-04-30,4.34
2014-05-01,4.19
2014-05-02,4.19
2014-05-03,4.19
2014-05-04,4.19
2014-05-05,4.19
2014-05-06,4.19
2014-05-07,4.19
2014-05-08,4.19
2014-05-09,4.19
2014-05-10,4.19
2014-05-11,4.19
2014-05-12,4.19
2014-05-13,4.19
2014-05-14,4.19
2014-05-15,4.19
2014-05-16,4.19
2014-05-17,4.19
2014-05-18,4.19
2014-05-19,4.19
2014-05-20,4.19
2014-05-21,4.19
2014-05-22,4.19
2014-05-23,4.19
2014-05-24,4.19
2014-05-25,4.19
2014-05-26,4.19
2014-05-27,4.19
2014-05-28,4.19
2014-05-29,4.19
2014-05-30,4.19
2014-05-31,4.19
2014-06-01,4.16
2014-06-02,4.16
2014-06-03,4.16
2014-06-04,4.16
2014-06-05,4.16
2014-06-06,4.16
2014-06-07,4.16
2014-06-08,4.16
2014-06-09,4.16
2014-06-10,4.16
2014-06-11,4.16
2014-06-12,4.16
2014-06-13,4.16
2014-06-14,4.16
2014-06-15,4.16
2014-06-16,4.16
2014-06-17,4.16
2014-06-18,4.16
2014-06-19,4.16
2014-06-20,4.16
2014-06-21,4.16
2014-06-22,4.16
2014-06-23,4.16
2014-06-24,4.16
2014-06-25,4.16
2014-06-26,4.16
2014-06-27,4.16
2014-06-28,4.16
2014-06-29,4.16
2014-06-30,4.16
2014-07-01,4.13
2014-07-02,4.13
2014-07-03,4.13
2014-07-04,4.13
2014-07-05,4.13
2014-07-06,4.13
2014-07-07,4.13
2014-07-08,4.13
2014-07-09,4.13
2014-07-10,4.13
2014-07-11,4.13
2014-07-12,4.13
2014-07-13,4.13
2014-07-14,4.13
2014-07-15,4.13
2014-07-16,4.13
2014-07-17,4.13
2014-07-18,4.13
2014-07-19,4.13
2014-07-20,4.13
2014-07-21,4.13
2014-07-22,4.13
2014-07-23,4.13
2014-07-24,4.13
2014-07-25,4.13
2014-07-26,4.13
2014-07-27,4.13
2014-07-28,4.13
2014-07-29,4.13
2014-07-30,4.13
2014-07-31,4.13
2014-08-01,4.12
2014-08-02,4.12
2014-08-03,4.12
2014-08-04,4.12
2014-08-05,4.12
2014-08-06,4.12
2014-08-07,4.12
2014-08-08,4.12
2014-08-09,4.12
2014-08-10,4.12
2014-08-11,4.12
2014-08-12,4.12
2014-08-13,4.12
2014-08-14,4.12
2014-08-15,4.12
2014-08-16,4.12
2014-08-17,4.12
2014-08-18,4.12
2014-08-19,4.12
2014-08-20,4.12
2014-08-21,4.12
2014-08-22,4.12
2014-08-23,4.12
2014-08-24,4.12
2014-08-25,4.12
2014-08-26,4.12
2014-08-27,4.12
2014-08-28,4.12
2014-08-29,4.12
2014-08-30,4.12
2014-08-31,4.12
2014-09-01,4.16
2014-09-02,4.16
2014-09-03,4.16
2014-09-04,4.16
2014-09-05,4.16
2014-09-06,4.16
2014-09-07,4.16
2014-09-08,4.16
2014-09-09,4.16
2014-09-10,4.16
2014-09-11,4.16
2014-09-12,4.16
2014-09-13,4.16
2014-09-14,4.16
2014-09-15,4.16
2014-09-16,4.16
2014-09-17,4.16
2014-09-18,4.16
2014-09-19,4.16
2014-09-20,4.16
2014-09-21,4.16
2014-09-22,4.16
2014-09-23,4.16
2014-09-24,4.16
2014-09-25,4.16
2014-09-26,4.16
2014-09-27,4.16
2014-09-28,4.16
2014-09-29,4.16
2014-09-30,4.16
2014-10-01,4.04
2014-10-02,4.04
2014-10-03,4.04
2014-10-04,4.04
2014-10-05,4.04
2014-10-06,4.04
2014-10-07,4.04
2014-10-08,4.04
2014-10-09,4.04
2014-10-10,4.04
2014-10-11,4.04
2014-10-12,4.04
2014-10-13,4.04
2014-10-14,4.04
2014-10-15,4.04
2014-10-16,4.04
2014-10-17,4.04
2014-10-18,4.04
2014-10-19,4.04
2014-10-20,4.04
2014-10-21,4.04
2014-10-22,4.04
2014-10-23,4.04
2014-10-24,4.04
2014-10-25,4.04
2014-10-26,4.04
2014-10-27,4.04
2014-10-28,4.04
2014-10-29,4.04
2014-10-30,4.04
2014-10-31,4.04
2014-11-01,4.0
2014-11-02,4.0
2014-11-03,4.0
2014-11-04,4.0
2014-11-05,4.0
2014-11-06,4.0
2014-11-07,4.0
2014-11-08,4.0
2014-11-09,4.0
2014-11-10,4.0
2014-11-11,4.0
2014-11-12,4.0
2014-11-13,4.0
2014-11-14,4.0
2014-11-15,4.0
2014-11-16,4.0
2014-11-17,4.0
2014-11-18,4.0
2014-11-19,4.0
2014-11-20,4.0
2014-11-21,4.0
2014-11-22,4.0
2014-11-23,4.0
2014-11-24,4.0
2014-11-25,4.0
2014-11-26,4.0
2014-11-27,4.0
2014-11-28,4.0
2014-11-29,4.0
2014-11-30,4.0
2014-12-01,3.86
2014-12-02,3.86
2014-12-03,3.86
2014-12-04,3.86
2014-12-05,3.86
2014-12-06,3.86
2014-12-07,3.86
2014-12-08,3.86
2014-12-09,3.86
2014-12-10,3.86
2014-12-11,3.86
2014-12-12,3.86
2014-12-13,3.86
2014-12-14,3.86
2014-12-15,3.86
2014-12-16,3.86
2014-12-17,3.86
2014-12-18,3.86
2014-12-19,3.86
2014-12-20,3.86
2014-12-21,3.86
2014-12-22,3.86
2014-12-23,3.86
2014-12-24,3.86
2014-12-25,3.86
2014-12-26,3.86
2014-12-27,3.86
2014-12-28,3.86
2014-12-29,3.86
2014-12-30,3.86
2014-12-31,3.86
2015-01-01,3.67
2015-01-02,3.67
2015-01-03,3.67
2015-01-04,3.67
2015-01-05,3.67
2015-01-06,3.67
2015-01-07,3.67
2015-01-08,3.67
2015-01-09,3.67
2015-01-10,3.67
2015-01-11,3.67
2015-01-12,3.67
2015-01-13,3.67
2015-01-14,3.67
2015-01-15,3.67
2015-01-16,3.67
2015-01-17,3.67
2015-01-18,3.67
2015-01-19,3.67
2015-01-20,3.67
2015-01-21,3.67
2015-01-22,3.67
2015-01-23,3.67
2015-01-24,3.67
2015-01-25,3.67
2015-01-26,3.67
2015-01-27,3.67
2015-01-28,3.67
2015-01-29,3.67
2015-01-30,3.67
2015-01-31,3.67
2015-02-01,3.71
2015-02-02,3.71
2015-02-03,3.71
2015-02-04,3.71
2015-02-05,3.71
2015-02-06,3.71
2015-02-07,3.71
2015-02-08,3.71
2015-02-09,3.71
2015-02-10,3.71
2015-02-11,3.71
2015-02-12,3.71
2015-02-13,3.71
2015-02-14,3.71
2015-02-15,3.71
2015-02-16,3.71
2015-02-17,3.71
2015-02-18,3.71
2015-02-19,3.71
2015-02-20,3.71
2015-02-21,3.71
2015-02-22,3.71
2015-02-23,3.71
2015-02-24,3.71
2015-02-25,3.71
2015-02-26,3.71
2015-02-27,3.71
2015-02-28,3.71
2015-03-01,3.77
2015-03-02,3.77
2015-03-03,3.77
2015-03-04,3.77
2015-03-05,3.77
2015-03-06,3.77
2015-03-07,3.77
2015-03-08,3.77
2015-03-09,3.77
2015-03-10,3.77
2015-03-11,3.77
2015-03-12,3.77
2015-03-13,3.77
2015-03-14,3.77
2015-03-15,3.77
2015-03-16,3.77
2015-03-17,3.77
2015-03-18,3.77
2015-03-19,3.77
2015-03-20,3.77
2015-03-21,3.77
2015-03-22,3.77
2015-03-23,3.77
2015-03-24,3.77
2015-03-25,3.77
2015-03-26,3.77
2015-03-27,3.77
2015-03-28,3.77
2015-03-29,3.77
2015-03-30,3.77
2015-03-31,3.77
2015-04-01,3.67
2015-04-02,3.67
2015-04-03,3.67
2015-04-04,3.67
2015-04-05,3.67
2015-04-06,3.67
2015-04-07,3.67
2015-04-08,3.67
2015-04-09,3.67
2015-04-10,3.67
2015-04-11,3.67
2015-04-12,3.67
2015-04-13,3.67
2015-04-14,3.67
2015-04-15,3.67
2015-04-16,3.67
2015-04-17,3.67
2015-04-18,3.67
2015-04-19,3.67
2015-04-20,3.67
2015-04-21,3.67
2015-04-22,3.67
2015-04-23,3.67
2015-04-24,3.67
2015-04-25,3.67
2015-04-26,3.67
2015-04-27,3.67
2015-04-28,3.67
2015-04-29,3.67
2015-04-30,3.67
2015-05-01,3.84
2015-05-02,3.84
2015-05-03,3.84
2015-05-04,3.84
2015-05-05,3.84
2015-05-06,3.84
2015-05-07,3.84
2015-05-08,3.84
2015-05-09,3.84
2015-05-10,3.84
2015-05-11,3.84
2015-05-12,3.84
2015-05-13,3.84
2015-05-14,3.84
2015-05-15,3.84
2015-05-16,3.84
2015-05-17,3.84
2015-05-18,3.84
2015-05-19,3.84
2015-05-20,3.84
2015-05-21,3.84
2015-05-22,3.84
2015-05-23,3.84
2015-05-24,3.84
2015-05-25,3.84
2015-05-26,3.84
2015-05-27,3.84
2015-05-28,3.84
2015-05-29,3.84
2015-05-30,3.84
2015-05-31,3.84
2015-06-01,3.98
2015-06-02,3.98
2015-06-03,3.98
2015-06-04,3.98
2015-06-05,3.98
2015-06-06,3.98
2015-06-07,3.98
2015-06-08,3.98
2015-06-09,3.98
2015-06-10,3.98
2015-06-11,3.98
2015-06-12,3.98
2015-06-13,3.98
2015-06-14,3.98
2015-06-15,3.98
2015-06-16,3.98
2015-06-17,3.98
2015-06-18,3.98
2015-06-19,3.98
2015-06-20,3.98
2015-06-21,3.98
2015-06-22,3.98
2015-06-23,3.98
2015-06-24,3.98
2015-06-25,3.98
2015-06-26,3.98
2015-06-27,3.98
2015-06-28,3.98
2015-06-29,3.98
2015-06-30,3.98
2015-07-01,4.05
2015-07-02,4.05
2015-07-03,4.05
2015-07-04,4.05
2015-07-05,4.05
2015-07-06,4.05
2015-07-07,4.05
2015-07-08,4.05
2015-07-09,4.05
2015-07-10,4.05
2015-07-11,4.05
2015-07-12,4.05
2015-07-13,4.05
2015-07-14,4.05
2015-07-15,4.05
2015-07-16,4.05
2015-07-17,4.05
2015-07-18,4.05
2015-07-19,4.05
2015-07-20,4.05
2015-07-21,4.05
2015-07-22,4.05
2015-07-23,4.05
2015-07-24,4.05
2015-07-25,4.05
2015-07-26,4.05
2015-07-27,4.05
2015-07-28,4.05
2015-07-29,4.05
2015-07-30,4.05
2015-07-31,4.05
2015-08-01,3.91
2015-08-02,3.91
2015-08-03,3.91
2015-08-04,3.91
2015-08-05,3.91
2015-08-06,3.91
2015-08-07,3.91
2015-08-08,3.91
2015-08-09,3.91
2015-08-10,3.91
2015-08-11,3.91
2015-08-12,3.91
2015-08-13,3.91
2015-08-14,3.91
2015-08-15,3.91
2015-08-16,3.91
2015-08-17,3.91
2015-08-18,3.91
2015-08-19,3.91
2015-08-20,3.91
2015-08-21,3.91
2015-08-22,3.91
2015-08-23,3.91
2015-08-24,3.91
2015-08-25,3.91
2015-08-26,3.91
2015-08-27,3.91
2015-08-28,3.91
2015-08-29,3.91
2015-08-30,3.91
2015-08-31,3.91
2015-09-01,3.89
2015-09-02,3.89
2015-09-03,3.89
2015-09-04,3.89
2015-09-05,3.89
2015-09-06,3.89
2015-09-07,3.89
2015-09-08,3.89
2015-09-09,3.89
2015-09-10,3.89
2015-09-11,3.89
2015-09-12,3.89
2015-09-13,3.89
2015-09-14,3.89
2015-09-15,3.89
2015-09-16,3.89
2015-09-17,3.89
2015-09-18,3.89
2015-09-19,3.89
2015-09-20,3.89
2015-09-21,3.89
2015-09-22,3.89
2015-09-23,3.89
2015-09-24,3.89
2015-09-25,3.89
2015-09-26,3.89
2015-09-27,3.89
2015-09-28,3.89
2015-09-29,3.89
2015-09-30,3.89
2015-10-01,3.8
2015-10-02,3.8
2015-10-03,3.8
2015-10-04,3.8
2015-10-05,3.8
2015-10-06,3.8
2015-10-07,3.8
2015-10-08,3.8
2015-10-09,3.8
2015-10-10,3.8
2015-10-11,3.8
2015-10-12,3.8
2015-10-13,3.8
2015-10-14,3.8
2015-10-15,3.8
2015-10-16,3.8
2015-10-17,3.8
2015-10-18,3.8
2015-10-19,3.8
2015-10-20,3.8
2015-10-21,3.8
2015-10-22,3.8
2015-10-23,3.8
2015-10-24,3.8
2015-10-25,3.8
2015-10-26,3.8
2015-10-27,3.8
2015-10-28,3.8
2015-10-29,3.8
2015-10-30,3.8
2015-10-31,3.8
2015-11-01,3.94
2015-11-02,3.94
2015-11-03,3.94
2015-11-04,3.94
2015-11-05,3.94
2015-11-06,3.94
2015-11-07,3.94
2015-11-08,3.94
2015-11-09,3.94
2015-11-10,3.94
2015-11-11,3.94
2015-11-12,3.94
2015-11-13,3.94
2015-11-14,3.94
2015-11-15,3.94
2015-11-16,3.94
2015-11-17,3.94
2015-11-18,3.94
2015-11-19,3.94
2015-11-20,3.94
2015-11-21,3.94
2015-11-22,3.94
2015-11-23,3.94
2015-11-24,3.94
2015-11-25,3.94
2015-11-26,3.94
2015-11-27,3.94
2015-11-28,3.94
2015-11-29,3.94
2015-11-30,3.94
2015-12-01,3.96
2015-12-02,3.96
2015-12-03,3.96
2015-12-04,3.96
2015-12-05,3.96
2015-12-06,3.96
2015-12-07,3.96
2015-12-08,3.96
2015-12-09,3.96
2015-12-10,3.96
2015-12-11,3.96
2015-12-12,3.96
2015-12-13,3.96
2015-12-14,3.96
2015-12-15,3.96
2015-12-16,3.96
2015-12-17,3.96
2015-12-18,3.96
2015-12-19,3.96
2015-12-20,3.96
2015-12-21,3.96
2015-12-22,3.96
2015-12-23,3.96
2015-12-24,3.96
2015-12-25,3.96
2015-12-26,3.96
2015-12-27,3.96
2015-12-28,3.96
2015-12-29,3.96
2015-12-30,3.96
2015-12-31,3.96
2016-01-01,3.87
2016-01-02,3.87
2016-01-03,3.87
2016-01-04,3.87
2016-01-05,3.87
2016-01-06,3.87
2016-01-07,3.87
2016-01-08,3.87
2016-01-09,3.87
2016-01-10,3.87
2016-01-11,3.87
2016-01-12,3.87
2016-01-13,3.87
2016-01-14,3.87
2016-01-15,3.87
2016-01-16,3.87
2016-01-17,3.87
2016-01-18,3.87
2016-01-19,3.87
2016-01-20,3.87
2016-01-21,3.87
2016-01-22,3.87
2016-01-23,3.87
2016-01-24,3.87
2016-01-25,3.87
2016-01-26,3.87
2016-01-27,3.87
2016-01-28,3.87
2016-01-29,3.87
2016-01-30,3.87
2016-01-31,3.87
2016-02-01,3.66
2016-02-02,3.66
2016-02-03,3.66
2016-02-04,3.66
2016-02-05,3.66
2016-02-06,3.66
2016-02-07,3.66
2016-02-08,3.66
2016-02-09,3.66
2016-02-10,3.66
2016-02-11,3.66
2016-02-12,3.66
2016-02-13,3.66
2016-02-14,3.66
2016-02-15,3.66
2016-02-16,3.66
2016-02-17,3.66
2016-02-18,3.66
2016-02-19,3.66
2016-02-20,3.66
2016-02-21,3.66
2016-02-22,3.66
2016-02-23,3.66
2016-02-24,3.66
2016-02-25,3.66
2016-02-26,3.66
2016-02-27,3.66
2016-02-28,3.66
2016-02-29,3.66
2016-03-01,3.69
2016-03-02,3.69
2016-03-03,3.69
2016-03-04,3.69
2016-03-05,3.69
2016-03-06,3.69
2016-03-07,3.69
2016-03-08,3.69
2016-03-09,3.69
2016-03-10,3.69
2016-03-11,3.69
2016-03-12,3.69
2016-03-13,3.69
2016-03-14,3.69
2016-03-15,3.69
2016-03-16,3.69
2016-03-17,3.69
2016-03-18,3.69
2016-03-19,3.69
2016-03-20,3.69
2016-03-21,3.69
2016-03-22,3.69
2016-03-23,3.69
2016-03-24,3.69
2016-03-25,3.69
2016-03-26,3.69
2016-03-27,3.69
2016-03-28,3.69
2016-03-29,3.69
2016-03-30,3.69
2016-03-31,3.69
2016-04-01,3.61
2016-04-02,3.61
2016-04-03,3.61
2016-04-04,3.61
2016-04-05,3.61
2016-04-06,3.61
2016-04-07,3.61
2016-04-08,3.61
2016-04-09,3.61
2016-04-10,3.61
2016-04-11,3.61
2016-04-12,3.61
2016-04-13,3.61
2016-04-14,3.61
2016-04-15,3.61
2016-04-16,3.61
2016-04-17,3.61
2016-04-18,3.61
2016-04-19,3.61
2016-04-20,3.61
2016-04-21,3.61
2016-04-22,3.61
2016-04-23,3.61
2016-04-24,3.61
2016-04-25,3.61
2016-04-26,3.61
2016-04-27,3.61
2016-04-28,3.61
2016-04-29,3.61
2016-04-30,3.61
2016-05-01,3.6
2016-05-02,3.6
2016-05-03,3.6
2016-05-04,3.6
2016-05-05,3.6
2016-05-06,3.6
2016-05-07,3.6
2016-05-08,3.6
2016-05-09,3.6
2016-05-10,3.6
2016-05-11,3.6
2016-05-12,3.6
2016-05-13,3.6
2016-05-14,3.6
2016-05-15,3.6
2016-05-16,3.6
2016-05-17,3.6
2016-05-18,3.6
2016-05-19,3.6
2016-05-20,3.6
2016-05-21,3.6
2016-05-22,3.6
2016-05-23,3.6
2016-05-24,3.6
2016-05-25,3.6
2016-05-26,3.6
2016-05-27,3.6
2016-05-28,3.6
2016-05-29,3.6
2016-05-30,3.6
2016-05-31,3.6
2016-06-01,3.57
2016-06-02,3.57
2016-06-03,3.57
2016-06-04,3.57
2016-06-05,3.57
2016-06-06,3.57
2016-06-07,3.57
2016-06-08,3.57
2016-06-09,3.57
2016-06-10,3.57
2016-06-11,3.57
2016-06-12,3.57
2016-06-13,3.57
2016-06-14,3.57
2016-06-15,3.57
2016-06-16,3.57
2016-06-17,3.57
2016-06-18,3.57
2016-06-19,3.57
2016-06-20,3.57
2016-06-21,3.57
2016-06-22,3.57
2016-06-23,3.57
2016-06-24,3.57
2016-06-25,3.57
2016-06-26,3.57
2016-06-27,3.57
2016-06-28,3.57
2016-06-29,3.57
2016-06-30,3.57
2016-07-01,3.44
2016-07-02,3.44
2016-07-03,3.44
2016-07-04,3.44
2016-07-05,3.44
2016-07-06,3.44
2016-07-07,3.44
2016-07-08,3.44
2016-07-09,3.44
2016-07-10,3.44
2016-07-11,3.44
2016-07-12,3.44
2016-07-13,3.44
2016-07-14,3.44
2016-07-15,3.44
2016-07-16,3.44
2016-07-17,3.44
2016-07-18,3.44
2016-07-19,3.44
2016-07-20,3.44
2016-07-21,3.44
2016-07-22,3.44
2016-07-23,3.44
2016-07-24,3.44
2016-07-25,3.44
2016-07-26,3.44
2016-07-27,3.44
2016-07-28,3.44
2016-07-29,3.44
2016-07-30,3.44
2016-07-31,3.44
2016-08-01,3.44
2016-08-02,3.44
2016-08-03,3.44
2016-08-04,3.44
2016-08-05,3.44
2016-08-06,3.44
2016-08-07,3.44
2016-08-08,3.44
2016-08-09,3.44
2016-08-10,3.44
2016-08-11,3.44
2016-08-12,3.44
2016-08-13,3.44
2016-08-14,3.44
2016-08-15,3.44
2016-08-16,3.44
2016-08-17,3.44
2016-08-18,3.44
2016-08-19,3.44
2016-08-20,3.44
2016-08-21,3.44
2016-08-22,3.44
2016-08-23,3.44
2016-08-24,3.44
2016-08-25,3.44
2016-08-26,3.44
2016-08-27,3.44
2016-08-28,3.44
2016-08-29,3.44
2016-08-30,3.44
2016-08-31,3.44
2016-09-01,3.46
2016-09-02,3.46
2016-09-03,3.46
2016-09-04,3.46
2016-09-05,3.46
2016-09-06,3.46
2016-09-07,3.46
2016-09-08,3.46
2016-09-09,3.46
2016-09-10,3.46
2016-09-11,3.46
2016-09-12,3.46
2016-09-13,3.46
2016-09-14,3.46
2016-09-15,3.46
2016-09-16,3.46
2016-09-17,3.46
2016-09-18,3.46
2016-09-19,3.46
2016-09-20,3.46
2016-09-21,3.46
2016-09-22,3.46
2016-09-23,3.46
2016-09-24,3.46
2016-09-25,3.46
2016-09-26,3.46
2016-09-27,3.46
2016-09-28,3.46
2016-09-29,3.46
2016-09-30,3.46
2016-10-01,3.47
2016-10-02,3.47
2016-10-03,3.47
2016-10-04,3.47
2016-10-05,3.47
2016-10-06,3.47
2016-10-07,3.47
2016-10-08,3.47
2016-10-09,3.47
2016-10-10,3.47
2016-10-11,3.47
2016-10-12,3.47
2016-10-13,3.47
2016-10-14,3.47
2016-10-15,3.47
2016-10-16,3.47
2016-10-17,3.47
2016-10-18,3.47
2016-10-19,3.47
2016-10-20,3.47
2016-10-21,3.47
2016-10-22,3.47
2016-10-23,3.47
2016-10-24,3.47
2016-10-25,3.47
2016-10-26,3.47
2016-10-27,3.47
2016-10-28,3.47
2016-10-29,3.47
2016-10-30,3.47
2016-10-31,3.47
2016-11-01,3.77
2016-11-02,3.77
2016-11-03,3.77
2016-11-04,3.77
2016-11-05,3.77
2016-11-06,3.77
2016-11-07,3.77
2016-11-08,3.77
2016-11-09,3.77
2016-11-10,3.77
2016-11-11,3.77
2016-11-12,3.77
2016-11-13,3.77
2016-11-14,3.77
2016-11-15,3.77
2016-11-16,3.77
2016-11-17,3.77
2016-11-18,3.77
2016-11-19,3.77
2016-11-20,3.77
2016-11-21,3.77
2016-11-22,3.77
2016-11-23,3.77
2016-11-24,3.77
2016-11-25,3.77
2016-11-26,3.77
2016-11-27,3.77
2016-11-28,3.77
2016-11-29,3.77
2016-11-30,3.77
2016-12-01,4.2
2016-12-02,4.2
2016-12-03,4.2
2016-12-04,4.2
2016-12-05,4.2
2016-12-06,4.2
2016-12-07,4.2
2016-12-08,4.2
2016-12-09,4.2
2016-12-10,4.2
2016-12-11,4.2
2016-12-12,4.2
2016-12-13,4.2
2016-12-14,4.2
2016-12-15,4.2
2016-12-16,4.2
2016-12-17,4.2
2016-12-18,4.2
2016-12-19,4.2
2016-12-20,4.2
2016-12-21,4.2
2016-12-22,4.2
2016-12-23,4.2
2016-12-24,4.2
2016-12-25,4.2
2016-12-26,4.2
2016-12-27,4.2
2016-12-28,4.2
2016-12-29,4.2
2016-12-30,4.2
2016-12-31,4.2
2017-01-01,4.15
2017-01-02,4.15
2017-01-03,4.15
2017-01-04,4.15
2017-01-05,4.15
2017-01-06,4.15
2017-01-07,4.15
2017-01-08,4.15
2017-01-09,4.15
2017-01-10,4.15
2017-01-11,4.15
2017-01-12,4.15
2017-01-13,4.15
2017-01-14,4.15
2017-01-15,4.15
2017-01-16,4.15
2017-01-17,4.15
2017-01-18,4.15
2017-01-19,4.15
2017-01-20,4.15
2017-01-21,4.15
2017-01-22,4.15
2017-01-23,4.15
2017-01-24,4.15
2017-01-25,4.15
2017-01-26,4.15
2017-01-27,4.15
2017-01-28,4.15
2017-01-29,4.15
2017-01-30,4.15
2017-01-31,4.15
2017-02-01,4.17
2017-02-02,4.17
2017-02-03,4.17
2017-02-04,4.17
2017-02-05,4.17
2017-02-06,4.17
2017-02-07,4.17
2017-02-08,4.17
2017-02-09,4.17
2017-02-10,4.17
2017-02-11,4.17
2017-02-12,4.17
2017-02-13,4.17
2017-02-14,4.17
2017-02-15,4.17
2017-02-16,4.17
2017-02-17,4.17
2017-02-18,4.17
2017-02-19,4.17
2017-02-20,4.17
2017-02-21,4.17
2017-02-22,4.17
2017-02-23,4.17
2017-02-24,4.17
2017-02-25,4.17
2017-02-26,4.17
2017-02-27,4.17
2017-02-28,4.17
2017-03-01,4.2
2017-03-02,4.2
2017-03-03,4.2
2017-03-04,4.2
2017-03-05,4.2
2017-03-06,4.2
2017-03-07,4.2
2017-03-08,4.2
2017-03-09,4.2
2017-03-10,4.2
2017-03-11,4.2
2017-03-12,4.2
2017-03-13,4.2
2017-03-14,4.2
2017-03-15,4.2
2017-03-16,4.2
2017-03-17,4.2
2017-03-18,4.2
2017-03-19,4.2
2017-03-20,4.2
2017-03-21,4.2
2017-03-22,4.2
2017-03-23,4.2
2017-03-24,4.2
2017-03-25,4.2
2017-03-26,4.2
2017-03-27,4.2
2017-03-28,4.2
2017-03-29,4.2
2017-03-30,4.2
2017-03-31,4.2
2017-04-01,4.05
2017-04-02,4.05
2017-04-03,4.05
2017-04-04,4.05
2017-04-05,4.05
2017-04-06,4.05
2017-04-07,4.05
2017-04-08,4.05
2017-04-09,4.05
2017-04-10,4.05
2017-04-11,4.05
2017-04-12,4.05
2017-04-13,4.05
2017-04-14,4.05
2017-04-15,4.05
2017-04-16,4.05
2017-04-17,4.05
2017-04-18,4.05
2017-04-19,4.05
2017-04-20,4.05
2017-04-21,4.05
2017-04-22,4.05
2017-04-23,4.05
2017-04-24,4.05
2017-04-25,4.05
2017-04-26,4.05
2017-04-27,4.05
2017-04-28,4.05
2017-04-29,4.05
2017-04-30,4.05
2017-05-01,4.01
2017-05-02,4.01
2017-05-03,4.01
2017-05-04,4.01
2017-05-05,4.01
2017-05-06,4.01
2017-05-07,4.01
2017-05-08,4.01
2017-05-09,4.01
2017-05-10,4.01
2017-05-11,4.01
2017-05-12,4.01
2017-05-13,4.01
2017-05-14,4.01
2017-05-15,4.01
2017-05-16,4.01
2017-05-17,4.01
2017-05-18,4.01
2017-05-19,4.01
2017-05-20,4.01
2017-05-21,4.01
2017-05-22,4.01
2017-05-23,4.01
2017-05-24,4.01
2017-05-25,4.01
2017-05-26,4.01
2017-05-27,4.01
2017-05-28,4.01
2017-05-29,4.01
2017-05-30,4.01
2017-05-31,4.01
2017-06-01,3.9
2017-06-02,3.9
2017-06-03,3.9
2017-06-04,3.9
2017-06-05,3.9
2017-06-06,3.9
2017-06-07,3.9
2017-06-08,3.9
2017-06-09,3.9
2017-06-10,3.9
2017-06-11,3.9
2017-06-12,3.9
2017-06-13,3.9
2017-06-14,3.9
2017-06-15,3.9
2017-06-16,3.9
2017-06-17,3.9
2017-06-18,3.9
2017-06-19,3.9
2017-06-20,3.9
2017-06-21,3.9
2017-06-22,3.9
2017-06-23,3.9
2017-06-24,3.9
2017-06-25,3.9
2017-06-26,3.9
2017-06-27,3.9
2017-06-28,3.9
2017-06-29,3.9
2017-06-30,3.9
2017-07-01,3.97
2017-07-02,3.97
2017-07-03,3.97
2017-07-04,3.97
2017-07-05,3.97
2017-07-06,3.97
2017-07-07,3.97
2017-07-08,3.97
2017-07-09,3.97
2017-07-10,3.97
2017-07-11,3.97
2017-07-12,3.97
2017-07-13,3.97
2017-07-14,3.97
2017-07-15,3.97
2017-07-16,3.97
2017-07-17,3.97
2017-07-18,3.97
2017-07-19,3.97
2017-07-20,3.97
2017-07-21,3.97
2017-07-22,3.97
2017-07-23,3.97
2017-07-24,3.97
2017-07-25,3.97
2017-07-26,3.97
2017-07-27,3.97
2017-07-28,3.97
2017-07-29,3.97
2017-07-30,3.97
2017-07-31,3.97
2017-08-01,3.88
2017-08-02,3.88
2017-08-03,3.88
2017-08-04,3.88
2017-08-05,3.88
2017-08-06,3.88
2017-08-07,3.88
2017-08-08,3.88
2017-08-09,3.88
2017-08-10,3.88
2017-08-11,3.88
2017-08-12,3.88
2017-08-13,3.88
2017-08-14,3.88
2017-08-15,3.88
2017-08-16,3.88
2017-08-17,3.88
2017-08-18,3.88
2017-08-19,3.88
2017-08-20,3.88
2017-08-21,3.88
2017-08-22,3.88
2017-08-23,3.88
2017-08-24,3.88
2017-08-25,3.88
2017-08-26,3.88
2017-08-27,3.88
2017-08-28,3.88
2017-08-29,3.88
2017-08-30,3.88
2017-08-31,3.88
2017-09-01,3.81
2017-09-02,3.81
2017-09-03,3.81
2017-09-04,3.81
2017-09-05,3.81
2017-09-06,3.81
2017-09-07,3.81
2017-09-08,3.81
2017-09-09,3.81
2017-09-10,3.81
2017-09-11,3.81
2017-09-12,3.81
2017-09-13,3.81
2017-09-14,3.81
2017-09-15,3.81
2017-09-16,3.81
2017-09-17,3.81
2017-09-18,3.81
2017-09-19,3.81
2017-09-20,3.81
2017-09-21,3.81
2017-09-22,3.81
2017-09-23,3.81
2017-09-24,3.81
2017-09-25,3.81
2017-09-26,3.81
2017-09-27,3.81
2017-09-28,3.81
2017-09-29,3.81
2017-09-30,3.81
2017-10-01,3.9
2017-10-02,3.9
2017-10-03,3.9
2017-10-04,3.9
2017-10-05,3.9
2017-10-06,3.9
2017-10-07,3.9
2017-10-08,3.9
2017-10-09,3.9
2017-10-10,3.9
2017-10-11,3.9
2017-10-12,3.9
2017-10-13,3.9
2017-10-14,3.9
2017-10-15,3.9
2017-10-16,3.9
2017-10-17,3.9
2017-10-18,3.9
2017-10-19,3.9
2017-10-20,3.9
2017-10-21,3.9
2017-10-22,3.9
2017-10-23,3.9
2017-10-24,3.9
2017-10-25,3.9
2017-10-26,3.9
2017-10-27,3.9
2017-10-28,3.9
2017-10-29,3.9
2017-10-30,3.9
2017-10-31,3.9
2017-11-01,3.92
2017-11-02,3.92
2017-11-03,3.92
2017-11-04,3.92
2017-11-05,3.92
2017-11-06,3.92
2017-11-07,3.92
2017-11-08,3.92
2017-11-09,3.92
2017-11-10,3.92
2017-11-11,3.92
2017-11-12,3.92
2017-11-13,3.92
2017-11-14,3.92
2017-11-15,3.92
2017-11-16,3.92
2017-11-17,3.92
2017-11-18,3.92
2017-11-19,3.92
2017-11-20,3.92
2017-11-21,3.92
2017-11-22,3.92
2017-11-23,3.92
2017-11-24,3.92
2017-11-25,3.92
2017-11-26,3.92
2017-11-27,3.92
2017-11-28,3.92
2017-11-29,3.92
2017-11-30,3.92
2017-12-01,3.95
2017-12-02,3.95
2017-12-03,3.95
2017-12-04,3.95
2017-12-05,3.95
2017-12-06,3.95
2017-12-07,3.95
2017-12-08,3.95
2017-12-09,3.95
2017-12-10,3.95
2017-12-11,3.95
2017-12-12,3.95
2017-12-13,3.95
2017-12-14,3.95
2017-12-15,3.95
2017-12-16,3.95
2017-12-17,3.95
2017-12-18,3.95
2017-12-19,3.95
2017-12-20,3.95
2017-12-21,3.95
2017-12-22,3.95
2017-12-23,3.95
2017-12-24,3.95
2017-12-25,3.95
2017-12-26,3.95
2017-12-27,3.95
2017-12-28,3.95
2017-12-29,3.95
2017-12-30,3.95
2017-12-31,3.95
2018-01-01,4.03
2018-01-02,4.03
2018-01-03,4.03
2018-01-04,4.03
2018-01-05,4.03
2018-01-06,4.03
2018-01-07,4.03
2018-01-08,4.03
2018-01-09,4.03
2018-01-10,4.03
2018-01-11,4.03
2018-01-12,4.03
2018-01-13,4.03
2018-01-14,4.03
2018-01-15,4.03
2018-01-16,4.03
2018-01-17,4.03
2018-01-18,4.03
2018-01-19,4.03
2018-01-20,4.03
2018-01-21,4.03
2018-01-22,4.03
2018-01-23,4.03
2018-01-24,4.03
2018-01-25,4.03
2018-01-26,4.03
2018-01-27,4.03
2018-01-28,4.03
2018-01-29,4.03
2018-01-30,4.03
2018-01-31,4.03
2018-02-01,4.33
2018-02-02,4.33
2018-02-03,4.33
2018-02-04,4.33
2018-02-05,4.33
2018-02-06,4.33
2018-02-07,4.33
2018-02-08,4.33
2018-02-09,4.33
2018-02-10,4.33
2018-02-11,4.33
2018-02-12,4.33
2018-02-13,4.33
2018-02-14,4.33
2018-02-15,4.33
2018-02-16,4.33
2018-02-17,4.33
2018-02-18,4.33
2018-02-19,4.33
2018-02-20,4.33
2018-02-21,4.33
2018-02-22,4.33
2018-02-23,4.33
2018-02-24,4.33
2018-02-25,4.33
2018-02-26,4.33
2018-02-27,4.33
2018-02-28,4.33
2018-03-01,4.44
2018-03-02,4.44
2018-03-03,4.44
2018-03-04,4.44
2018-03-05,4.44
2018-03-06,4.44
2018-03-07,4.44
2018-03-08,4.44
2018-03-09,4.44
2018-03-10,4.44
2018-03-11,4.44
2018-03-12,4.44
2018-03-13,4.44
2018-03-14,4.44
2018-03-15,4.44
2018-03-16,4.44
2018-03-17,4.44
2018-03-18,4.44
2018-03-19,4.44
2018-03-20,4.44
2018-03-21,4.44
2018-03-22,4.44
2018-03-23,4.44
2018-03-24,4.44
2018-03-25,4.44
2018-03-26,4.44
2018-03-27,4.44
2018-03-28,4.44
2018-03-29,4.44
2018-03-30,4.44
2018-03-31,4.44
2018-04-01,4.47
2018-04-02,4.47
2018-04-03,4.47
2018-04-04,4.47
2018-04-05,4.47
2018-04-06,4.47
2018-04-07,4.47
2018-04-08,4.47
2018-04-09,4.47
2018-04-10,4.47
2018-04-11,4.47
2018-04-12,4.47
2018-04-13,4.47
2018-04-14,4.47
2018-04-15,4.47
2018-04-16,4.47
2018-04-17,4.47
2018-04-18,4.47
2018-04-19,4.47
2018-04-20,4.47
2018-04-21,4.47
2018-04-22,4.47
2018-04-23,4.47
2018-04-24,4.47
2018-04-25,4.47
2018-04-26,4.47
2018-04-27,4.47
2018-04-28,4.47
2018-04-29,4.47
2018-04-30,4.47
2018-05-01,4.59
2018-05-02,4.59
2018-05-03,4.59
2018-05-04,4.59
2018-05-05,4.59
2018-05-06,4.59
2018-05-07,4.59
2018-05-08,4.59
2018-05-09,4.59
2018-05-10,4.59
2018-05-11,4.59
2018-05-12,4.59
2018-05-13,4.59
2018-05-14,4.59
2018-05-15,4.59
2018-05-16,4.59
2018-05-17,4.59
2018-05-18,4.59
2018-05-19,4.59
2018-05-20,4.59
2018-05-21,4.59
2018-05-22,4.59
2018-05-23,4.59
2018-05-24,4.59
2018-05-25,4.59
2018-05-26,4.59
2018-05-27,4.59
2018-05-28,4.59
2018-05-29,4.59
2018-05-30,4.59
2018-05-31,4.59
2018-06-01,4.57
2018-06-02,4.57
2018-06-03,4.57
2018-06-04,4.57
2018-06-05,4.57
2018-06-06,4.57
2018-06-07,4.57
2018-06-08,4.57
2018-06-09,4.57
2018-06-10,4.57
2018-06-11,4.57
2018-06-12,4.57
2018-06-13,4.57
2018-06-14,4.57
2018-06-15,4.57
2018-06-16,4.57
2018-06-17,4.57
2018-06-18,4.57
2018-06-19,4.57
2018-06-20,4.57
2018-06-21,4.57
2018-06-22,4.57
2018-06-23,4.57
2018-06-24,4.57
2018-06-25,4.57
2018-06-26,4.57
2018-06-27,4.57
2018-06-28,4.57
2018-06-29,4.57
2018-06-30,4.57
2018-07-01,4.53
2018-07-02,4.53
2018-07-03,4.53
2018-07-04,4.53
2018-07-05,4.53
2018-07-06,4.53
2018-07-07,4.53
2018-07-08,4.53
2018-07-09,4.53
2018-07-10,4.53
2018-07-11,4.53
2018-07-12,4.53
2018-07-13,4.53
2018-07-14,4.53
2018-07-15,4.53
2018-07-16,4.53
2018-07-17,4.53
2018-07-18,4.53
2018-07-19,4.53
2018-07-20,4.53
2018-07-21,4.53
2018-07-22,4.53
2018-07-23,4.53
2018-07-24,4.53
2018-07-25,4.53
2018-07-26,4.53
2018-07-27,4.53
2018-07-28,4.53
2018-07-29,4.53
2018-07-30,4.53
2018-07-31,4.53
2018-08-01,4.55
2018-08-02,4.55
2018-08-03,4.55
2018-08-04,4.55
2018-08-05,4.55
2018-08-06,4.55
2018-08-07,4.55
2018-08-08,4.55
2018-08-09,4.55
2018-08-10,4.55
2018-08-11,4.55
2018-08-12,4.55
2018-08-13,4.55
2018-08-14,4.55
2018-08-15,4.55
2018-08-16,4.55
2018-08-17,4.55
2018-08-18,4.55
2018-08-19,4.55
2018-08-20,4.55
2018-08-21,4.55
2018-08-22,4.55
2018-08-23,4.55
2018-08-24,4.55
2018-08-25,4.55
2018-08-26,4.55
2018-08-27,4.55
2018-08-28,4.55
2018-08-29,4.55
2018-08-30,4.55
2018-08-31,4.55
2018-09-01,4.63
2018-09-02,4.63
2018-09-03,4.63
2018-09-04,4.63
2018-09-05,4.63
2018-09-06,4.63
2018-09-07,4.63
2018-09-08,4.63
2018-09-09,4.63
2018-09-10,4.63
2018-09-11,4.63
2018-09-12,4.63
2018-09-13,4.63
2018-09-14,4.63
2018-09-15,4.63
2018-09-16,4.63
2018-09-17,4.63
2018-09-18,4.63
2018-09-19,4.63
2018-09-20,4.63
2018-09-21,4.63
2018-09-22,4.63
2018-09-23,4.63
2018-09-24,4.63
2018-09-25,4.63
2018-09-26,4.63
2018-09-27,4.63
2018-09-28,4.63
2018-09-29,4.63
2018-09-30,4.63
2018-10-01,4.83
2018-10-02,4.83
2018-10-03,4.83
2018-10-04,4.83
2018-10-05,4.83
2018-10-06,4.83
2018-10-07,4.83
2018-10-08,4.83
2018-10-09,4.83
2018-10-10,4.83
2018-10-11,4.83
2018-10-12,4.83
2018-10-13,4.83
2018-10-14,4.83
2018-10-15,4.83
2018-10-16,4.83
2018-10-17,4.83
2018-10-18,4.83
2018-10-19,4.83
2018-10-20,4.83
2018-10-21,4.83
2018-10-22,4.83
2018-10-23,4.83
2018-10-24,4.83
2018-10-25,4.83
2018-10-26,4.83
2018-10-27,4.83
2018-10-28,4.83
2018-10-29,4.83
2018-10-30,4.83
2018-10-31,4.83
2018-11-01,4.87
2018-11-02,4.87
2018-11-03,4.87
2018-11-04,4.87
2018-11-05,4.87
2018-11-06,4.87
2018-11-07,4.87
2018-11-08,4.87
2018-11-09,4.87
2018-11-10,4.87
2018-11-11,4.87
2018-11-12,4.87
2018-11-13,4.87
2018-11-14,4.87
2018-11-15,4.87
2018-11-16,4.87
2018-11-17,4.87
2018-11-18,4.87
2018-11-19,4.87
2018-11-20,4.87
2018-11-21,4.87
2018-11-22,4.87
2018-11-23,4.87
2018-11-24,4.87
2018-11-25,4.87
2018-11-26,4.87
2018-11-27,4.87
2018-11-28,4.87
2018-11-29,4.87
2018-11-30,4.87
2018-12-01,4.64
2018-12-02,4.64
2018-12-03,4.64
2018-12-04,4.64
2018-12-05,4.64
2018-12-06,4.64
2018-12-07,4.64
2018-12-08,4.64
2018-12-09,4.64
2018-12-10,4.64
2018-12-11,4.64
2018-12-12,4.64
2018-12-13,4.64
2018-12-14,4.64
2018-12-15,4.64
2018-12-16,4.64
2018-12-17,4.64
2018-12-18,4.64
2018-12-19,4.64
2018-12-20,4.64
2018-12-21,4.64
2018-12-22,4.64
2018-12-23,4.64
2018-12-24,4.64
2018-12-25,4.64
2018-12-26,4.64
2018-12-27,4.64
2018-12-28,4.64
2018-12-29,4.64
2018-12-30,4.64
2018-12-31,4.64
2019-01-01,4.46
2019-01-02,4.46
2019-01-03,4.46
2019-01-04,4.46
2019-01-05,4.46
2019-01-06,4.46
2019-01-07,4.46
2019-01-08,4.46
2019-01-09,4.46
2019-01-10,4.46
2019-01-11,4.46
2019-01-12,4.46
2019-01-13,4.46
2019-01-14,4.46
2019-01-15,4.46
2019-01-16,4.46
2019-01-17,4.46
2019-01-18,4.46
2019-01-19,4.46
2019-01-20,4.46
2019-01-21,4.46
2019-01-22,4.46
2019-01-23,4.46
2019-01-24,4.46
2019-01-25,4.46
2019-01-26,4.46
2019-01-27,4.46
2019-01-28,4.46
2019-01-29,4.46
2019-01-30,4.46
2019-01-31,4.46
2019-02-01,4.37
2019-02-02,4.37
2019-02-03,4.37
2019-02-04,4.37
2019-02-05,4.37
2019-02-06,4.37
2019-02-07,4.37
2019-02-08,4.37
2019-02-09,4.37
2019-02-10,4.37
2019-02-11,4.37
2019-02-12,4.37
2019-02-13,4.37
2019-02-14,4.37
2019-02-15,4.37
2019-02-16,4.37
2019-02-17,4.37
2019-02-18,4.37
2019-02-19,4.37
2019-02-20,4.37
2019-02-21,4.37
2019-02-22,4.37
2019-02-23,4.37
2019-02-24,4.37
2019-02-25,4.37
2019-02-26,4.37
2019-02-27,4.37
2019-02-28,4.37
2019-03-01,4.27
2019-03-02,4.27
2019-03-03,4.27
2019-03-04,4.27
2019-03-05,4.27
2019-03-06,4.27
2019-03-07,4.27
2019-03-08,4.27
2019-03-09,4.27
2019-03-10,4.27
2019-03-11,4.27
2019-03-12,4.27
2019-03-13,4.27
2019-03-14,4.27
2019-03-15,4.27
2019-03-16,4.27
2019-03-17,4.27
2019-03-18,4.27
2019-03-19,4.27
2019-03-20,4.27
2019-03-21,4.27
2019-03-22,4.27
2019-03-23,4.27
2019-03-24,4.27
2019-03-25,4.27
2019-03-26,4.27
2019-03-27,4.27
2019-03-28,4.27
2019-03-29,4.27
2019-03-30,4.27
2019-03-31,4.27
2019-04-01,4.14
2019-04-02,4.14
2019-04-03,4.14
2019-04-04,4.14
2019-04-05,4.14
2019-04-06,4.14
2019-04-07,4.14
2019-04-08,4.14
2019-04-09,4.14
2019-04-10,4.14
2019-04-11,4.14
2019-04-12,4.14
2019-04-13,4.14
2019-04-14,4.14
2019-04-15,4.14
2019-04-16,4.14
2019-04-17,4.14
2019-04-18,4.14
2019-04-19,4.14
2019-04-20,4.14
2019-04-21,4.14
2019-04-22,4.14
2019-04-23,4.14
2019-04-24,4.14
2019-04-25,4.14
2019-04-26,4.14
2019-04-27,4.14
2019-04-28,4.14
2019-04-29,4.14
2019-04-30,4.14
2019-05-01,4.07
2019-05-02,4.07
2019-05-03,4.07
2019-05-04,4.07
2019-05-05,4.07
2019-05-06,4.07
2019-05-07,4.07
2019-05-08,4.07
2019-05-09,4.07
2019-05-10,4.07
2019-05-11,4.07
2019-05-12,4.07
2019-05-13,4.07
2019-05-14,4.07
2019-05-15,4.07
2019-05-16,4.07
2019-05-17,4.07
2019-05-18,4.07
2019-05-19,4.07
2019-05-20,4.07
2019-05-21,4.07
2019-05-22,4.07
2019-05-23,4.07
2019-05-24,4.07
2019-05-25,4.07
2019-05-26,4.07
2019-05-27,4.07
2019-05-28,4.07
2019-05-29,4.07
2019-05-30,4.07
2019-05-31,4.07
2019-06-01,3.8
2019-06-02,3.8
2019-06-03,3.8
2019-06-04,3.8
2019-06-05,3.8
2019-06-06,3.8
2019-06-07,3.8
2019-06-08,3.8
2019-06-09,3.8
2019-06-10,3.8
2019-06-11,3.8
2019-06-12,3.8
2019-06-13,3.8
2019-06-14,3.8
2019-06-15,3.8
2019-06-16,3.8
2019-06-17,3.8
2019-06-18,3.8
2019-06-19,3.8
2019-06-20,3.8
2019-06-21,3.8
2019-06-22,3.8
2019-06-23,3.8
2019-06-24,3.8
2019-06-25,3.8
2019-06-26,3.8
2019-06-27,3.8
2019-06-28,3.8
2019-06-29,3.8
2019-06-30,3.8
2019-07-01,3.77
2019-07-02,3.77
2019-07-03,3.77
2019-07-04,3.77
2019-07-05,3.77
2019-07-06,3.77
2019-07-07,3.77
2019-07-08,3.77
2019-07-09,3.77
2019-07-10,3.77
2019-07-11,3.77
2019-07-12,3.77
2019-07-13,3.77
2019-07-14,3.77
2019-07-15,3.77
2019-07-16,3.77
2019-07-17,3.77
2019-07-18,3.77
2019-07-19,3.77
2019-07-20,3.77
2019-07-21,3.77
2019-07-22,3.77
2019-07-23,3.77
2019-07-24,3.77
2019-07-25,3.77
2019-07-26,3.77
2019-07-27,3.77
2019-07-28,3.77
2019-07-29,3.77
2019-07-30,3.77
2019-07-31,3.77
2019-08-01,3.62
2019-08-02,3.62
2019-08-03,3.62
2019-08-04,3.62
2019-08-05,3.62
2019-08-06,3.62
2019-08-07,3.62
2019-08-08,3.62
2019-08-09,3.62
2019-08-10,3.62
2019-08-11,3.62
2019-08-12,3.62
2019-08-13,3.62
2019-08-14,3.62
2019-08-15,3.62
2019-08-16,3.62
2019-08-17,3.62
2019-08-18,3.62
2019-08-19,3.62
2019-08-20,3.62
2019-08-21,3.62
2019-08-22,3.62
2019-08-23,3.62
2019-08-24,3.62
2019-08-25,3.62
2019-08-26,3.62
2019-08-27,3.62
2019-08-28,3.62
2019-08-29,3.62
2019-08-30,3.62
2019-08-31,3.62
2019-09-01,3.61
2019-09-02,3.61
2019-09-03,3.61
2019-09-04,3.61
2019-09-05,3.61
2019-09-06,3.61
2019-09-07,3.61
2019-09-08,3.61
2019-09-09,3.61
2019-09-10,3.61
2019-09-11,3.61
2019-09-12,3.61
2019-09-13,3.61
2019-09-14,3.61
2019-09-15,3.61
2019-09-16,3.61
2019-09-17,3.61
2019-09-18,3.61
2019-09-19,3.61
2019-09-20,3.61
2019-09-21,3.61
2019-09-22,3.61
2019-09-23,3.61
2019-09-24,3.61
2019-09-25,3.61
2019-09-26,3.61
2019-09-27,3.61
2019-09-28,3.61
2019-09-29,3.61
2019-09-30,3.61
2019-10-01,3.69
2019-10-02,3.69
2019-10-03,3.69
2019-10-04,3.69
2019-10-05,3.69
2019-10-06,3.69
2019-10-07,3.69
2019-10-08,3.69
2019-10-09,3.69
2019-10-10,3.69
2019-10-11,3.69
2019-10-12,3.69
2019-10-13,3.69
2019-10-14,3.69
2019-10-15,3.69
2019-10-16,3.69
2019-10-17,3.69
2019-10-18,3.69
2019-10-19,3.69
2019-10-20,3.69
2019-10-21,3.69
2019-10-22,3.69
2019-10-23,3.69
2019-10-24,3.69
2019-10-25,3.69
2019-10-26,3.69
2019-10-27,3.69
2019-10-28,3.69
2019-10-29,3.69
2019-10-30,3.69
2019-10-31,3.69
2019-11-01,3.7
2019-11-02,3.7
2019-11-03,3.7
2019-11-04,3.7
2019-11-05,3.7
2019-11-06,3.7
2019-11-07,3.7
2019-11-08,3.7
2019-11-09,3.7
2019-11-10,3.7
2019-11-11,3.7
2019-11-12,3.7
2019-11-13,3.7
2019-11-14,3.7
2019-11-15,3.7
2019-11-16,3.7
2019-11-17,3.7
2019-11-18,3.7
2019-11-19,3.7
2019-11-20,3.7
2019-11-21,3.7
2019-11-22,3.7
2019-11-23,3.7
2019-11-24,3.7
2019-11-25,3.7
2019-11-26,3.7
2019-11-27,3.7
2019-11-28,3.7
2019-11-29,3.7
2019-11-30,3.7
2019-12-01,3.72
2019-12-02,3.72
2019-12-03,3.72
2019-12-04,3.72
2019-12-05,3.72
2019-12-06,3.72
2019-12-07,3.72
2019-12-08,3.72
2019-12-09,3.72
2019-12-10,3.72
2019-12-11,3.72
2019-12-12,3.72
2019-12-13,3.72
2019-12-14,3.72
2019-12-15,3.72
2019-12-16,3.72
2019-12-17,3.72
2019-12-18,3.72
2019-12-19,3.72
2019-12-20,3.72
2019-12-21,3.72
2019-12-22,3.72
2019-12-23,3.72
2019-12-24,3.72
2019-12-25,3.72
2019-12-26,3.72
2019-12-27,3.72
2019-12-28,3.72
2019-12-29,3.72
2019-12-30,3.72
2019-12-31,3.72
2020-01-01,3.62
2020-01-02,3.62
2020-01-03,3.62
2020-01-04,3.62
2020-01-05,3.62
2020-01-06,3.62
2020-01-07,3.62
2020-01-08,3.62
2020-01-09,3.62
2020-01-10,3.62
2020-01-11,3.62
2020-01-12,3.62
2020-01-13,3.62
2020-01-14,3.62
2020-01-15,3.62
2020-01-16,3.62
2020-01-17,3.62
2020-01-18,3.62
2020-01-19,3.62
2020-01-20,3.62
2020-01-21,3.62
2020-01-22,3.62
2020-01-23,3.62
2020-01-24,3.62
2020-01-25,3.62
2020-01-26,3.62
2020-01-27,3.62
2020-01-28,3.62
2020-01-29,3.62
2020-01-30,3.62
2020-01-31,3.62
2020-02-01,3.47
2020-02-02,3.47
2020-02-03,3.47
2020-02-04,3.47
2020-02-05,3.47
2020-02-06,3.47
2020-02-07,3.47
2020-02-08,3.47
2020-02-09,3.47
2020-02-10,3.47
2020-02-11,3.47
2020-02-12,3.47
2020-02-13,3.47
2020-02-14,3.47
2020-02-15,3.47
2020-02-16,3.47
2020-02-17,3.47
2020-02-18,3.47
2020-02-19,3.47
2020-02-20,3.47
2020-02-21,3.47
2020-02-22,3.47
2020-02-23,3.47
2020-02-24,3.47
2020-02-25,3.47
2020-02-26,3.47
2020-02-27,3.47
2020-02-28,3.47
2020-02-29,3.47
2020-03-01,3.45
2020-03-02,3.45
2020-03-03,3.45
2020-03-04,3.45
2020-03-05,3.45
2020-03-06,3.45
2020-03-07,3.45
2020-03-08,3.45
2020-03-09,3.45
2020-03-10,3.45
2020-03-11,3.45
2020-03-12,3.45
2020-03-13,3.45
2020-03-14,3.45
2020-03-15,3.45
2020-03-16,3.45
2020-03-17,3.45
2020-03-18,3.45
2020-03-19,3.45
2020-03-20,3.45
2020-03-21,3.45
2020-03-22,3.45
2020-03-23,3.45
2020-03-24,3.45
2020-03-25,3.45
2020-03-26,3.45
2020-03-27,3.45
2020-03-28,3.45
2020-03-29,3.45
2020-03-30,3.45
2020-03-31,3.45
2020-04-01,3.31
2020-04-02,3.31
2020-04-03,3.31
2020-04-04,3.31
2020-04-05,3.31
2020-04-06,3.31
2020-04-07,3.31
2020-04-08,3.31
2020-04-09,3.31
2020-04-10,3.31
2020-04-11,3.31
2020-04-12,3.31
2020-04-13,3.31
2020-04-14,3.31
2020-04-15,3.31
2020-04-16,3.31
2020-04-17,3.31
2020-04-18,3.31
2020-04-19,3.31
2020-04-20,3.31
2020-04-21,3.31
2020-04-22,3.31
2020-04-23,3.31
2020-04-24,3.31
2020-04-25,3.31
2020-04-26,3.31
2020-04-27,3.31
2020-04-28,3.31
2020-04-29,3.31
2020-04-30,3.31
2020-05-01,3.23
2020-05-02,3.23
2020-05-03,3.23
2020-05-04,3.23
2020-05-05,3.23
2020-05-06,3.23
2020-05-07,3.23
2020-05-08,3.23
2020-05-09,3.23
2020-05-10,3.23
2020-05-11,3.23
2020-05-12,3.23
2020-05-13,3.23
2020-05-14,3.23
2020-05-15,3.23
2020-05-16,3.23
2020-05-17,3.23
2020-05-18,3.23
2020-05-19,3.23
2020-05-20,3.23
2020-05-21,3.23
2020-05-22,3.23
2020-05-23,3.23
2020-05-24,3.23
2020-05-25,3.23
2020-05-26,3.23
2020-05-27,3.23
2020-05-28,3.23
2020-05-29,3.23
2020-05-30,3.23
2020-05-31,3.23
2020-06-01,3.16
2020-06-02,3.16
2020-06-03,3.16
2020-06-04,3.16
2020-06-05,3.16
2020-06-06,3.16
2020-06-07,3.16
2020-06-08,3.16
2020-06-09,3.16
2020-06-10,3.16
2020-06-11,3.16
2020-06-12,3.16
2020-06-13,3.16
2020-06-14,3.16
2020-06-15,3.16
2020-06-16,3.16
2020-06-17,3.16
2020-06-18,3.16
2020-06-19,3.16
2020-06-20,3.16
2020-06-21,3.16
2020-06-22,3.16
2020-06-23,3.16
2020-06-24,3.16
2020-06-25,3.16
2020-06-26,3.16
2020-06-27,3.16
2020-06-28,3.16
2020-06-29,3.16
2020-06-30,3.16
2020-07-01,3.02
2020-07-02,3.02
2020-07-03,3.02
2020-07-04,3.02
2020-07-05,3.02
2020-07-06,3.02
2020-07-07,3.02
2020-07-08,3.02
2020-07-09,3.02
2020-07-10,3.02
2020-07-11,3.02
2020-07-12,3.02
2020-07-13,3.02
2020-07-14,3.02
2020-07-15,3.02
2020-07-16,3.02
2020-07-17,3.02
2020-07-18,3.02
2020-07-19,3.02
2020-07-20,3.02
2020-07-21,3.02
2020-07-22,3.02
2020-07-23,3.02
2020-07-24,3.02
2020-07-25,3.02
2020-07-26,3.02
2020-07-27,3.02
2020-07-28,3.02
2020-07-29,3.02
2020-07-30,3.02
2020-07-31,3.02
2020-08-01,2.94
2020-08-02,2.94
2020-08-03,2.94
2020-08-04,2.94
2020-08-05,2.94
2020-08-06,2.94
2020-08-07,2.94
2020-08-08,2.94
2020-08-09,2.94
2020-08-10,2.94
2020-08-11,2.94
2020-08-12,2.94
2020-08-13,2.94
2020-08-14,2.94
2020-08-15,2.94
2020-08-16,2.94
2020-08-17,2.94
2020-08-18,2.94
2020-08-19,2.94
2020-08-20,2.94
2020-08-21,2.94
2020-08-22,2.94
2020-08-23,2.94
2020-08-24,2.94
2020-08-25,2.94
2020-08-26,2.94
2020-08-27,2.94
2020-08-28,2.94
2020-08-29,2.94
2020-08-30,2.94
2020-08-31,2.94
2020-09-01,2.89
2020-09-02,2.89
2020-09-03,2.89
2020-09-04,2.89
2020-09-05,2.89
2020-09-06,2.89
2020-09-07,2.89
2020-09-08,2.89
2020-09-09,2.89
2020-09-10,2.89
2020-09-11,2.89
2020-09-12,2.89
2020-09-13,2.89
2020-09-14,2.89
2020-09-15,2.89
2020-09-16,2.89
2020-09-17,2.89
2020-09-18,2.89
2020-09-19,2.89
2020-09-20,2.89
2020-09-21,2.89
2020-09-22,2.89
2020-09-23,2.89
2020-09-24,2.89
2020-09-25,2.89
2020-09-26,2.89
2020-09-27,2.89
2020-09-28,2.89
2020-09-29,2.89
2020-09-30,2.89
2020-10-01,2.83
2020-10-02,2.83
2020-10-03,2.83
2020-10-04,2.83
2020-10-05,2.83
2020-10-06,2.83
2020-10-07,2.83
2020-10-08,2.83
2020-10-09,2.83
2020-10-10,2.83
2020-10-11,2.83
2020-10-12,2.83
2020-10-13,2.83
2020-10-14,2.83
2020-10-15,2.83
2020-10-16,2.83
2020-10-17,2.83
2020-10-18,2.83
2020-10-19,2.83
2020-10-20,2.83
2020-10-21,2.83
2020-10-22,2.83
2020-10-23,2.83
2020-10-24,2.83
2020-10-25,2.83
2020-10-26,2.83
2020-10-27,2.83
2020-10-28,2.83
2020-10-29,2.83
2020-10-30,2.83
2020-10-31,2.83
2020-11-01,2.77
2020-11-02,2.77
2020-11-03,2.77
2020-11-04,2.77
2020-11-05,2.77
2020-11-06,2.77
2020-11-07,2.77
2020-11-08,2.77
2020-11-09,2.77
2020-11-10,2.77
2020-11-11,2.77
2020-11-12,2.77
2020-11-13,2.77
2020-11-14,2.77
2020-11-15,2.77
2020-11-16,2.77
2020-11-17,2.77
2020-11-18,2.77
2020-11-19,2.77
2020-11-20,2.77
2020-11-21,2.77
2020-11-22,2.77
2020-11-23,2.77
2020-11-24,2.77
2020-11-25,2.77
2020-11-26,2.77
2020-11-27,2.77
2020-11-28,2.77
2020-11-29,2.77
2020-11-30,2.77
2020-12-01,2.68
2020-12-02,2.68
2020-12-03,2.68
2020-12-04,2.68
2020-12-05,2.68
2020-12-06,2.68
2020-12-07,2.68
2020-12-08,2.68
2020-12-09,2.68
2020-12-10,2.68
2020-12-11,2.68
2020-12-12,2.68
2020-12-13,2.68
2020-12-14,2.68
2020-12-15,2.68
2020-12-16,2.68
2020-12-17,2.68
2020-12-18,2.68
2020-12-19,2.68
2020-12-20,2.68
2020-12-21,2.68
2020-12-22,2.68
2020-12-23,2.68
2020-12-24,2.68
2020-12-25,2.68
2020-12-26,2.68
2020-12-27,2.68
2020-12-28,2.68
2020-12-29,2.68
2020-12-30,2.68
2020-12-31,2.68
2021-01-01,2.74
2021-01-02,2.74
2021-01-03,2.74
2021-01-04,2.74
2021-01-05,2.74
2021-01-06,2.74
2021-01-07,2.74
2021-01-08,2.74
2021-01-09,2.74
2021-01-10,2.74
2021-01-11,2.74
2021-01-12,2.74
2021-01-13,2.74
2021-01-14,2.74
2021-01-15,2.74
2021-01-16,2.74
2021-01-17,2.74
2021-01-18,2.74
2021-01-19,2.74
2021-01-20,2.74
2021-01-21,2.74
2021-01-22,2.74
2021-01-23,2.74
2021-01-24,2.74
2021-01-25,2.74
2021-01-26,2.74
2021-01-27,2.74
2021-01-28,2.74
2021-01-29,2.74
2021-01-30,2.74
2021-01-31,2.74
2021-02-01,2.81
2021-02-02,2.81
2021-02-03,2.81
2021-02-04,2.81
2021-02-05,2.81
2021-02-06,2.81
2021-02-07,2.81
2021-02-08,2.81
2021-02-09,2.81
2021-02-10,2.81
2021-02-11,2.81
2021-02-12,2.81
2021-02-13,2.81
2021-02-14,2.81
2021-02-15,2.81
2021-02-16,2.81
2021-02-17,2.81
2021-02-18,2.81
2021-02-19,2.81
2021-02-20,2.81
2021-02-21,2.81
2021-02-22,2.81
2021-02-23,2.81
2021-02-24,2.81
2021-02-25,2.81
2021-02-26,2.81
2021-02-27,2.81
2021-02-28,2.81
2021-03-01,3.08
2021-03-02,3.08
2021-03-03,3.08
2021-03-04,3.08
2021-03-05,3.08
2021-03-06,3.08
2021-03-07,3.08
2021-03-08,3.08
2021-03-09,3.08
2021-03-10,3.08
2021-03-11,3.08
2021-03-12,3.08
2021-03-13,3.08
2021-03-14,3.08
2021-03-15,3.08
2021-03-16,3.08
2021-03-17,3.08
2021-03-18,3.08
2021-03-19,3.08
2021-03-20,3.08
2021-03-21,3.08
2021-03-22,3.08
2021-03-23,3.08
2021-03-24,3.08
2021-03-25,3.08
2021-03-26,3.08
2021-03-27,3.08
2021-03-28,3.08
2021-03-29,3.08
2021-03-30,3.08
2021-03-31,3.08
2021-04-01,3.06
2021-04-02,3.06
2021-04-03,3.06
2021-04-04,3.06
2021-04-05,3.06
2021-04-06,3.06
2021-04-07,3.06
2021-04-08,3.06
2021-04-09,3.06
2021-04-10,3.06
2021-04-11,3.06
2021-04-12,3.06
2021-04-13,3.06
2021-04-14,3.06
2021-04-15,3.06
2021-04-16,3.06
2021-04-17,3.06
2021-04-18,3.06
2021-04-19,3.06
2021-04-20,3.06
2021-04-21,3.06
2021-04-22,3.06
2021-04-23,3.06
2021-04-24,3.06
2021-04-25,3.06
2021-04-26,3.06
2021-04-27,3.06
2021-04-28,3.06
2021-04-29,3.06
2021-04-30,3.06
2021-05-01,2.96
2021-05-02,2.96
2021-05-03,2.96
2021-05-04,2.96
2021-05-05,2.96
2021-05-06,2.96
2021-05-07,2.96
2021-05-08,2.96
2021-05-09,2.96
2021-05-10,2.96
2021-05-11,2.96
2021-05-12,2.96
2021-05-13,2.96
2021-05-14,2.96
2021-05-15,2.96
2021-05-16,2.96
2021-05-17,2.96
2021-05-18,2.96
2021-05-19,2.96
2021-05-20,2.96
2021-05-21,2.96
2021-05-22,2.96
2021-05-23,2.96
2021-05-24,2.96
2021-05-25,2.96
2021-05-26,2.96
2021-05-27,2.96
2021-05-28,2.96
2021-05-29,2.96
2021-05-30,2.96
2021-05-31,2.96
2021-06-01,2.98
2021-06-02,2.98
2021-06-03,2.98
2021-06-04,2.98
2021-06-05,2.98
2021-06-06,2.98
2021-06-07,2.98
2021-06-08,2.98
2021-06-09,2.98
2021-06-10,2.98
2021-06-11,2.98
2021-06-12,2.98
2021-06-13,2.98
2021-06-14,2.98
2021-06-15,2.98
2021-06-16,2.98
2021-06-17,2.98
2021-06-18,2.98
2021-06-19,2.98
2021-06-20,2.98
2021-06-21,2.98
2021-06-22,2.98
2021-06-23,2.98
2021-06-24,2.98
2021-06-25,2.98
2021-06-26,2.98
2021-06-27,2.98
2021-06-28,2.98
2021-06-29,2.98
2021-06-30,2.98
2021-07-01,2.87
2021-07-02,2.87
2021-07-03,2.87
2021-07-04,2.87
2021-07-05,2.87
2021-07-06,2.87
2021-07-07,2.87
2021-07-08,2.87
2021-07-09,2.87
2021-07-10,2.87
2021-07-11,2.87
2021-07-12,2.87
2021-07-13,2.87
2021-07-14,2.87
2021-07-15,2.87
2021-07-16,2.87
2021-07-17,2.87
2021-07-18,2.87
2021-07-19,2.87
2021-07-20,2.87
2021-07-21,2.87
2021-07-22,2.87
2021-07-23,2.87
2021-07-24,2.87
2021-07-25,2.87
2021-07-26,2.87
2021-07-27,2.87
2021-07-28,2.87
2021-07-29,2.87
2021-07-30,2.87
2021-07-31,2.87
2021-08-01,2.84
2021-08-02,2.84
2021-08-03,2.84
2021-08-04,2.84
2021-08-05,2.84
2021-08-06,2.84
2021-08-07,2.84
2021-08-08,2.84
2021-08-09,2.84
2021-08-10,2.84
2021-08-11,2.84
2021-08-12,2.84
2021-08-13,2.84
2021-08-14,2.84
2021-08-15,2.84
2021-08-16,2.84
2021-08-17,2.84
2021-08-18,2.84
2021-08-19,2.84
2021-08-20,2.84
2021-08-21,2.84
2021-08-22,2.84
2021-08-23,2.84
2021-08-24,2.84
2021-08-25,2.84
2021-08-26,2.84
2021-08-27,2.84
2021-08-28,2.84
2021-08-29,2.84
2021-08-30,2.84
2021-08-31,2.84
2021-09-01,2.9
2021-09-02,2.9
2021-09-03,2.9
2021-09-04,2.9
2021-09-05,2.9
2021-09-06,2.9
2021-09-07,2.9
2021-09-08,2.9
2021-09-09,2.9
2021-09-10,2.9
2021-09-11,2.9
2021-09-12,2.9
2021-09-13,2.9
2021-09-14,2.9
2021-09-15,2.9
2021-09-16,2.9
2021-09-17,2.9
2021-09-18,2.9
2021-09-19,2.9
2021-09-20,2.9
2021-09-21,2.9
2021-09-22,2.9
2021-09-23,2.9
2021-09-24,2.9
2021-09-25,2.9
2021-09-26,2.9
2021-09-27,2.9
2021-09-28,2.9
2021-09-29,2.9
2021-09-30,2.9
2021-10-01,3.07
2021-10-02,3.07
2021-10-03,3.07
2021-10-04,3.07
2021-10-05,3.07
2021-10-06,3.07
2021-10-07,3.07
2021-10-08,3.07
2021-10-09,3.07
2021-10-10,3.07
2021-10-11,3.07
2021-10-12,3.07
2021-10-13,3.07
2021-10-14,3.07
2021-10-15,3.07
2021-10-16,3.07
2021-10-17,3.07
2021-10-18,3.07
2021-10-19,3.07
2021-10-20,3.07
2021-10-21,3.07
2021-10-22,3.07
2021-10-23,3.07
2021-10-24,3.07
2021-10-25,3.07
2021-10-26,3.07
2021-10-27,3.07
2021-10-28,3.07
2021-10-29,3.07
2021-10-30,3.07
2021-10-31,3.07
2021-11-01,3.07
2021-11-02,3.07
2021-11-03,3.07
2021-11-04,3.07
2021-11-05,3.07
2021-11-06,3.07
2021-11-07,3.07
2021-11-08,3.07
2021-11-09,3.07
2021-11-10,3.07
2021-11-11,3.07
2021-11-12,3.07
2021-11-13,3.07
2021-11-14,3.07
2021-11-15,3.07
2021-11-16,3.07
2021-11-17,3.07
2021-11-18,3.07
2021-11-19,3.07
2021-11-20,3.07
2021-11-21,3.07
2021-11-22,3.07
2021-11-23,3.07
2021-11-24,3.07
2021-11-25,3.07
2021-11-26,3.07
2021-11-27,3.07
2021-11-28,3.07
2021-11-29,3.07
2021-11-30,3.07
2021-12-01,3.1
2021-12-02,3.1
2021-12-03,3.1
2021-12-04,3.1
2021-12-05,3.1
2021-12-06,3.1
2021-12-07,3.1
2021-12-08,3.1
2021-12-09,3.1
2021-12-10,3.1
2021-12-11,3.1
2021-12-12,3.1
2021-12-13,3.1
2021-12-14,3.1
2021-12-15,3.1
2021-12-16,3.1
2021-12-17,3.1
2021-12-18,3.1
2021-12-19,3.1
2021-12-20,3.1
2021-12-21,3.1
2021-12-22,3.1
2021-12-23,3.1
2021-12-24,3.1
2021-12-25,3.1
2021-12-26,3.1
2021-12-27,3.1
2021-12-28,3.1
2021-12-29,3.1
2021-12-30,3.1
2021-12-31,3.1
2022-01-01,3.45
2022-01-02,3.45
2022-01-03,3.45
2022-01-04,3.45
2022-01-05,3.45
2022-01-06,3.45
2022-01-07,3.45
2022-01-08,3.45
2022-01-09,3.45
2022-01-10,3.45
2022-01-11,3.45
2022-01-12,3.45
2022-01-13,3.45
2022-01-14,3.45
2022-01-15,3.45
2022-01-16,3.45
2022-01-17,3.45
2022-01-18,3.45
2022-01-19,3.45
2022-01-20,3.45
2022-01-21,3.45
2022-01-22,3.45
2022-01-23,3.45
2022-01-24,3.45
2022-01-25,3.45
2022-01-26,3.45
2022-01-27,3.45
2022-01-28,3.45
2022-01-29,3.45
2022-01-30,3.45
2022-01-31,3.45
2022-02-01,3.76
2022-02-02,3.76
2022-02-03,3.76
2022-02-04,3.76
2022-02-05,3.76
2022-02-06,3.76
2022-02-07,3.76
2022-02-08,3.76
2022-02-09,3.76
2022-02-10,3.76
2022-02-11,3.76
2022-02-12,3.76
2022-02-13,3.76
2022-02-14,3.76
2022-02-15,3.76
2022-02-16,3.76
2022-02-17,3.76
2022-02-18,3.76
2022-02-19,3.76
2022-02-20,3.76
2022-02-21,3.76
2022-02-22,3.76
2022-02-23,3.76
2022-02-24,3.76
2022-02-25,3.76
2022-02-26,3.76
2022-02-27,3.76
2022-02-28,3.76
2022-03-01,4.67
2022-03-02,4.67
2022-03-03,4.67
2022-03-04,4.67
2022-03-05,4.67
2022-03-06,4.67
2022-03-07,4.67
2022-03-08,4.67
2022-03-09,4.67
2022-03-10,4.67
2022-03-11,4.67
2022-03-12,4.67
2022-03-13,4.67
2022-03-14,4.67
2022-03-15,4.67
2022-03-16,4.67
2022-03-17,4.67
2022-03-18,4.67
2022-03-19,4.67
2022-03-20,4.67
2022-03-21,4.67
2022-03-22,4.67
2022-03-23,4.67
2022-03-24,4.67
2022-03-25,4.67
2022-03-26,4.67
2022-03-27,4.67
2022-03-28,4.67
2022-03-29,4.67
2022-03-30,4.67
2022-03-31,4.67
2022-04-01,4.72
2022-04-02,4.72
2022-04-03,4.72
2022-04-04,4.72
2022-04-05,4.72
2022-04-06,4.72
2022-04-07,4.72
2022-04-08,4.72
2022-04-09,4.72
2022-04-10,4.72
2022-04-11,4.72
2022-04-12,4.72
2022-04-13,4.72
2022-04-14,4.72
2022-04-15,4.72
2022-04-16,4.72
2022-04-17,4.72
2022-04-18,4.72
2022-04-19,4.72
2022-04-20,4.72
2022-04-21,4.72
2022-04-22,4.72
2022-04-23,4.72
2022-04-24,4.72
2022-04-25,4.72
2022-04-26,4.72
2022-04-27,4.72
2022-04-28,4.72
2022-04-29,4.72
2022-04-30,4.72
2022-05-01,4.77
2022-05-02,4.77
2022-05-03,4.77
2022-05-04,4.77
2022-05-05,4.77
2022-05-06,4.77
2022-05-07,4.77
2022-05-08,4.77
2022-05-09,4.77
2022-05-10,4.77
2022-05-11,4.77
2022-05-12,4.77
2022-05-13,4.77
2022-05-14,4.77
2022-05-15,4.77
2022-05-16,4.77
2022-05-17,4.77
2022-05-18,4.77
2022-05-19,4.77
2022-05-20,4.77
2022-05-21,4.77
2022-05-22,4.77
2022-05-23,4.77
2022-05-24,4.77
2022-05-25,4.77
2022-05-26,4.77
2022-05-27,4.77
2022-05-28,4.77
2022-05-29,4.77
2022-05-30,4.77
2022-05-31,4.77
2022-06-01,5.06
2022-06-02,5.06
2022-06-03,5.06
2022-06-04,5.06
2022-06-05,5.06
2022-06-06,5.06
2022-06-07,5.06
2022-06-08,5.06
2022-06-09,5.06
2022-06-10,5.06
2022-06-11,5.06
2022-06-12,5.06
2022-06-13,5.06
2022-06-14,5.06
2022-06-15,5.06
2022-06-16,5.06
2022-06-17,5.06
2022-06-18,5.06
2022-06-19,5.06
2022-06-20,5.06
2022-06-21,5.06
2022-06-22,5.06
2022-06-23,5.06
2022-06-24,5.06
2022-06-25,5.06
2022-06-26,5.06
2022-06-27,5.06
2022-06-28,5.06
2022-06-29,5.06
2022-06-30,5.06
2022-07-01,5.28
2022-07-02,5.28
2022-07-03,5.28
2022-07-04,5.28
2022-07-05,5.28
2022-07-06,5.28
2022-07-07,5.28
2022-07-08,5.28
2022-07-09,5.28
2022-07-10,5.28
2022-07-11,5.28
2022-07-12,5.28
2022-07-13,5.28
2022-07-14,5.28
2022-07-15,5.28
2022-07-16,5.28
2022-07-17,5.28
2022-07-18,5.28
2022-07-19,5.28
2022-07-20,5.28
2022-07-21,5.28
2022-07-22,5.28
2022-07-23,5.28
2022-07-24,5.28
2022-07-25,5.28
2022-07-26,5.28
2022-07-27,5.28
2022-07-28,5.28
2022-07-29,5.28
2022-07-30,5.28
2022-07-31,5.28
2022-08-01,5.6
2022-08-02,5.6
2022-08-03,5.6
2022-08-04,5.6
2022-08-05,5.6
2022-08-06,5.6
2022-08-07,5.6
2022-08-08,5.6
2022-08-09,5.6
2022-08-10,5.6
2022-08-11,5.6
2022-08-12,5.6
2022-08-13,5.6
2022-08-14,5.6
2022-08-15,5.6
2022-08-16,5.6
2022-08-17,5.6
2022-08-18,5.6
2022-08-19,5.6
2022-08-20,5.6
2022-08-21,5.6
2022-08-22,5.6
2022-08-23,5.6
2022-08-24,5.6
2022-08-25,5.6
2022-08-26,5.6
2022-08-27,5.6
2022-08-28,5.6
2022-08-29,5.6
2022-08-30,5.6
2022-08-31,5.6
2022-09-01,5.94
2022-09-02,5.94
2022-09-03,5.94
2022-09-04,5.94
2022-09-05,5.94
2022-09-06,5.94
2022-09-07,5.94
2022-09-08,5.94
2022-09-09,5.94
2022-09-10,5.94
2022-09-11,5.94
2022-09-12,5.94
2022-09-13,5.94
2022-09-14,5.94
2022-09-15,5.94
2022-09-16,5.94
2022-09-17,5.94
2022-09-18,5.94
2022-09-19,5.94
2022-09-20,5.94
2022-09-21,5.94
2022-09-22,5.94
2022-09-23,5.94
2022-09-24,5.94
2022-09-25,5.94
2022-09-26,5.94
2022-09-27,5.94
2022-09-28,5.94
2022-09-29,5.94
2022-09-30,5.94
2022-10-01,5.98
2022-10-02,5.98
2022-10-03,5.98
2022-10-04,5.98
2022-10-05,5.98
2022-10-06,5.98
2022-10-07,5.98
2022-10-08,5.98
2022-10-09,5.98
2022-10-10,5.98
2022-10-11,5.98
2022-10-12,5.98
2022-10-13,5.98
2022-10-14,5.98
2022-10-15,5.98
2022-10-16,5.98
2022-10-17,5.98
2022-10-18,5.98
2022-10-19,5.98
2022-10-20,5.98
2022-10-21,5.98
2022-10-22,5.98
2022-10-23,5.98
2022-10-24,5.98
2022-10-25,5.98
2022-10-26,5.98
2022-10-27,5.98
2022-10-28,5.98
2022-10-29,5.98
2022-10-30,5.98
2022-10-31,5.98
2022-11-01,6.0
2022-11-02,6.0
2022-11-03,6.0
2022-11-04,6.0
2022-11-05,6.0
2022-11-06,6.0
2022-11-07,6.0
2022-11-08,6.0
2022-11-09,6.0
2022-11-10,6.0
2022-11-11,6.0
2022-11-12,6.0
2022-11-13,6.0
2022-11-14,6.0
2022-11-15,6.0
2022-11-16,6.0
2022-11-17,6.0
2022-11-18,6.0
2022-11-19,6.0
2022-11-20,6.0
2022-11-21,6.0
2022-11-22,6.0
2022-11-23,6.0
2022-11-24,6.0
2022-11-25,6.0
2022-11-26,6.0
2022-11-27,6.0
2022-11-28,6.0
2022-11-29,6.0
2022-11-30,6.0
2022-12-01,6.36
2022-12-02,6.36
2022-12-03,6.36
2022-12-04,6.36
2022-12-05,6.36
2022-12-06,6.36
2022-12-07,6.36
2022-12-08,6.36
2022-12-09,6.36
2022-12-10,6.36
2022-12-11,6.36
2022-12-12,6.36
2022-12-13,6.36
2022-12-14,6.36
2022-12-15,6.36
2022-12-16,6.36
2022-12-17,6.36
2022-12-18,6.36
2022-12-19,6.36
2022-12-20,6.36
2022-12-21,6.36
2022-12-22,6.36
2022-12-23,6.36
2022-12-24,6.36
2022-12-25,6.36
2022-12-26,6.36
2022-12-27,6.36
2022-12-28,6.36
2022-12-29,6.36
2022-12-30,6.36
2022-12-31,6.36
2023-01-01,6.38
2023-01-02,6.38
2023-01-03,6.38
2023-01-04,6.38
2023-01-05,6.38
2023-01-06,6.38
2023-01-07,6.38
2023-01-08,6.38
2023-01-09,6.38
2023-01-10,6.38
2023-01-11,6.38
2023-01-12,6.38
2023-01-13,6.38
2023-01-14,6.38
2023-01-15,6.38
2023-01-16,6.38
2023-01-17,6.38
2023-01-18,6.38
2023-01-19,6.38
2023-01-20,6.38
2023-01-21,6.38
2023-01-22,6.38
2023-01-23,6.38
2023-01-24,6.38
2023-01-25,6.38
2023-01-26,6.38
2023-01-27,6.38
2023-01-28,6.38
2023-01-29,6.38
2023-01-30,6.38
2023-01-31,6.38
2023-02-01,6.54
2023-02-02,6.54
2023-02-03,6.54
2023-02-04,6.54
2023-02-05,6.54
2023-02-06,6.54
2023-02-07,6.54
2023-02-08,6.54
2023-02-09,6.54
2023-02-10,6.54
2023-02-11,6.54
2023-02-12,6.54
2023-02-13,6.54
2023-02-14,6.54
2023-02-15,6.54
2023-02-16,6.54
2023-02-17,6.54
2023-02-18,6.54
2023-02-19,6.54
2023-02-20,6.54
2023-02-21,6.54
2023-02-22,6.54
2023-02-23,6.54
2023-02-24,6.54
2023-02-25,6.54
2023-02-26,6.54
2023-02-27,6.54
2023-02-28,6.54
2023-03-01,6.67
2023-03-02,6.67
2023-03-03,6.67
2023-03-04,6.67
2023-03-05,6.67
2023-03-06,6.67
2023-03-07,6.67
2023-03-08,6.67
2023-03-09,6.67
2023-03-10,6.67
2023-03-11,6.67
2023-03-12,6.67
2023-03-13,6.67
2023-03-14,6.67
2023-03-15,6.67
2023-03-16,6.67
2023-03-17,6.67
2023-03-18,6.67
2023-03-19,6.67
2023-03-20,6.67
2023-03-21,6.67
2023-03-22,6.67
2023-03-23,6.67
2023-03-24,6.67
2023-03-25,6.67
2023-03-26,6.67
2023-03-27,6.67
2023-03-28,6.67
2023-03-29,6.67
2023-03-30,6.67
2023-03-31,6.67
