Date,Close
2012-01-03,56.900002
2012-01-04,57.139998999999996
2012-01-05,57.610001000000004
2012-01-06,57.810001
2012-01-09,57.619999
2012-01-10,58.040001000000004
2012-01-11,58.16
2012-01-12,58.389998999999996
2012-01-13,58.18
2012-01-17,58.709998999999996
2012-01-18,59.490002000000004
2012-01-19,59.860001000000004
2012-01-20,59.77
2012-01-23,59.790001000000004
2012-01-24,59.68
2012-01-25,60.43
2012-01-26,60.220001
2012-01-27,60.400002
2012-01-30,60.450001
2012-01-31,60.529999
2012-02-01,61.02
2012-02-02,61.209998999999996
2012-02-03,62.049999
2012-02-06,62.0
2012-02-07,62.130001
2012-02-08,62.459998999999996
2012-02-09,62.91
2012-02-10,62.470001
2012-02-13,63.049999
2012-02-14,63.209998999999996
2012-02-15,62.77
2012-02-16,63.630001
2012-02-17,63.43
2012-02-21,63.610001000000004
2012-02-22,63.32
2012-02-23,63.740002000000004
2012-02-24,63.959998999999996
2012-02-27,64.050003
2012-02-28,64.699997
2012-02-29,64.410004
2012-03-01,64.91999799999999
2012-03-02,64.870003
2012-03-05,64.199997
2012-03-06,63.57
2012-03-07,64.059998
2012-03-08,64.75
2012-03-09,65.019997
2012-03-12,65.050003
2012-03-13,66.260002
2012-03-14,66.489998
2012-03-15,66.68
2012-03-16,66.519997
2012-03-19,66.989998
2012-03-20,67.110001
2012-03-21,67.120003
2012-03-22,66.980003
2012-03-23,66.940002
2012-03-26,68.110001
2012-03-27,68.209999
2012-03-28,67.940002
2012-03-29,67.68
2012-03-30,67.550003
2012-04-02,68.25
2012-04-03,68.230003
2012-04-04,67.300003
2012-04-05,67.720001
2012-04-09,67.209999
2012-04-10,66.129997
2012-04-11,66.449997
2012-04-12,67.209999
2012-04-13,66.190002
2012-04-16,65.449997
2012-04-17,66.779999
2012-04-18,66.610001
2012-04-19,65.860001
2012-04-20,65.68
2012-04-23,65.08000200000001
2012-04-24,64.730003
2012-04-25,66.449997
2012-04-26,66.839996
2012-04-27,67.239998
2012-04-30,66.760002
2012-05-01,66.870003
2012-05-02,67.059998
2012-05-03,66.349998
2012-05-04,64.699997
2012-05-07,64.760002
2012-05-08,64.519997
2012-05-09,64.32
2012-05-10,64.190002
2012-05-11,64.18
2012-05-14,63.580002
2012-05-15,63.369999
2012-05-16,62.939999
2012-05-17,61.610001000000004
2012-05-18,60.810001
2012-05-21,62.509997999999996
2012-05-22,62.439999
2012-05-23,62.560001
2012-05-24,62.150002
2012-05-25,62.07
2012-05-29,62.860001000000004
2012-05-30,62.330002
2012-05-31,62.060001
2012-06-01,60.41
2012-06-04,60.869999
2012-06-05,61.119999
2012-06-06,62.52
2012-06-07,62.27
2012-06-08,62.869999
2012-06-11,61.810001
2012-06-12,62.560001
2012-06-13,62.130001
2012-06-14,62.360001000000004
2012-06-15,62.990002000000004
2012-06-18,63.580002
2012-06-19,64.239998
2012-06-20,64.290001
2012-06-21,62.689999
2012-06-22,63.349998
2012-06-25,62.130001
2012-06-26,62.52
2012-06-27,62.900002
2012-06-28,62.200001
2012-06-29,64.160004
2012-07-02,64.349998
2012-07-03,64.889999
2012-07-05,64.93
2012-07-06,64.120003
2012-07-09,64.0
2012-07-10,63.369999
2012-07-11,63.02
2012-07-12,62.43
2012-07-13,63.380001
2012-07-16,63.200001
2012-07-17,63.529999
2012-07-18,64.389999
2012-07-19,65.099998
2012-07-20,64.239998
2012-07-23,63.459998999999996
2012-07-24,62.959998999999996
2012-07-25,62.540001000000004
2012-07-26,63.369999
2012-07-27,64.870003
2012-07-30,64.82
2012-07-31,64.800003
2012-08-01,64.610001
2012-08-02,64.379997
2012-08-03,65.599998
2012-08-06,66.099998
2012-08-07,66.650002
2012-08-08,66.620003
2012-08-09,66.82
2012-08-10,66.860001
2012-08-13,67.019997
2012-08-14,67.050003
2012-08-15,67.220001
2012-08-16,68.019997
2012-08-17,68.32
2012-08-20,68.41999799999999
2012-08-21,68.150002
2012-08-22,68.43
2012-08-23,67.870003
2012-08-24,68.290001
2012-08-27,68.400002
2012-08-28,68.400002
2012-08-29,68.400002
2012-08-30,67.709999
2012-08-31,68.160004
2012-09-04,68.089996
2012-09-05,68.019997
2012-09-06,69.529999
2012-09-07,69.43
2012-09-10,68.540001
2012-09-11,68.43
2012-09-12,68.629997
2012-09-13,69.559998
2012-09-14,70.18
2012-09-17,70.209999
2012-09-18,70.269997
2012-09-19,70.400002
2012-09-20,70.33000200000001
2012-09-21,70.150002
2012-09-24,69.739998
2012-09-25,68.760002
2012-09-26,68.199997
2012-09-27,69.139999
2012-09-28,68.57
2012-10-01,68.470001
2012-10-02,68.66999799999999
2012-10-03,69.110001
2012-10-04,69.349998
2012-10-05,68.980003
2012-10-08,68.349998
2012-10-09,67.260002
2012-10-10,66.91999799999999
2012-10-11,66.709999
2012-10-12,66.68
2012-10-15,67.16999799999999
2012-10-16,68.120003
2012-10-17,68.08000200000001
2012-10-18,67.290001
2012-10-19,65.68
2012-10-22,66.019997
2012-10-23,65.389999
2012-10-24,65.160004
2012-10-25,65.160004
2012-10-26,65.349998
2012-10-31,64.949997
2012-11-01,65.870003
2012-11-02,65.16999799999999
2012-11-05,65.599998
2012-11-06,65.720001
2012-11-07,64.16999799999999
2012-11-08,63.16
2012-11-09,63.43
2012-11-12,63.419998
2012-11-13,62.98
2012-11-14,62.240002000000004
2012-11-15,62.029999
2012-11-16,62.299999
2012-11-19,63.779999
2012-11-20,63.799999
2012-11-21,63.93
2012-11-23,64.900002
2012-11-26,65.18
2012-11-27,64.959999
2012-11-28,65.519997
2012-11-29,65.910004
2012-11-30,65.800003
2012-12-03,65.66999799999999
2012-12-04,65.629997
2012-12-05,64.900002
2012-12-06,65.32
2012-12-07,64.93
2012-12-10,65.120003
2012-12-11,65.970001
2012-12-12,65.83000200000001
2012-12-13,65.309998
2012-12-14,64.690002
2012-12-17,65.550003
2012-12-18,66.550003
2012-12-19,66.260002
2012-12-20,66.260002
2012-12-21,65.199997
2012-12-24,65.07
2012-12-26,64.5
2012-12-27,64.400002
2012-12-28,63.779999
2012-12-31,65.129997
2013-01-02,67.199997
2013-01-03,66.849998
2013-01-04,66.629997
2013-01-07,66.650002
2013-01-08,66.519997
2013-01-09,66.769997
2013-01-10,67.16999799999999
2013-01-11,67.260002
2013-01-14,66.959999
2013-01-15,66.629997
2013-01-16,66.900002
2013-01-17,67.220001
2013-01-18,67.07
2013-01-22,67.18
2013-01-23,67.589996
2013-01-24,66.660004
2013-01-25,67.0
2013-01-28,67.150002
2013-01-29,67.160004
2013-01-30,67.019997
2013-01-31,66.870003
2013-02-01,67.660004
2013-02-04,66.480003
2013-02-05,67.459999
2013-02-06,67.239998
2013-02-07,67.300003
2013-02-08,67.989998
2013-02-11,68.010002
2013-02-12,67.730003
2013-02-13,67.970001
2013-02-14,67.949997
2013-02-15,67.75
2013-02-19,68.239998
2013-02-20,67.190002
2013-02-21,66.470001
2013-02-22,67.139999
2013-02-25,66.309998
2013-02-26,66.559998
2013-02-27,67.239998
2013-02-28,67.099998
2013-03-01,67.379997
2013-03-04,67.68
2013-03-05,68.68
2013-03-06,68.510002
2013-03-07,68.690002
2013-03-08,68.769997
2013-03-11,68.970001
2013-03-12,68.720001
2013-03-13,68.629997
2013-03-14,68.860001
2013-03-15,68.510002
2013-03-18,68.360001
2013-03-19,68.230003
2013-03-20,68.709999
2013-03-21,67.93
2013-03-22,68.589996
2013-03-25,68.339996
2013-03-26,68.709999
2013-03-27,68.800003
2013-03-28,68.970001
2013-04-01,68.5
2013-04-02,69.040001
2013-04-03,68.410004
2013-04-04,68.43
2013-04-05,67.860001
2013-04-08,68.220001
2013-04-09,68.68
2013-04-10,70.019997
2013-04-11,69.989998
2013-04-12,69.940002
2013-04-15,68.559998
2013-04-16,69.470001
2013-04-17,68.110001
2013-04-18,67.16999799999999
2013-04-19,68.089996
2013-04-22,68.790001
2013-04-23,69.449997
2013-04-24,69.41999799999999
2013-04-25,69.790001
2013-04-26,69.57
2013-04-29,70.209999
2013-04-30,70.720001
2013-05-01,70.389999
2013-05-02,71.279999
2013-05-03,72.120003
2013-05-06,72.400002
2013-05-07,72.360001
2013-05-08,72.709999
2013-05-09,72.610001
2013-05-10,73.050003
2013-05-13,73.139999
2013-05-14,73.519997
2013-05-15,73.66999799999999
2013-05-16,73.589996
2013-05-17,74.300003
2013-05-20,74.190002
2013-05-21,74.269997
2013-05-22,73.620003
2013-05-23,73.449997
2013-05-24,73.410004
2013-05-28,73.889999
2013-05-29,73.540001
2013-05-30,73.93
2013-05-31,73.25
2013-06-03,73.379997
2013-06-04,73.0
2013-06-05,72.050003
2013-06-06,72.400002
2013-06-07,73.389999
2013-06-10,73.41999799999999
2013-06-11,72.690002
2013-06-12,71.849998
2013-06-13,72.760002
2013-06-14,72.279999
2013-06-17,72.980003
2013-06-18,73.58000200000001
2013-06-19,72.760002
2013-06-20,71.029999
2013-06-21,70.43
2013-06-24,69.730003
2013-06-25,70.239998
2013-06-26,70.870003
2013-06-27,71.16999799999999
2013-06-28,71.269997
2013-07-01,71.709999
2013-07-02,71.739998
2013-07-03,72.029999
2013-07-05,72.58000200000001
2013-07-08,72.650002
2013-07-09,73.089996
2013-07-10,73.510002
2013-07-11,74.970001
2013-07-12,75.300003
2013-07-15,75.470001
2013-07-16,75.370003
2013-07-17,75.559998
2013-07-18,75.370003
2013-07-19,74.589996
2013-07-22,74.809998
2013-07-23,74.260002
2013-07-24,74.5
2013-07-25,74.970001
2013-07-26,75.370003
2013-07-29,75.230003
2013-07-30,75.629997
2013-07-31,75.769997
2013-08-01,76.540001
2013-08-02,76.970001
2013-08-05,77.019997
2013-08-06,76.559998
2013-08-07,76.41999799999999
2013-08-08,76.800003
2013-08-09,76.489998
2013-08-12,76.66999799999999
2013-08-13,77.099998
2013-08-14,76.809998
2013-08-15,75.510002
2013-08-16,75.480003
2013-08-19,75.349998
2013-08-20,75.68
2013-08-21,75.41999799999999
2013-08-22,76.160004
2013-08-23,76.66999799999999
2013-08-26,76.709999
2013-08-27,75.139999
2013-08-28,75.43
2013-08-29,75.959999
2013-08-30,75.470001
2013-09-03,75.900002
2013-09-04,76.709999
2013-09-05,76.839996
2013-09-06,76.93
2013-09-09,77.83000200000001
2013-09-10,78.209999
2013-09-11,78.059998
2013-09-12,78.010002
2013-09-13,78.059998
2013-09-16,77.849998
2013-09-17,78.370003
2013-09-18,79.309998
2013-09-19,79.5
2013-09-20,78.989998
2013-09-23,78.83000200000001
2013-09-24,78.83000200000001
2013-09-25,78.559998
2013-09-26,79.16999799999999
2013-09-27,79.07
2013-09-30,78.879997
2013-10-01,79.68
2013-10-02,79.650002
2013-10-03,78.720001
2013-10-04,79.400002
2013-10-07,78.739998
2013-10-08,77.220001
2013-10-09,76.980003
2013-10-10,78.610001
2013-10-11,79.230003
2013-10-14,79.790001
2013-10-15,79.480003
2013-10-16,80.379997
2013-10-17,80.839996
2013-10-18,82.150002
2013-10-21,82.33000200000001
2013-10-22,82.449997
2013-10-23,81.949997
2013-10-24,82.309998
2013-10-25,82.900002
2013-10-28,82.91999799999999
2013-10-29,83.059998
2013-10-30,82.980003
2013-10-31,82.790001
2013-11-01,82.809998
2013-11-04,82.93
2013-11-05,83.019997
2013-11-06,83.0
2013-11-07,81.440002
2013-11-08,82.540001
2013-11-11,82.410004
2013-11-12,82.540001
2013-11-13,83.540001
2013-11-14,83.800003
2013-11-15,83.959999
2013-11-18,83.139999
2013-11-19,82.900002
2013-11-20,82.699997
2013-11-21,83.540001
2013-11-22,83.989998
2013-11-25,84.190002
2013-11-26,84.629997
2013-11-27,85.220001
2013-11-29,85.730003
2013-12-02,85.480003
2013-12-03,85.410004
2013-12-04,85.489998
2013-12-05,85.379997
2013-12-06,86.0
2013-12-09,86.349998
2013-12-10,86.290001
2013-12-11,85.18
2013-12-12,84.959999
2013-12-13,84.849998
2013-12-16,85.32
2013-12-17,85.150002
2013-12-18,86.139999
2013-12-19,85.900002
2013-12-20,86.5
2013-12-23,87.410004
2013-12-24,87.449997
2013-12-26,87.739998
2013-12-27,87.519997
2013-12-30,87.389999
2013-12-31,87.959999
2014-01-02,87.269997
2014-01-03,86.639999
2014-01-06,86.32
2014-01-07,87.120003
2014-01-08,87.309998
2014-01-09,87.019997
2014-01-10,87.300003
2014-01-13,86.010002
2014-01-14,87.650002
2014-01-15,88.370003
2014-01-16,88.379997
2014-01-17,87.879997
2014-01-21,88.550003
2014-01-22,88.779999
2014-01-23,88.480003
2014-01-24,86.739998
2014-01-27,85.900002
2014-01-28,85.849998
2014-01-29,84.93
2014-01-30,86.5
2014-01-31,86.269997
2014-02-03,84.290001
2014-02-04,84.910004
2014-02-05,84.690002
2014-02-06,85.769997
2014-02-07,87.300003
2014-02-10,87.800003
2014-02-11,88.800003
2014-02-12,88.970001
2014-02-13,89.629997
2014-02-14,89.809998
2014-02-18,90.25
2014-02-19,89.629997
2014-02-20,90.050003
2014-02-21,89.93
2014-02-24,90.410004
2014-02-25,90.309998
2014-02-26,90.230003
2014-02-27,90.440002
2014-02-28,90.339996
2014-03-03,89.66999799999999
2014-03-04,90.809998
2014-03-05,91.059998
2014-03-06,90.980003
2014-03-07,90.529999
2014-03-10,90.610001
2014-03-11,90.220001
2014-03-12,90.559998
2014-03-13,89.279999
2014-03-14,88.66999799999999
2014-03-17,89.449997
2014-03-18,90.529999
2014-03-19,90.040001
2014-03-20,90.290001
2014-03-21,89.0
2014-03-24,88.220001
2014-03-25,88.510002
2014-03-26,87.370003
2014-03-27,86.879997
2014-03-28,87.050003
2014-03-31,87.66999799999999
2014-04-01,89.209999
2014-04-02,89.440002
2014-04-03,88.730003
2014-04-04,86.370003
2014-04-07,85.550003
2014-04-08,86.339996
2014-04-09,87.82
2014-04-10,85.099998
2014-04-11,84.110001
2014-04-14,84.769997
2014-04-15,85.050003
2014-04-16,86.18
2014-04-17,86.199997
2014-04-21,86.839996
2014-04-22,87.529999
2014-04-23,86.760002
2014-04-24,87.589996
2014-04-25,86.190002
2014-04-28,86.470001
2014-04-29,87.160004
2014-04-30,87.389999
2014-05-01,87.650002
2014-05-02,87.489998
2014-05-05,87.949997
2014-05-06,86.809998
2014-05-07,86.559998
2014-05-08,86.480003
2014-05-09,86.800003
2014-05-12,88.230003
2014-05-13,88.290001
2014-05-14,87.83000200000001
2014-05-15,87.139999
2014-05-16,87.709999
2014-05-19,88.32
2014-05-20,88.0
2014-05-21,88.839996
2014-05-22,89.230003
2014-05-23,89.879997
2014-05-27,91.0
2014-05-28,90.720001
2014-05-29,91.300003
2014-05-30,91.309998
2014-06-02,91.220001
2014-06-03,91.18
2014-06-04,91.519997
2014-06-05,92.290001
2014-06-06,92.82
2014-06-09,92.75
2014-06-10,92.910004
2014-06-11,92.889999
2014-06-12,92.050003
2014-06-13,92.32
2014-06-16,92.400002
2014-06-17,92.449997
2014-06-18,92.970001
2014-06-19,92.910004
2014-06-20,92.769997
2014-06-23,92.790001
2014-06-24,92.699997
2014-06-25,93.290001
2014-06-26,93.339996
2014-06-27,93.75
2014-06-30,93.910004
2014-07-01,94.940002
2014-07-02,95.099998
2014-07-03,95.699997
2014-07-07,95.410004
2014-07-08,94.260002
2014-07-09,94.959999
2014-07-10,94.660004
2014-07-11,95.269997
2014-07-14,95.839996
2014-07-15,95.510002
2014-07-16,95.889999
2014-07-17,94.620003
2014-07-18,96.120003
2014-07-21,96.0
2014-07-22,96.610001
2014-07-23,97.230003
2014-07-24,97.120003
2014-07-25,96.739998
2014-07-28,96.769997
2014-07-29,96.599998
2014-07-30,96.980003
2014-07-31,95.019997
2014-08-01,94.66999799999999
2014-08-04,95.32
2014-08-05,94.589996
2014-08-06,94.519997
2014-08-07,94.220001
2014-08-08,94.900002
2014-08-11,95.459999
2014-08-12,95.41999799999999
2014-08-13,96.43
2014-08-14,96.93
2014-08-15,97.400002
2014-08-18,98.150002
2014-08-19,98.699997
2014-08-20,98.699997
2014-08-21,98.900002
2014-08-22,99.050003
2014-08-25,99.400002
2014-08-26,99.5
2014-08-27,99.519997
2014-08-28,99.410004
2014-08-29,99.779999
2014-09-02,100.07
2014-09-03,99.480003
2014-09-04,99.389999
2014-09-05,99.889999
2014-09-08,100.08000200000001
2014-09-09,99.25
2014-09-10,100.07
2014-09-11,99.989998
2014-09-12,99.480003
2014-09-15,98.519997
2014-09-16,99.379997
2014-09-17,99.529999
2014-09-18,100.279999
2014-09-19,99.980003
2014-09-22,99.050003
2014-09-23,98.779999
2014-09-24,99.839996
2014-09-25,97.739998
2014-09-26,98.779999
2014-09-29,98.650002
2014-09-30,98.790001
2014-10-01,97.209999
2014-10-02,97.209999
2014-10-03,98.16999799999999
2014-10-06,97.959999
2014-10-07,96.57
2014-10-08,98.449997
2014-10-09,96.860001
2014-10-10,94.440002
2014-10-13,92.959999
2014-10-14,92.970001
2014-10-15,92.370003
2014-10-16,91.790001
2014-10-17,93.0
2014-10-20,94.389999
2014-10-21,96.870003
2014-10-22,96.370003
2014-10-23,97.82
2014-10-24,98.620003
2014-10-27,98.690002
2014-10-28,100.18
2014-10-29,99.809998
2014-10-30,100.019997
2014-10-31,101.400002
2014-11-03,101.699997
2014-11-04,101.360001
2014-11-05,101.370003
2014-11-06,101.690002
2014-11-07,101.599998
2014-11-10,101.959999
2014-11-11,102.279999
2014-11-12,102.459999
2014-11-13,102.900002
2014-11-14,103.220001
2014-11-17,102.910004
2014-11-18,103.68
2014-11-19,103.209999
2014-11-20,103.66999799999999
2014-11-21,103.870003
2014-11-24,104.68
2014-11-25,104.839996
2014-11-26,105.519997
2014-11-28,106.010002
2014-12-01,104.809998
2014-12-02,105.230003
2014-12-03,105.41999799999999
2014-12-04,105.370003
2014-12-05,105.379997
2014-12-08,104.629997
2014-12-09,104.959999
2014-12-10,103.309998
2014-12-11,103.800003
2014-12-12,102.66999799999999
2014-12-15,101.610001
2014-12-16,99.980003
2014-12-17,101.800003
2014-12-18,104.25
2014-12-19,104.32
2014-12-22,104.58000200000001
2014-12-23,104.209999
2014-12-24,104.300003
2014-12-26,105.040001
2014-12-29,105.019997
2014-12-30,104.32
2014-12-31,103.25
2015-01-02,102.940002
2015-01-05,101.43
2015-01-06,100.07
2015-01-07,101.360001
2015-01-08,103.300003
2015-01-09,102.620003
2015-01-12,101.550003
2015-01-13,101.519997
2015-01-14,100.959999
2015-01-15,99.650002
2015-01-16,100.82
2015-01-20,101.620003
2015-01-21,102.139999
2015-01-22,104.029999
2015-01-23,104.260002
2015-01-26,104.139999
2015-01-27,101.440002
2015-01-28,100.91999799999999
2015-01-29,101.889999
2015-01-30,101.099998
2015-02-02,101.980003
2015-02-03,102.959999
2015-02-04,102.870003
2015-02-05,103.760002
2015-02-06,103.129997
2015-02-09,102.800003
2015-02-10,104.400002
2015-02-11,104.779999
2015-02-12,106.0
2015-02-13,106.910004
2015-02-17,107.010002
2015-02-18,107.160004
2015-02-19,107.690002
2015-02-20,108.410004
2015-02-23,108.519997
2015-02-24,108.599998
2015-02-25,108.33000200000001
2015-02-26,108.879997
2015-02-27,108.400002
2015-03-02,109.379997
2015-03-03,108.870003
2015-03-04,108.449997
2015-03-05,108.639999
2015-03-06,107.410004
2015-03-09,107.720001
2015-03-10,105.720001
2015-03-11,105.110001
2015-03-12,105.800003
2015-03-13,105.339996
2015-03-16,106.699997
2015-03-17,106.870003
2015-03-18,107.91999799999999
2015-03-19,108.08000200000001
2015-03-20,108.529999
2015-03-23,108.32
2015-03-24,107.93
2015-03-25,105.459999
2015-03-26,105.099998
2015-03-27,105.519997
2015-03-30,106.730003
2015-03-31,105.599998
2015-04-01,105.050003
2015-04-02,105.120003
2015-04-06,105.980003
2015-04-07,105.800003
2015-04-08,106.639999
2015-04-09,107.309998
2015-04-10,107.75
2015-04-13,107.480003
2015-04-14,107.16999799999999
2015-04-15,107.839996
2015-04-16,107.690002
2015-04-17,106.010002
2015-04-20,107.599998
2015-04-21,108.059998
2015-04-22,108.650002
2015-04-23,109.059998
2015-04-24,110.540001
2015-04-27,110.260002
2015-04-28,110.040001
2015-04-29,109.349998
2015-04-30,107.629997
2015-05-01,109.050003
2015-05-04,109.230003
2015-05-05,107.449997
2015-05-06,106.709999
2015-05-07,107.349998
2015-05-08,108.690002
2015-05-11,108.269997
2015-05-12,107.779999
2015-05-13,108.0
2015-05-14,109.58000200000001
2015-05-15,109.58000200000001
2015-05-18,110.059998
2015-05-19,109.940002
2015-05-20,110.010002
2015-05-21,110.58000200000001
2015-05-22,110.470001
2015-05-26,109.199997
2015-05-27,110.959999
2015-05-28,110.709999
2015-05-29,110.050003
2015-06-01,110.41999799999999
2015-06-02,110.07
2015-06-03,110.400002
2015-06-04,109.559998
2015-06-05,109.300003
2015-06-08,108.190002
2015-06-09,108.010002
2015-06-10,109.489998
2015-06-11,109.650002
2015-06-12,108.75
2015-06-15,108.209999
2015-06-16,108.800003
2015-06-17,109.099998
2015-06-18,110.690002
2015-06-19,109.889999
2015-06-22,110.699997
2015-06-23,110.790001
2015-06-24,110.220001
2015-06-25,110.0
2015-06-26,109.269997
2015-06-29,106.690002
2015-06-30,107.07
2015-07-01,107.91999799999999
2015-07-02,107.949997
2015-07-06,107.699997
2015-07-07,107.970001
2015-07-08,106.089996
2015-07-09,106.029999
2015-07-10,107.650002
2015-07-13,109.540001
2015-07-14,110.260002
2015-07-15,110.379997
2015-07-16,111.940002
2015-07-17,113.589996
2015-07-20,113.980003
2015-07-21,113.910004
2015-07-22,112.620003
2015-07-23,112.199997
2015-07-24,111.099998
2015-07-27,110.18
2015-07-28,111.129997
2015-07-29,111.550003
2015-07-30,112.08000200000001
2015-07-31,111.949997
2015-08-03,111.599998
2015-08-04,111.389999
2015-08-05,112.25
2015-08-06,110.449997
2015-08-07,110.309998
2015-08-10,111.57
2015-08-11,110.139999
2015-08-12,110.519997
2015-08-13,110.339996
2015-08-14,110.510002
2015-08-17,111.43
2015-08-18,110.860001
2015-08-19,110.129997
2015-08-20,107.08000200000001
2015-08-21,102.400002
2015-08-24,98.459999
2015-08-25,98.089996
2015-08-26,103.029999
2015-08-27,105.639999
2015-08-28,105.620003
2015-08-31,104.309998
2015-09-01,101.050003
2015-09-02,103.900002
2015-09-03,103.389999
2015-09-04,102.160004
2015-09-08,105.040001
2015-09-09,103.860001
2015-09-10,104.989998
2015-09-11,105.57
2015-09-14,105.25
2015-09-15,106.489998
2015-09-16,107.089996
2015-09-17,107.129997
2015-09-18,105.349998
2015-09-21,105.68
2015-09-22,104.099998
2015-09-23,104.18
2015-09-24,103.800003
2015-09-25,102.91999799999999
2015-09-28,99.989998
2015-09-29,99.470001
2015-09-30,101.760002
2015-10-01,102.220001
2015-10-02,104.010002
2015-10-05,105.5
2015-10-06,105.0
2015-10-07,105.629997
2015-10-08,106.050003
2015-10-09,106.529999
2015-10-12,106.790001
2015-10-13,106.099998
2015-10-14,105.93
2015-10-15,107.66999799999999
2015-10-16,108.120003
2015-10-19,108.739998
2015-10-20,108.18
2015-10-21,107.519997
2015-10-22,109.709999
2015-10-23,112.779999
2015-10-26,112.849998
2015-10-27,113.08000200000001
2015-10-28,114.019997
2015-10-29,113.839996
2015-10-30,113.33000200000001
2015-11-02,114.610001
2015-11-03,115.010002
2015-11-04,115.019997
2015-11-05,114.709999
2015-11-06,114.790001
2015-11-09,113.57
2015-11-10,113.279999
2015-11-11,113.139999
2015-11-12,112.040001
2015-11-13,109.839996
2015-11-16,111.41999799999999
2015-11-17,111.489998
2015-11-18,113.629997
2015-11-19,113.709999
2015-11-20,114.480003
2015-11-23,114.150002
2015-11-24,114.050003
2015-11-25,114.150002
2015-11-27,114.309998
2015-11-30,114.019997
2015-12-01,115.160004
2015-12-02,114.449997
2015-12-03,112.510002
2015-12-04,115.139999
2015-12-07,114.620003
2015-12-08,114.629997
2015-12-09,112.889999
2015-12-10,113.400002
2015-12-11,110.790001
2015-12-14,111.629997
2015-12-15,112.309998
2015-12-16,113.980003
2015-12-17,112.32
2015-12-18,109.83000200000001
2015-12-21,111.050003
2015-12-22,111.779999
2015-12-23,112.610001
2015-12-24,112.589996
2015-12-28,112.529999
2015-12-29,114.300003
2015-12-30,113.269997
2015-12-31,111.860001
2016-01-04,109.5
2016-01-05,109.309998
2016-01-06,108.260002
2016-01-07,104.870003
2016-01-08,104.010002
2016-01-11,104.33000200000001
2016-01-12,105.540001
2016-01-13,101.900002
2016-01-14,104.07
2016-01-15,100.839996
2016-01-19,101.059998
2016-01-20,100.75
2016-01-21,100.849998
2016-01-22,103.769997
2016-01-25,102.230003
2016-01-26,103.150002
2016-01-27,100.58000200000001
2016-01-28,102.0
2016-01-29,104.129997
2016-02-01,104.410004
2016-02-02,102.150002
2016-02-03,101.660004
2016-02-04,101.650002
2016-02-05,98.120003
2016-02-08,96.620003
2016-02-09,96.32
2016-02-10,96.690002
2016-02-11,96.550003
2016-02-12,98.019997
2016-02-16,100.230003
2016-02-17,102.5
2016-02-18,101.33000200000001
2016-02-19,101.629997
2016-02-22,103.279999
2016-02-23,101.58000200000001
2016-02-24,102.550003
2016-02-25,103.559998
2016-02-26,103.43
2016-02-29,102.5
2016-03-01,105.790001
2016-03-02,105.83000200000001
2016-03-03,105.629997
2016-03-04,105.66999799999999
2016-03-07,105.019997
2016-03-08,104.150002
2016-03-09,104.82
2016-03-10,104.660004
2016-03-11,106.489998
2016-03-14,106.66999799999999
2016-03-15,106.629997
2016-03-16,107.58000200000001
2016-03-17,107.519997
2016-03-18,107.370003
2016-03-21,107.790001
2016-03-22,108.120003
2016-03-23,107.230003
2016-03-24,107.260002
2016-03-28,107.110001
2016-03-29,108.83000200000001
2016-03-30,109.360001
2016-03-31,109.199997
2016-04-01,110.360001
2016-04-04,109.940002
2016-04-05,108.879997
2016-04-06,110.66999799999999
2016-04-07,109.08000200000001
2016-04-08,109.0
2016-04-11,108.599998
2016-04-12,109.510002
2016-04-13,110.910004
2016-04-14,110.91999799999999
2016-04-15,110.639999
2016-04-18,111.230003
2016-04-19,110.550003
2016-04-20,110.639999
2016-04-21,110.650002
2016-04-22,108.980003
2016-04-25,108.980003
2016-04-26,108.449997
2016-04-27,107.58000200000001
2016-04-28,106.279999
2016-04-29,105.720001
2016-05-02,106.720001
2016-05-03,105.730003
2016-05-04,105.050003
2016-05-05,105.019997
2016-05-06,105.58000200000001
2016-05-09,105.879997
2016-05-10,107.33000200000001
2016-05-11,106.360001
2016-05-12,105.889999
2016-05-13,105.5
2016-05-16,106.82
2016-05-17,105.480003
2016-05-18,105.860001
2016-05-19,105.309998
2016-05-20,106.470001
2016-05-23,106.33000200000001
2016-05-24,108.459999
2016-05-25,109.239998
2016-05-26,109.559998
2016-05-27,110.129997
2016-05-31,110.339996
2016-06-01,110.349998
2016-06-02,110.58000200000001
2016-06-03,110.059998
2016-06-06,110.459999
2016-06-07,110.18
2016-06-08,110.370003
2016-06-09,110.190002
2016-06-10,108.940002
2016-06-13,108.029999
2016-06-14,108.029999
2016-06-15,107.720001
2016-06-16,108.040001
2016-06-17,106.489998
2016-06-20,107.160004
2016-06-21,107.5
2016-06-22,107.239998
2016-06-23,108.769997
2016-06-24,104.290001
2016-06-27,102.220001
2016-06-28,104.459999
2016-06-29,106.309998
2016-06-30,107.540001
2016-07-01,108.08000200000001
2016-07-05,107.41999799999999
2016-07-06,108.300003
2016-07-07,108.620003
2016-07-08,110.300003
2016-07-11,110.93
2016-07-12,111.489998
2016-07-13,111.220001
2016-07-14,111.980003
2016-07-15,111.800003
2016-07-18,112.540001
2016-07-19,112.129997
2016-07-20,113.440002
2016-07-21,113.18
2016-07-22,113.650002
2016-07-25,113.660004
2016-07-26,113.790001
2016-07-27,114.58000200000001
2016-07-28,114.980003
2016-07-29,115.230003
2016-08-01,115.839996
2016-08-02,114.959999
2016-08-03,115.339996
2016-08-04,115.66999799999999
2016-08-05,116.779999
2016-08-08,116.650002
2016-08-09,116.91999799999999
2016-08-10,116.620003
2016-08-11,117.120003
2016-08-12,117.199997
2016-08-15,117.699997
2016-08-16,117.050003
2016-08-17,117.260002
2016-08-18,117.290001
2016-08-19,117.260002
2016-08-22,117.349998
2016-08-23,117.559998
2016-08-24,116.800003
2016-08-25,116.610001
2016-08-26,116.779999
2016-08-29,116.940002
2016-08-30,116.559998
2016-08-31,116.440002
2016-09-01,116.739998
2016-09-02,117.120003
2016-09-06,117.849998
2016-09-07,117.91999799999999
2016-09-08,117.230003
2016-09-09,114.279999
2016-09-12,116.33000200000001
2016-09-13,115.290001
2016-09-14,115.839996
2016-09-15,117.639999
2016-09-16,117.290001
2016-09-19,116.779999
2016-09-20,117.0
2016-09-21,118.150002
2016-09-22,119.089996
2016-09-23,118.33000200000001
2016-09-26,117.339996
2016-09-27,118.5
2016-09-28,118.699997
2016-09-29,117.839996
2016-09-30,118.720001
2016-10-03,118.550003
2016-10-04,118.370003
2016-10-05,118.790001
2016-10-06,118.730003
2016-10-07,118.470001
2016-10-10,119.220001
2016-10-11,117.519997
2016-10-12,117.41999799999999
2016-10-13,117.0
2016-10-14,117.139999
2016-10-17,116.82
2016-10-18,117.860001
2016-10-19,117.849998
2016-10-20,117.709999
2016-10-21,118.150002
2016-10-24,119.57
2016-10-25,119.190002
2016-10-26,118.379997
2016-10-27,117.839996
2016-10-28,117.099998
2016-10-31,116.989998
2016-11-01,116.110001
2016-11-02,115.18
2016-11-03,114.050003
2016-11-04,113.650002
2016-11-07,116.349998
2016-11-08,117.110001
2016-11-09,117.650002
2016-11-10,115.75
2016-11-11,115.800003
2016-11-14,114.629997
2016-11-15,116.220001
2016-11-16,116.910004
2016-11-17,117.760002
2016-11-18,117.32
2016-11-21,118.540001
2016-11-22,118.900002
2016-11-23,118.41999799999999
2016-11-25,118.800003
2016-11-28,118.529999
2016-11-29,118.940002
2016-11-30,117.5
2016-12-01,115.470001
2016-12-02,115.699997
2016-12-05,116.599998
2016-12-06,116.879997
2016-12-07,118.360001
2016-12-08,118.57
2016-12-09,119.5
2016-12-12,118.959999
2016-12-13,120.459999
2016-12-14,120.209999
2016-12-15,120.400002
2016-12-16,119.599998
2016-12-19,120.089996
2016-12-20,120.550003
2016-12-21,120.459999
2016-12-22,120.120003
2016-12-23,120.199997
2016-12-27,120.82
2016-12-28,119.879997
2016-12-29,119.709999
2016-12-30,118.480003
2017-01-03,119.540001
2017-01-04,120.190002
2017-01-05,120.870003
2017-01-06,121.93
2017-01-09,122.33000200000001
2017-01-10,122.599998
2017-01-11,122.93
2017-01-12,122.739998
2017-01-13,123.160004
2017-01-17,122.790001
2017-01-18,123.040001
2017-01-19,122.980003
2017-01-20,123.25
2017-01-23,123.349998
2017-01-24,124.18
2017-01-25,125.43
2017-01-26,125.559998
2017-01-27,125.800003
2017-01-30,124.82
2017-01-31,124.57
2017-02-01,125.43
2017-02-02,125.32
2017-02-03,125.68
2017-02-06,125.83000200000001
2017-02-07,126.290001
2017-02-08,126.5
2017-02-09,126.959999
2017-02-10,127.379997
2017-02-13,128.100006
2017-02-14,128.529999
2017-02-15,129.28999299999998
2017-02-16,129.25
2017-02-17,129.809998
2017-02-21,130.449997
2017-02-22,130.5
2017-02-23,130.009995
2017-02-24,130.259995
2017-02-27,130.419998
2017-02-28,130.020004
2017-03-01,131.440002
2017-03-02,130.779999
2017-03-03,131.020004
2017-03-06,130.729996
2017-03-07,130.509995
2017-03-08,130.740005
2017-03-09,130.83999599999999
2017-03-10,131.389999
2017-03-13,131.610001
2017-03-14,131.28999299999998
2017-03-15,132.100006
2017-03-16,132.009995
2017-03-17,131.690002
2017-03-20,131.809998
2017-03-21,129.809998
2017-03-22,130.690002
2017-03-23,130.360001
2017-03-24,130.630005
2017-03-27,130.83999599999999
2017-03-28,131.639999
2017-03-29,132.25
2017-03-30,132.470001
2017-03-31,132.380005
2017-04-03,132.300003
2017-04-04,132.509995
2017-04-05,131.970001
2017-04-06,132.03999299999998
2017-04-07,131.970001
2017-04-10,132.020004
2017-04-11,131.449997
2017-04-12,130.919998
2017-04-13,130.399994
2017-04-17,131.479996
2017-04-18,131.279999
2017-04-19,131.490005
2017-04-20,132.58999599999999
2017-04-21,132.559998
2017-04-24,134.16000400000001
2017-04-25,135.130005
2017-04-26,134.940002
2017-04-27,135.75
2017-04-28,135.990005
2017-05-01,137.199997
2017-05-02,137.429993
2017-05-03,136.990005
2017-05-04,137.03999299999998
2017-05-05,137.53999299999998
2017-05-08,137.83999599999999
2017-05-09,138.320007
2017-05-10,138.399994
2017-05-11,138.28999299999998
2017-05-12,138.600006
2017-05-15,139.03999299999998
2017-05-16,139.619995
2017-05-17,136.070007
2017-05-18,137.259995
2017-05-19,137.83999599999999
2017-05-22,139.0
2017-05-23,139.139999
2017-05-24,139.779999
2017-05-25,140.970001
2017-05-26,141.220001
2017-05-30,141.33999599999999
2017-05-31,141.28999299999998
2017-06-01,141.83999599999999
2017-06-02,143.46000700000002
2017-06-05,143.429993
2017-06-06,142.860001
2017-06-07,143.419998
2017-06-08,143.570007
2017-06-09,139.979996
2017-06-12,139.229996
2017-06-13,140.360001
2017-06-14,139.75
2017-06-15,139.130005
2017-06-16,138.149994
2017-06-19,140.46000700000002
2017-06-20,139.360001
2017-06-21,140.740005
2017-06-22,140.699997
2017-06-23,141.240005
2017-06-26,140.580002
2017-06-27,138.029999
2017-06-28,140.020004
2017-06-29,137.58999599999999
2017-06-30,137.639999
2017-07-03,136.190002
2017-07-05,137.529999
2017-07-06,136.28999299999998
2017-07-07,137.759995
2017-07-10,138.66000400000001
2017-07-11,139.050003
2017-07-12,140.699997
2017-07-13,141.009995
2017-07-14,142.119995
2017-07-17,142.190002
2017-07-18,143.139999
2017-07-19,143.979996
2017-07-20,144.169998
2017-07-21,144.110001
2017-07-24,144.770004
2017-07-25,144.399994
2017-07-26,144.869995
2017-07-27,143.96000700000002
2017-07-28,143.83999599999999
2017-07-31,143.229996
2017-08-01,143.559998
2017-08-02,143.949997
2017-08-03,143.389999
2017-08-04,143.649994
2017-08-07,144.559998
2017-08-08,144.309998
2017-08-09,144.119995
2017-08-10,141.029999
2017-08-11,142.100006
2017-08-14,143.929993
2017-08-15,144.029999
2017-08-16,144.279999
2017-08-17,141.330002
2017-08-18,141.229996
2017-08-21,141.050003
2017-08-22,143.199997
2017-08-23,142.690002
2017-08-24,142.270004
2017-08-25,141.970001
2017-08-28,142.41000400000001
2017-08-29,142.970001
2017-08-30,144.649994
2017-08-31,146.199997
2017-09-01,146.0
2017-09-05,144.690002
2017-09-06,145.130005
2017-09-07,145.470001
2017-09-08,144.21000700000002
2017-09-11,145.869995
2017-09-12,146.220001
2017-09-13,146.419998
2017-09-14,145.559998
2017-09-15,146.059998
2017-09-18,145.550003
2017-09-19,145.800003
2017-09-20,145.350006
2017-09-21,144.46000700000002
2017-09-22,144.320007
2017-09-25,142.800003
2017-09-26,143.169998
2017-09-27,144.46000700000002
2017-09-28,144.41000400000001
2017-09-29,145.449997
2017-10-02,145.580002
2017-10-03,145.889999
2017-10-04,146.029999
2017-10-05,147.46000700000002
2017-10-06,147.66000400000001
2017-10-09,147.490005
2017-10-10,147.600006
2017-10-11,148.03999299999998
2017-10-12,147.770004
2017-10-13,148.33999599999999
2017-10-16,148.850006
2017-10-17,149.03999299999998
2017-10-18,148.860001
2017-10-19,148.309998
2017-10-20,148.71000700000002
2017-10-23,147.740005
2017-10-24,147.990005
2017-10-25,147.429993
2017-10-26,146.96000700000002
2017-10-27,151.240005
2017-10-30,151.580002
2017-10-31,152.149994
2017-11-01,152.100006
2017-11-02,151.809998
2017-11-03,153.270004
2017-11-06,153.78999299999998
2017-11-07,153.880005
2017-11-08,154.5
2017-11-09,153.690002
2017-11-10,153.679993
2017-11-13,153.869995
2017-11-14,153.309998
2017-11-15,152.58999599999999
2017-11-16,154.53999299999998
2017-11-17,153.949997
2017-11-20,153.830002
2017-11-21,155.5
2017-11-22,155.690002
2017-11-24,156.259995
2017-11-27,156.190002
2017-11-28,156.58999599999999
2017-11-29,153.860001
2017-11-30,155.149994
2017-12-01,154.490005
2017-12-04,152.71000700000002
2017-12-05,152.809998
2017-12-06,153.5
2017-12-07,154.020004
2017-12-08,154.699997
2017-12-11,155.899994
2017-12-12,155.690002
2017-12-13,155.990005
2017-12-14,155.880005
2017-12-15,157.649994
2017-12-18,158.639999
2017-12-19,157.699997
2017-12-20,157.529999
2017-12-21,157.550003
2017-12-22,157.369995
2017-12-26,156.520004
2017-12-27,156.53999299999998
2017-12-28,156.729996
2017-12-29,155.759995
2018-01-02,158.490005
2018-01-03,160.029999
2018-01-04,160.309998
2018-01-05,161.919998
2018-01-08,162.550003
2018-01-09,162.559998
2018-01-10,162.179993
2018-01-11,163.28999299999998
2018-01-12,164.490005
2018-01-16,164.020004
2018-01-17,165.78999299999998
2018-01-18,165.820007
2018-01-19,166.33999599999999
2018-01-22,168.119995
2018-01-23,169.509995
2018-01-24,168.41000400000001
2018-01-25,168.350006
2018-01-26,170.929993
2018-01-29,170.100006
2018-01-30,168.699997
2018-01-31,169.399994
2018-02-01,167.96000700000002
2018-02-02,164.610001
2018-02-05,158.119995
2018-02-06,162.309998
2018-02-07,160.21000700000002
2018-02-08,153.449997
2018-02-09,156.100006
2018-02-12,158.869995
2018-02-13,159.690002
2018-02-14,162.679993
2018-02-15,165.699997
2018-02-16,164.96000700000002
2018-02-20,165.28999299999998
2018-02-21,164.820007
2018-02-22,164.800003
2018-02-23,168.169998
2018-02-26,170.399994
2018-02-27,168.28999299999998
2018-02-28,167.21000700000002
2018-03-01,164.479996
2018-03-02,165.990005
2018-03-05,167.830002
2018-03-06,168.53999299999998
2018-03-07,168.929993
2018-03-08,169.860001
2018-03-09,173.16000400000001
2018-03-12,174.080002
2018-03-13,171.71000700000002
2018-03-14,171.679993
2018-03-15,171.529999
2018-03-16,171.020004
2018-03-19,167.100006
2018-03-20,167.649994
2018-03-21,166.919998
2018-03-22,162.800003
2018-03-23,158.509995
2018-03-26,164.399994
2018-03-27,159.080002
2018-03-28,157.25
2018-03-29,160.130005
2018-04-02,155.509995
2018-04-03,157.259995
2018-04-04,159.740005
2018-04-05,160.649994
2018-04-06,156.630005
2018-04-09,157.729996
2018-04-10,161.21000700000002
2018-04-11,160.279999
2018-04-12,162.21000700000002
2018-04-13,161.369995
2018-04-16,162.600006
2018-04-17,166.100006
2018-04-18,166.440002
2018-04-19,164.91000400000001
2018-04-20,162.300003
2018-04-23,161.889999
2018-04-24,158.46000700000002
2018-04-25,158.649994
2018-04-26,161.990005
2018-04-27,162.08999599999999
2018-04-30,160.940002
2018-05-01,162.779999
2018-05-02,161.820007
2018-05-03,161.800003
2018-05-04,164.869995
2018-05-07,166.240005
2018-05-08,166.070007
2018-05-09,167.880005
2018-05-10,169.619995
2018-05-11,169.46000700000002
2018-05-14,169.75
2018-05-15,167.869995
2018-05-16,168.979996
2018-05-17,168.330002
2018-05-18,167.46000700000002
2018-05-21,168.399994
2018-05-22,168.179993
2018-05-23,169.600006
2018-05-24,169.550003
2018-05-25,169.720001
2018-05-29,168.970001
2018-05-30,170.179993
2018-05-31,170.070007
2018-06-01,172.740005
2018-06-04,174.300003
2018-06-05,174.83999599999999
2018-06-06,175.860001
2018-06-07,174.429993
2018-06-08,174.440002
2018-06-11,174.91000400000001
2018-06-12,175.830002
2018-06-13,175.820007
2018-06-14,177.600006
2018-06-15,176.979996
2018-06-18,176.5
2018-06-19,176.0
2018-06-20,177.25
2018-06-21,175.71000700000002
2018-06-22,175.320007
2018-06-25,171.369995
2018-06-26,172.070007
2018-06-27,169.729996
2018-06-28,171.190002
2018-06-29,171.649994
2018-07-02,172.800003
2018-07-03,170.800003
2018-07-05,172.919998
2018-07-06,175.610001
2018-07-09,177.190002
2018-07-10,177.320007
2018-07-11,176.419998
2018-07-12,179.46000700000002
2018-07-13,179.610001
2018-07-16,179.179993
2018-07-17,180.270004
2018-07-18,179.929993
2018-07-19,179.029999
2018-07-20,178.990005
2018-07-23,179.559998
2018-07-24,180.300003
2018-07-25,182.820007
2018-07-26,180.050003
2018-07-27,177.619995
2018-07-30,175.110001
2018-07-31,176.449997
2018-08-01,177.119995
2018-08-02,179.529999
2018-08-03,180.080002
2018-08-06,181.139999
2018-08-07,181.800003
2018-08-08,182.020004
2018-08-09,181.91000400000001
2018-08-10,180.520004
2018-08-13,180.320007
2018-08-14,181.449997
2018-08-15,179.229996
2018-08-16,179.820007
2018-08-17,179.860001
2018-08-20,179.699997
2018-08-21,180.360001
2018-08-22,181.059998
2018-08-23,180.800003
2018-08-24,182.479996
2018-08-27,184.33999599999999
2018-08-28,184.610001
2018-08-29,186.740005
2018-08-30,186.41000400000001
2018-08-31,186.649994
2018-09-04,185.850006
2018-09-05,183.449997
2018-09-06,181.809998
2018-09-07,181.110001
2018-09-10,181.720001
2018-09-11,183.119995
2018-09-12,182.580002
2018-09-13,184.529999
2018-09-14,183.990005
2018-09-17,181.33999599999999
2018-09-18,182.83999599999999
2018-09-19,182.699997
2018-09-20,184.720001
2018-09-21,183.71000700000002
2018-09-24,183.889999
2018-09-25,184.139999
2018-09-26,184.270004
2018-09-27,185.830002
2018-09-28,185.78999299999998
2018-10-01,186.169998
2018-10-02,185.75
2018-10-03,185.949997
2018-10-04,182.380005
2018-10-05,180.149994
2018-10-08,179.050003
2018-10-09,179.630005
2018-10-10,171.729996
2018-10-11,169.600006
2018-10-12,174.320007
2018-10-15,172.21000700000002
2018-10-16,177.220001
2018-10-17,177.28999299999998
2018-10-18,173.179993
2018-10-19,173.020004
2018-10-22,173.91000400000001
2018-10-23,173.270004
2018-10-24,165.33999599999999
2018-10-25,171.059998
2018-10-26,166.66000400000001
2018-10-29,163.229996
2018-10-30,165.919998
2018-10-31,169.820007
2018-11-01,172.059998
2018-11-02,169.380005
2018-11-05,168.96000700000002
2018-11-06,170.240005
2018-11-07,175.580002
2018-11-08,174.46000700000002
2018-11-09,171.520004
2018-11-12,166.330002
2018-11-13,166.470001
2018-11-14,165.199997
2018-11-15,168.08999599999999
2018-11-16,167.5
2018-11-19,162.059998
2018-11-20,159.16000400000001
2018-11-21,160.369995
2018-11-23,159.21000700000002
2018-11-26,162.889999
2018-11-27,163.440002
2018-11-28,168.699997
2018-11-29,168.149994
2018-11-30,169.369995
2018-12-03,172.330002
2018-12-04,165.720001
2018-12-06,166.889999
2018-12-07,161.380005
2018-12-10,163.070007
2018-12-11,163.610001
2018-12-12,165.050003
2018-12-13,165.100006
2018-12-14,161.080002
2018-12-17,157.429993
2018-12-18,158.419998
2018-12-19,154.529999
2018-12-20,152.28999299999998
2018-12-21,147.570007
2018-12-24,143.5
2018-12-26,152.46000700000002
2018-12-27,153.050003
2018-12-28,152.970001
2018-12-31,154.259995
2019-01-02,154.880005
2019-01-03,149.820007
2019-01-04,156.229996
2019-01-07,158.08999599999999
2019-01-08,159.520004
2019-01-09,160.820007
2019-01-10,161.279999
2019-01-11,160.690002
2019-01-14,159.270004
2019-01-15,162.380005
2019-01-16,162.350006
2019-01-17,163.630005
2019-01-18,165.25
2019-01-22,161.940002
2019-01-23,162.149994
2019-01-24,163.199997
2019-01-25,165.149994
2019-01-28,163.110001
2019-01-29,161.570007
2019-01-30,165.679993
2019-01-31,168.16000400000001
2019-02-01,167.449997
2019-02-04,169.529999
2019-02-05,171.029999
2019-02-06,170.520004
2019-02-07,168.229996
2019-02-08,168.559998
2019-02-11,168.399994
2019-02-12,170.889999
2019-02-13,171.009995
2019-02-14,171.220001
2019-02-15,171.940002
2019-02-19,172.279999
2019-02-20,172.25
2019-02-21,171.619995
2019-02-22,172.889999
2019-02-25,173.520004
2019-02-26,173.699997
2019-02-27,173.58999599999999
2019-02-28,173.190002
2019-03-01,174.389999
2019-03-04,174.419998
2019-03-05,174.550003
2019-03-06,173.559998
2019-03-07,171.429993
2019-03-08,171.169998
2019-03-11,174.729996
2019-03-12,175.690002
2019-03-13,177.009995
2019-03-14,176.71000700000002
2019-03-15,178.350006
2019-03-18,178.449997
2019-03-19,179.050003
2019-03-20,179.759995
2019-03-21,182.570007
2019-03-22,178.559998
2019-03-25,178.220001
2019-03-26,179.050003
2019-03-27,177.899994
2019-03-28,178.309998
2019-03-29,179.66000400000001
2019-04-01,182.03999299999998
2019-04-02,182.729996
2019-04-03,183.779999
2019-04-04,183.71000700000002
2019-04-05,184.66000400000001
2019-04-08,185.130005
2019-04-09,184.479996
2019-04-10,185.470001
2019-04-11,185.029999
2019-04-12,185.830002
2019-04-15,185.860001
2019-04-16,186.5
2019-04-17,187.149994
2019-04-18,187.389999
2019-04-22,187.919998
2019-04-23,190.309998
2019-04-24,189.71000700000002
2019-04-25,190.479996
2019-04-26,190.649994
2019-04-29,191.020004
2019-04-30,189.53999299999998
2019-05-01,188.929993
2019-05-02,188.110001
2019-05-03,191.110001
2019-05-06,189.940002
2019-05-07,186.240005
2019-05-08,185.770004
2019-05-09,184.770004
2019-05-10,185.0
2019-05-13,178.580002
2019-05-14,180.53999299999998
2019-05-15,183.08999599999999
2019-05-16,184.929993
2019-05-17,183.03999299999998
2019-05-20,179.949997
2019-05-21,181.830002
2019-05-22,181.020004
2019-05-23,178.25
2019-05-24,178.16000400000001
2019-05-28,177.490005
2019-05-29,176.029999
2019-05-30,176.770004
2019-05-31,173.949997
2019-06-03,170.119995
2019-06-04,174.91000400000001
2019-06-05,176.21000700000002
2019-06-06,177.610001
2019-06-07,181.03999299999998
2019-06-10,183.149994
2019-06-11,183.399994
2019-06-12,182.33999599999999
2019-06-13,183.419998
2019-06-14,182.639999
2019-06-17,183.740005
2019-06-18,186.41000400000001
2019-06-19,187.110001
2019-06-20,188.850006
2019-06-21,188.570007
2019-06-24,188.16000400000001
2019-06-25,184.929993
2019-06-26,185.78999299999998
2019-06-27,186.5
2019-06-28,186.740005
2019-07-01,189.259995
2019-07-02,190.009995
2019-07-03,191.440002
2019-07-05,191.050003
2019-07-08,189.71000700000002
2019-07-09,190.66000400000001
2019-07-10,192.559998
2019-07-11,192.419998
2019-07-12,193.529999
2019-07-15,194.149994
2019-07-16,193.149994
2019-07-17,192.199997
2019-07-18,192.419998
2019-07-19,191.009995
2019-07-22,192.529999
2019-07-23,193.78999299999998
2019-07-24,195.149994
2019-07-25,193.300003
2019-07-26,195.28999299999998
2019-07-29,194.619995
2019-07-30,193.779999
2019-07-31,191.100006
2019-08-01,190.149994
2019-08-02,187.350006
2019-08-05,180.729996
2019-08-06,183.259995
2019-08-07,184.25
2019-08-08,188.259995
2019-08-09,186.490005
2019-08-12,184.350006
2019-08-13,188.389999
2019-08-14,182.759995
2019-08-15,182.550003
2019-08-16,185.479996
2019-08-19,188.429993
2019-08-20,186.970001
2019-08-21,188.630005
2019-08-22,188.020004
2019-08-23,182.070007
2019-08-26,184.820007
2019-08-27,184.429993
2019-08-28,185.08999599999999
2019-08-29,187.919998
2019-08-30,187.470001
2019-09-03,185.649994
2019-09-04,188.330002
2019-09-05,191.779999
2019-09-06,191.58999599999999
2019-09-09,191.190002
2019-09-10,190.639999
2019-09-11,192.429993
2019-09-12,193.229996
2019-09-13,192.53999299999998
2019-09-16,191.679993
2019-09-17,192.600006
2019-09-18,192.520004
2019-09-19,192.83999599999999
2019-09-20,190.800003
2019-09-23,190.5
2019-09-24,187.970001
2019-09-25,190.080002
2019-09-26,189.380005
2019-09-27,187.029999
2019-09-30,188.809998
2019-10-01,187.270004
2019-10-02,184.050003
2019-10-03,186.070007
2019-10-04,188.809998
2019-10-07,188.240005
2019-10-08,185.419998
2019-10-09,187.229996
2019-10-10,188.679993
2019-10-11,191.110001
2019-10-14,191.08999599999999
2019-10-15,193.520004
2019-10-16,193.03999299999998
2019-10-17,193.550003
2019-10-18,191.690002
2019-10-21,193.389999
2019-10-22,191.850006
2019-10-23,192.220001
2019-10-24,194.08999599999999
2019-10-25,195.639999
2019-10-28,197.570007
2019-10-29,196.03999299999998
2019-10-30,196.990005
2019-10-31,197.080002
2019-11-01,198.869995
2019-11-04,200.100006
2019-11-05,200.21000700000002
2019-11-06,199.759995
2019-11-07,200.429993
2019-11-08,201.229996
2019-11-11,200.96000700000002
2019-11-12,201.53999299999998
2019-11-13,201.58999599999999
2019-11-14,201.429993
2019-11-15,202.91000400000001
2019-11-18,203.070007
2019-11-19,203.369995
2019-11-20,202.149994
2019-11-21,201.699997
2019-11-22,201.830002
2019-11-25,204.220001
2019-11-26,204.610001
2019-11-27,206.03999299999998
2019-11-29,205.100006
2019-12-02,203.0
2019-12-03,201.41000400000001
2019-12-04,202.429993
2019-12-05,202.830002
2019-12-06,205.0
2019-12-09,204.070007
2019-12-10,203.899994
2019-12-11,204.979996
2019-12-12,206.509995
2019-12-13,207.190002
2019-12-16,209.270004
2019-12-17,209.389999
2019-12-18,209.550003
2019-12-19,210.86000099999998
2019-12-20,211.710007
2019-12-23,211.809998
2019-12-24,211.919998
2019-12-26,213.789993
2019-12-27,213.61000099999998
2019-12-30,212.210007
2019-12-31,212.61000099999998
2020-01-02,216.16000400000001
2020-01-03,214.17999300000002
2020-01-06,215.559998
2020-01-07,215.52999900000003
2020-01-08,217.149994
2020-01-09,218.99000499999997
2020-01-10,218.42999300000002
2020-01-13,220.94999700000002
2020-01-14,220.080002
2020-01-15,220.169998
2020-01-16,222.27999900000003
2020-01-17,223.38000499999998
2020-01-21,223.27999900000003
2020-01-22,223.86999500000002
2020-01-23,224.58999599999999
2020-01-24,222.69999700000002
2020-01-27,218.100006
2020-01-28,221.44999700000002
2020-01-29,221.809998
2020-01-30,222.600006
2020-01-31,219.07000699999998
2020-02-03,222.38000499999998
2020-02-04,227.47000099999997
2020-02-05,228.22000099999997
2020-02-06,230.190002
2020-02-07,229.19999700000002
2020-02-10,231.97000099999997
2020-02-11,232.00999500000003
2020-02-12,234.270004
2020-02-13,233.97000099999997
2020-02-14,234.63999900000002
2020-02-18,234.729996
2020-02-19,236.979996
2020-02-20,234.77999900000003
2020-02-21,230.270004
2020-02-24,221.38999900000002
2020-02-25,215.36999500000002
2020-02-26,216.479996
2020-02-27,205.639999
2020-02-28,205.800003
2020-03-02,216.419998
2020-03-03,209.479996
2020-03-04,218.22000099999997
2020-03-05,211.58999599999999
2020-03-06,208.020004
2020-03-09,193.570007
2020-03-10,204.110001
2020-03-11,195.220001
2020-03-12,177.320007
2020-03-13,192.33999599999999
2020-03-16,169.300003
2020-03-17,182.139999
2020-03-18,176.600006
2020-03-19,177.66000400000001
2020-03-20,170.699997
2020-03-23,170.46000700000002
2020-03-24,183.66000400000001
2020-03-25,182.300003
2020-03-26,191.899994
2020-03-27,185.300003
2020-03-30,192.03999299999998
2020-03-31,190.399994
2020-04-01,182.309998
2020-04-02,186.009995
2020-04-03,183.369995
2020-04-06,196.479996
2020-04-07,196.399994
2020-04-08,200.570007
2020-04-09,200.860001
2020-04-13,203.029999
2020-04-14,211.86000099999998
2020-04-15,209.429993
2020-04-16,213.25
2020-04-17,215.289993
2020-04-20,212.74000499999997
2020-04-21,204.889999
2020-04-22,210.97000099999997
2020-04-23,210.520004
2020-04-24,213.83999599999999
2020-04-27,215.559998
2020-04-28,211.5
2020-04-29,219.0
2020-04-30,218.91000400000001
2020-05-01,212.74000499999997
2020-05-04,215.22000099999997
2020-05-05,217.66000400000001
2020-05-06,219.0
2020-05-07,221.82000699999998
2020-05-08,224.86000099999998
2020-05-11,226.86999500000002
2020-05-12,222.11999500000002
2020-05-13,219.33999599999999
2020-05-14,221.830002
2020-05-15,223.270004
2020-05-18,227.42999300000002
2020-05-19,226.86000099999998
2020-05-20,231.38999900000002
2020-05-21,228.86999500000002
2020-05-22,229.66000400000001
2020-05-26,229.039993
2020-05-27,230.289993
2020-05-28,229.99000499999997
2020-05-29,233.36000099999998
2020-06-01,234.059998
2020-06-02,235.63000499999998
2020-06-03,236.690002
2020-06-04,235.02999900000003
2020-06-05,239.690002
2020-06-08,241.55000299999998
2020-06-09,243.30000299999998
2020-06-10,246.22000099999997
2020-06-11,234.020004
2020-06-12,235.88000499999998
2020-06-15,238.75
2020-06-16,242.850006
2020-06-17,243.61999500000002
2020-06-18,244.27999900000003
2020-06-19,244.24000499999997
2020-06-22,246.74000499999997
2020-06-23,248.83999599999999
2020-06-24,243.710007
2020-06-25,246.02999900000003
2020-06-26,240.22000099999997
2020-06-29,242.83999599999999
2020-06-30,247.600006
2020-07-01,250.49000499999997
2020-07-02,252.190002
2020-07-06,258.390015
2020-07-07,256.609985
2020-07-08,259.98999
2020-07-09,262.179993
2020-07-10,263.97000099999997
2020-07-13,258.540009
2020-07-14,260.369995
2020-07-15,260.899994
2020-07-16,259.119995
2020-07-17,259.420013
2020-07-20,266.77999900000003
2020-07-21,264.0
2020-07-22,264.929993
2020-07-23,258.01001
2020-07-24,255.559998
2020-07-27,260.119995
2020-07-28,256.809998
2020-07-29,259.769989
2020-07-30,261.130005
2020-07-31,265.790009
2020-08-03,269.380005
2020-08-04,270.380005
2020-08-05,271.049988
2020-08-06,274.640015
2020-08-07,271.47000099999997
2020-08-10,270.309998
2020-08-11,265.190002
2020-08-12,271.859985
2020-08-13,272.480011
2020-08-14,272.160004
2020-08-17,275.320007
2020-08-18,277.97000099999997
2020-08-19,276.100006
2020-08-20,279.929993
2020-08-21,281.869995
2020-08-24,283.630005
2020-08-25,285.859985
2020-08-26,291.959991
2020-08-27,291.049988
2020-08-28,292.52999900000003
2020-08-31,294.880005
2020-09-01,299.920013
2020-09-02,302.76001
2020-09-03,287.410004
2020-09-04,283.579987
2020-09-08,269.950012
2020-09-09,277.880005
2020-09-10,272.339996
2020-09-11,270.450012
2020-09-14,275.160004
2020-09-15,279.059998
2020-09-16,274.609985
2020-09-17,270.320007
2020-09-18,266.869995
2020-09-21,267.51001
2020-09-22,272.480011
2020-09-23,264.160004
2020-09-24,265.390015
2020-09-25,271.559998
2020-09-28,277.200012
2020-09-29,275.950012
2020-09-30,277.839996
2020-10-01,282.25
2020-10-02,274.309998
2020-10-05,280.160004
2020-10-06,275.160004
2020-10-07,279.920013
2020-10-08,281.410004
2020-10-09,285.709991
2020-10-12,294.52999900000003
2020-10-13,294.519989
2020-10-14,292.059998
2020-10-15,290.100006
2020-10-16,288.51001
2020-10-19,283.799988
2020-10-20,284.410004
2020-10-21,284.190002
2020-10-22,284.179993
2020-10-23,284.73999
2020-10-26,280.47000099999997
2020-10-27,282.660004
2020-10-28,271.640015
2020-10-29,276.390015
2020-10-30,269.380005
2020-11-02,269.980011
2020-11-03,274.649994
2020-11-04,286.910004
2020-11-05,294.390015
2020-11-06,294.609985
2020-11-09,288.589996
2020-11-10,283.420013
2020-11-11,289.76001
2020-11-12,288.399994
2020-11-13,290.929993
2020-11-16,293.200012
2020-11-17,292.269989
2020-11-18,290.109985
2020-11-19,292.380005
2020-11-20,290.380005
2020-11-23,290.390015
2020-11-24,294.47000099999997
2020-11-25,296.27999900000003
2020-11-27,299.01001
2020-11-30,299.619995
2020-12-01,303.459991
2020-12-02,303.850006
2020-12-03,304.27999900000003
2020-12-04,305.519989
2020-12-07,307.25
2020-12-08,308.290009
2020-12-09,301.309998
2020-12-10,302.519989
2020-12-11,301.850006
2020-12-14,304.040009
2020-12-15,307.290009
2020-12-16,308.980011
2020-12-17,311.0
2020-12-18,310.059998
2020-12-21,308.920013
2020-12-22,309.76001
2020-12-23,308.200012
2020-12-24,309.559998
2020-12-28,312.679993
2020-12-29,312.959991
2020-12-30,312.97000099999997
2020-12-31,313.73999
2021-01-04,309.309998
2021-01-05,311.859985
2021-01-06,307.540009
2021-01-07,314.980011
2021-01-08,319.02999900000003
2021-01-11,314.420013
2021-01-12,313.920013
2021-01-13,316.040009
2021-01-14,314.350006
2021-01-15,311.859985
2021-01-19,316.410004
2021-01-20,323.769989
2021-01-21,326.359985
2021-01-22,325.420013
2021-01-25,328.109985
2021-01-26,328.589996
2021-01-27,319.429993
2021-01-28,321.320007
2021-01-29,314.559998
2021-02-01,322.420013
2021-02-02,327.679993
2021-02-03,326.380005
2021-02-04,330.23999
2021-02-05,331.359985
2021-02-08,333.579987
2021-02-09,333.51001
2021-02-10,332.75
2021-02-11,334.579987
2021-02-12,336.450012
2021-02-16,335.540009
2021-02-17,333.929993
2021-02-18,332.47000099999997
2021-02-19,331.019989
2021-02-22,322.440002
2021-02-23,321.480011
2021-02-24,324.130005
2021-02-25,312.829987
2021-02-26,314.140015
2021-03-01,323.589996
2021-03-02,318.399994
2021-03-03,309.160004
2021-03-04,304.100006
2021-03-05,308.679993
2021-03-08,299.940002
2021-03-09,311.769989
2021-03-10,310.880005
2021-03-11,318.040009
2021-03-12,315.459991
2021-03-15,318.829987
2021-03-16,320.579987
2021-03-17,321.899994
2021-03-18,312.040009
2021-03-19,313.140015
2021-03-22,318.609985
2021-03-23,317.22000099999997
2021-03-24,311.869995
2021-03-25,311.329987
2021-03-26,316.0
2021-03-29,315.910004
2021-03-30,314.320007
2021-03-31,319.130005
2021-04-01,324.570007
2021-04-05,331.049988
2021-04-06,330.820007
2021-04-07,331.619995
2021-04-08,335.079987
2021-04-09,337.109985
2021-04-12,336.670013
2021-04-13,340.600006
2021-04-14,336.51001
2021-04-15,341.609985
2021-04-16,342.01001
2021-04-19,338.880005
2021-04-20,336.410004
2021-04-21,339.290009
2021-04-22,335.200012
2021-04-23,339.420013
2021-04-26,341.630005
2021-04-27,340.149994
2021-04-28,339.0
2021-04-29,340.22000099999997
2021-04-30,337.98999
2021-05-03,336.190002
2021-05-04,330.140015
2021-05-05,329.02999900000003
2021-05-06,331.51001
2021-05-07,334.200012
2021-05-10,325.76001
2021-05-11,325.309998
2021-05-12,316.890015
2021-05-13,319.339996
2021-05-14,326.390015
2021-05-17,324.410004
2021-05-18,322.22000099999997
2021-05-19,322.589996
2021-05-20,328.829987
2021-05-21,327.01001
2021-05-24,332.51001
2021-05-25,332.97000099999997
2021-05-26,334.130005
2021-05-27,332.880005
2021-05-28,333.929993
2021-06-01,332.820007
2021-06-02,333.47000099999997
2021-06-03,330.0
2021-06-04,335.600006
2021-06-07,336.600006
2021-06-08,336.76001
2021-06-09,336.839996
2021-06-10,340.350006
2021-06-11,341.23999
2021-06-14,344.51001
2021-06-15,342.26001
2021-06-16,341.01001
2021-06-17,345.339996
2021-06-18,342.630005
2021-06-21,344.359985
2021-06-22,347.570007
2021-06-23,347.73999
2021-06-24,349.890015
2021-06-25,349.459991
2021-06-28,353.709991
2021-06-29,354.98999
2021-06-30,354.429993
2021-07-01,354.570007
2021-07-02,358.640015
2021-07-06,360.190002
2021-07-07,360.950012
2021-07-08,358.769989
2021-07-09,361.01001
2021-07-12,362.420013
2021-07-13,362.420013
2021-07-14,363.070007
2021-07-15,360.519989
2021-07-16,357.600006
2021-07-19,354.670013
2021-07-20,358.790009
2021-07-21,361.559998
2021-07-22,363.950012
2021-07-23,368.200012
2021-07-26,368.48999
2021-07-27,364.429993
2021-07-28,365.829987
2021-07-29,366.480011
2021-07-30,364.570007
2021-08-02,364.600006
2021-08-03,366.809998
2021-08-04,367.339996
2021-08-05,369.670013
2021-08-06,368.049988
2021-08-09,368.730011
2021-08-10,366.839996
2021-08-11,366.209991
2021-08-12,367.52999900000003
2021-08-13,368.820007
2021-08-16,368.980011
2021-08-17,365.730011
2021-08-18,362.209991
2021-08-19,363.959991
2021-08-20,367.730011
2021-08-23,373.230011
2021-08-24,374.369995
2021-08-25,374.799988
2021-08-26,372.420013
2021-08-27,376.040009
2021-08-30,380.26001
2021-08-31,379.950012
2021-09-01,380.579987
2021-09-02,380.399994
2021-09-03,381.570007
2021-09-07,382.109985
2021-09-08,380.77999900000003
2021-09-09,379.47000099999997
2021-09-10,376.589996
2021-09-13,376.329987
2021-09-14,375.26001
2021-09-15,378.049988
2021-09-16,378.309998
2021-09-17,373.829987
2021-09-20,365.700012
2021-09-21,366.149994
2021-09-22,369.570007
2021-09-23,372.980011
2021-09-24,373.329987
2021-09-27,370.350006
2021-09-28,359.869995
2021-09-29,359.27999900000003
2021-09-30,357.959991
2021-10-01,360.179993
2021-10-04,352.619995
2021-10-05,357.380005
2021-10-06,359.670013
2021-10-07,362.97000099999997
2021-10-08,361.160004
2021-10-11,358.390015
2021-10-12,357.140015
2021-10-13,360.0
2021-10-14,366.630005
2021-10-15,368.940002
2021-10-18,372.649994
2021-10-19,375.47000099999997
2021-10-20,374.980011
2021-10-21,377.269989
2021-10-22,374.100006
2021-10-25,377.929993
2021-10-26,379.119995
2021-10-27,380.0
2021-10-28,384.22000099999997
2021-10-29,386.109985
2021-11-01,387.429993
2021-11-02,389.049988
2021-11-03,393.179993
2021-11-04,398.22000099999997
2021-11-05,398.600006
2021-11-08,398.059998
2021-11-09,395.320007
2021-11-10,389.51001
2021-11-11,390.589996
2021-11-12,394.700012
2021-11-15,394.609985
2021-11-16,397.420013
2021-11-17,397.630005
2021-11-18,401.75
2021-11-19,403.98999
2021-11-22,399.299988
2021-11-23,397.480011
2021-11-24,398.76001
2021-11-26,391.200012
2021-11-29,399.690002
2021-11-30,393.820007
2021-12-01,387.119995
2021-12-02,389.910004
2021-12-03,383.130005
2021-12-06,386.200012
2021-12-07,397.829987
2021-12-08,399.609985
2021-12-09,393.730011
2021-12-10,398.01001
2021-12-13,392.26001
2021-12-14,388.200012
2021-12-15,397.049988
2021-12-16,386.839996
2021-12-17,384.910004
2021-12-20,380.690002
2021-12-21,389.209991
2021-12-22,393.950012
2021-12-23,396.920013
2021-12-27,403.480011
2021-12-28,401.609985
2021-12-29,401.549988
2021-12-30,400.350006
2021-12-31,397.850006
2022-01-03,401.679993
2022-01-04,396.47000099999997
2022-01-05,384.290009
2022-01-06,384.019989
2022-01-07,379.859985
2022-01-10,380.109985
2022-01-11,385.820007
2022-01-12,387.350006
2022-01-13,377.660004
2022-01-14,380.01001
2022-01-18,370.549988
2022-01-19,366.480011
2022-01-20,361.72000099999997
2022-01-21,351.690002
2022-01-24,353.299988
2022-01-25,345.109985
2022-01-26,344.570007
2022-01-27,341.100006
2022-01-28,351.799988
2022-01-31,363.049988
2022-02-01,365.519989
2022-02-02,368.48999
2022-02-03,353.549988
2022-02-04,358.01001
2022-02-07,355.130005
2022-02-08,359.119995
2022-02-09,366.730011
2022-02-10,358.429993
2022-02-11,347.059998
2022-02-14,347.48999
2022-02-15,356.130005
2022-02-16,356.040009
2022-02-17,345.450012
2022-02-18,341.51001
2022-02-22,338.079987
2022-02-23,329.420013
2022-02-24,340.48999
2022-02-25,345.769989
2022-02-28,346.799988
2022-03-01,341.48999
2022-03-02,347.22000099999997
2022-03-03,342.26001
2022-03-04,337.299988
2022-03-07,324.859985
2022-03-08,323.350006
2022-03-09,334.98999
2022-03-10,331.269989
2022-03-11,324.399994
2022-03-14,318.170013
2022-03-15,328.149994
2022-03-16,340.320007
2022-03-17,344.440002
2022-03-18,351.48999
2022-03-21,350.079987
2022-03-22,356.959991
2022-03-23,351.829987
2022-03-24,359.649994
2022-03-25,359.350006
